{
  "data":
  [
    {
      "id": 20,
      "appointment_id": 8,
      "sub_appointment_id": 2,
      "created_at": "2023-05-25 12:35:15",
      "updated_at": "2023-05-25 12:35:15"
    },
    {
      "id": 53,
      "appointment_id": 6,
      "sub_appointment_id": 1,
      "created_at": "2023-05-25 18:40:59",
      "updated_at": "2023-05-25 18:40:59"
    },
    {
      "id": 54,
      "appointment_id": 6,
      "sub_appointment_id": 2,
      "created_at": "2023-05-25 18:40:59",
      "updated_at": "2023-05-25 18:40:59"
    },
    {
      "id": 55,
      "appointment_id": 6,
      "sub_appointment_id": 3,
      "created_at": "2023-05-25 18:40:59",
      "updated_at": "2023-05-25 18:40:59"
    },
    {
      "id": 56,
      "appointment_id": 6,
      "sub_appointment_id": 4,
      "created_at": "2023-05-25 18:40:59",
      "updated_at": "2023-05-25 18:40:59"
    },
    {
      "id": 57,
      "appointment_id": 1,
      "sub_appointment_id": 5,
      "created_at": "2023-05-27 14:16:07",
      "updated_at": "2023-05-27 14:16:07"
    },
    {
      "id": 58,
      "appointment_id": 1,
      "sub_appointment_id": 8,
      "created_at": "2023-05-27 14:16:07",
      "updated_at": "2023-05-27 14:16:07"
    },
    {
      "id": 65,
      "appointment_id": 3,
      "sub_appointment_id": 6,
      "created_at": "2023-05-27 14:21:49",
      "updated_at": "2023-05-27 14:21:49"
    },
    {
      "id": 66,
      "appointment_id": 3,
      "sub_appointment_id": 7,
      "created_at": "2023-05-27 14:21:49",
      "updated_at": "2023-05-27 14:21:49"
    },
    {
      "id": 67,
      "appointment_id": 7,
      "sub_appointment_id": 5,
      "created_at": "2023-05-27 14:30:18",
      "updated_at": "2023-05-27 14:30:18"
    },
    {
      "id": 68,
      "appointment_id": 7,
      "sub_appointment_id": 6,
      "created_at": "2023-05-27 14:30:18",
      "updated_at": "2023-05-27 14:30:18"
    },
    {
      "id": 69,
      "appointment_id": 7,
      "sub_appointment_id": 7,
      "created_at": "2023-05-27 14:30:18",
      "updated_at": "2023-05-27 14:30:18"
    },
    {
      "id": 70,
      "appointment_id": 7,
      "sub_appointment_id": 8,
      "created_at": "2023-05-27 14:30:18",
      "updated_at": "2023-05-27 14:30:18"
    }
  ]
}