{"data":[{"id":1,"title":"{\"en_US\":\"Hair\",\"ar\":\"\\u0634\\u0639\\u0631\"}","status":1,"created_at":"2023-05-22 10:55:27","updated_at":"2023-05-22 10:57:24"},{"id":2,"title":"{\"en_US\":\"Shave\",\"ar\":\"\\u062d\\u0644\\u0627\\u0642\\u0629\"}","status":1,"created_at":"2023-05-22 10:55:48","updated_at":"2023-05-22 10:57:50"},{"id":3,"title":"{\"en_US\":\"Massage\",\"ar\":\"\\u062a\\u062f\\u0644\\u064a\\u0643\"}","status":1,"created_at":"2023-05-22 10:56:11","updated_at":"2023-05-22 10:58:06"}]}