{
  "data":
  [
    {
      "id": 1,
      "title": "{\"en_US\":\"Morning\"}",
      "status": 1,
      "created_at": "2023-05-21 15:40:58",
      "updated_at": "2023-05-21 15:40:58"
    },
    {
      "id": 2,
      "title": "{\"en_US\":\"Afternoon\"}",
      "status": 1,
      "created_at": "2023-05-21 15:41:06",
      "updated_at": "2023-05-21 15:41:06"
    },
    {
      "id": 3,
      "title": "{\"en_US\":\"Evening\"}",
      "status": 1,
      "created_at": "2023-05-21 15:41:10",
      "updated_at": "2023-05-21 15:41:10"
    },
    {
      "id": 4,
      "title": "{\"en_US\":\"kaka\"}",
      "status": 1,
      "created_at": "2023-05-27 15:13:00",
      "updated_at": "2023-05-27 15:13:00"
    }
  ]
}