{"data":[{"id":2,"appointment_category_id":1,"title":"{\"en_US\":\"Hair Cutting\",\"ar\":\"\\u062d\\u0644\\u0627\\u0642\\u0629 \\u0646\\u0636\\u064a\\u0641\\u0629\"}","status":1,"created_at":"2023-05-22 11:12:53","updated_at":"2023-05-22 12:05:56"},{"id":3,"appointment_category_id":1,"title":"{\"en_US\":\"Hair Color\",\"ar\":\"\u062a\u062f\u0644\u064a\u0643\"}","status":1,"created_at":"2023-05-22 11:13:07","updated_at":"2023-05-22 12:05:20"},{"id":4,"appointment_category_id":1,"title":"{\"en_US\":\"Hair Straight\",\"ar\":\"\u062d\u0644\u0627\u0642\u0629 \u0646\u0636\u064a\u0641\u0629\"}","status":1,"created_at":"2023-05-22 11:13:17","updated_at":"2023-05-22 12:05:46"},{"id":5,"appointment_category_id":2,"title":"{\"en_US\":\"Clean Shave\",\"ar\":\"\u062a\u062f\u0644\u064a\u0643\"}","status":1,"created_at":"2023-05-22 11:13:27","updated_at":"2023-05-22 12:08:49"},{"id":6,"appointment_category_id":2,"title":"{\"en_US\":\"Foam Shave\",\"ar\":\"\u062d\u0644\u0627\u0642\u0629 \u0646\u0636\u064a\u0641\u0629\"}","status":1,"created_at":"2023-05-22 11:13:35","updated_at":"2023-05-22 12:08:55"},{"id":7,"appointment_category_id":3,"title":"{\"en_US\":\"Foot Massage\",\"ar\":\"\u062d\u0644\u0627\u0642\u0629 \u0646\u0636\u064a\u0641\u0629\"}","status":1,"created_at":"2023-05-22 11:13:44","updated_at":"2023-05-22 12:09:02"},{"id":8,"appointment_category_id":3,"title":"{\"en_US\":\"Body Massage\",\"ar\":\"\u062d\u0644\u0627\u0642\u0629 \u0646\u0636\u064a\u0641\u0629\"}","status":1,"created_at":"2023-05-22 11:13:52","updated_at":"2023-05-22 12:09:18"}]}