{
  "data":
  [
    {
      "id": 1,
      "appointment_id": 8,
      "tax_type": "exclusive",
      "tax_amount": 10,
      "created_at": "2023-05-25 12:15:06",
      "updated_at": "2023-05-25 12:35:15"
    },
    {
      "id": 6,
      "appointment_id": 1,
      "tax_type": "exclusive",
      "tax_amount": 10,
      "created_at": "2023-05-25 12:44:00",
      "updated_at": "2023-05-25 14:05:48"
    },
    {
      "id": 7,
      "appointment_id": 6,
      "tax_type": "exclusive",
      "tax_amount": 10,
      "created_at": "2023-05-25 18:40:59",
      "updated_at": "2023-05-25 18:40:59"
    },
    {
      "id": 8,
      "appointment_id": 3,
      "tax_type": "exclusive",
      "tax_amount": 10,
      "created_at": "2023-05-27 14:21:49",
      "updated_at": "2023-05-27 14:21:49"
    },
    {
      "id": 9,
      "appointment_id": 7,
      "tax_type": "exclusive",
      "tax_amount": 10,
      "created_at": "2023-05-27 14:30:18",
      "updated_at": "2023-05-27 14:30:18"
    }
  ]
}