{"data":[{"id":1,"name":"{\"en_US\":\"New Arival\",\"azb\":\"\\u0642\\u0627\\u062f\\u0645 \\u062c\\u062f\\u064a\\u062f\"}","image":242,"for":null,"sale_count":null,"type":null,"status":"active","created_at":"2022-12-19 06:47:34","updated_at":"2023-01-03 11:37:50","deleted_at":null},{"id":2,"name":"{\"en_US\":\"100 Sales\",\"azb\":\"60 \\u0645\\u0628\\u064a\\u0639\\u0627\\u062a\"}","image":248,"for":null,"sale_count":null,"type":null,"status":"active","created_at":"2022-12-19 06:48:00","updated_at":"2023-01-03 11:37:38","deleted_at":null}]}