{"data":[{"id":1,"name":"{\"en\":\"Black\",\"en_US\":\"Black\",\"azb\":\"\\u0627\\u0644\\u0632\\u064a\\u062a\\u0648\\u0646 \\u0627\\u0644\\u0623\\u062e\\u0636\\u0631\"}","color_code":"#000000","slug":"black","created_at":"2022-12-19 07:08:45","updated_at":"2023-01-03 14:45:12"},{"id":2,"name":"{\"en\":\"Green Olive\",\"en_US\":\"Green Olive\",\"azb\":\"\\u0627\\u0644\\u0632\\u064a\\u062a\\u0648\\u0646 \\u0627\\u0644\\u0623\\u062e\\u0636\\u0631\"}","color_code":"#50cd37","slug":"olive","created_at":"2022-12-19 07:09:20","updated_at":"2023-01-03 14:45:04"},{"id":3,"name":"{\"en\":\"Gillian Clemons\",\"en_US\":\"Gillian Clemons\",\"azb\":\"\\u062c\\u064a\\u0644\\u064a\\u0627\\u0646 \\u0643\\u0644\\u064a\\u0645\\u0648\\u0646\\u0632\"}","color_code":"#4ba6ce","slug":"sky-blue","created_at":"2022-12-19 07:09:34","updated_at":"2023-01-03 14:44:54"},{"id":4,"name":"{\"en\":\"Violet Chen\",\"en_US\":\"Violet Chen\",\"azb\":\"\\u062a\\u0634\\u0646 \\u0627\\u0644\\u0628\\u0646\\u0641\\u0633\\u062c\"}","color_code":"#b042b8","slug":"purple","created_at":"2022-12-19 07:09:47","updated_at":"2023-01-03 14:44:44"},{"id":5,"name":"{\"en\":\"Yellow\",\"en_US\":\"Yellow\",\"azb\":\"\\u0623\\u0635\\u0641\\u0631\"}","color_code":"#e9d816","slug":"yellow","created_at":"2022-12-19 07:10:19","updated_at":"2023-01-03 14:44:01"},{"id":6,"name":"{\"en\":\"White\",\"en_US\":\"White\",\"azb\":\"\\u0623\\u0628\\u064a\\u0636\"}","color_code":"#ffffff","slug":"white","created_at":"2022-12-19 07:10:30","updated_at":"2023-01-03 14:43:50"}]}