{"data":[{"id":1,"icon":"las la-user","title":"{\"en_US\":\"7 Days Return\",\"azb\":\"7 \\u0623\\u064a\\u0627\\u0645 \\u0644\\u0644\\u0625\\u0631\\u062c\\u0627\\u0639\"}","sub_title":"{\"en_US\":\"Without any damage\",\"azb\":\"\\u0628\\u062f\\u0648\\u0646 \\u0623\\u064a \\u0636\\u0631\\u0631\"}","created_at":"2022-12-19 07:30:11","updated_at":"2023-01-03 15:39:51","deleted_at":null},{"id":2,"icon":"las la-user","title":"{\"en_US\":\"Free Shipping\",\"azb\":\"\\u0627u0644\\u0634\\u062d\\u0646 \\u0645\\u062c\\u0627\\u0646\\u0627\"}","sub_title":"{\"en_US\":\"Order over 100$\",\"azb\":\"\\u0627\\u0637\\u0644\\u0628 \\u0623\\u0643\\u062b\\u0631 \\u0645\\u0646 100 \\u062f\\u0648\\u0644\\u0627\\u0631\"}","created_at":"2022-12-19 07:30:26","updated_at":"2023-01-03 15:39:31","deleted_at":null},{"id":3,"icon":"las la-user","title":"{\"en_US\":\"Estimated Delivery\",\"azb\":\"\\u0627\\u0644\\u062a\\u0648\\u0635\\u064a\\u0644 \\u0627\\u0644\\u0645\\u062a\\u0648\\u0642\\u0639\"}","sub_title":"{\"en_US\":\"With 4 Days\",\"azb\":\"\\u0645\\u0639 4 \\u0623\\u064a\\u0627\\u0645\"}","created_at":"2022-12-19 07:30:40","updated_at":"2023-01-03 15:39:12","deleted_at":null}]}