{"data":[{"id":1,"name":"{\"en_US\":\"Baby\",\"azb\":\"\u0637\u0641\u0644\"}","slug":"baby","description":null,"image_id":null,"status_id":1,"created_at":"2023-05-27 17:12:16","updated_at":"2023-05-27 17:12:16","deleted_at":null},{"id":2,"name":"{\"en_US\":\"Woman\",\"azb\":\"\u0627\u0644\u0646\u0633\u0627\u0621\"}","slug":"woman","description":null,"image_id":null,"status_id":1,"created_at":"2023-05-27 17:12:16","updated_at":"2023-05-27 17:12:16","deleted_at":null},{"id":3,"name":"{\"en_US\":\"Man\",\"azb\":\"\u0631\u062c\u0644\"}","slug":"man","description":null,"image_id":null,"status_id":1,"created_at":"2023-05-27 17:12:16","updated_at":"2023-05-27 17:12:16","deleted_at":null},{"id":4,"name":"{\"en_US\":\"Bag & Laggage\",\"azb\":\"\u062d\u0642\u064a\u0628\u0629 \u0623\u0645\u062a\u0639\u0629\"}","slug":"bag-laggage","description":null,"image_id":null,"status_id":1,"created_at":"2023-05-27 17:12:16","updated_at":"2023-05-27 17:12:16","deleted_at":null},{"id":5,"name":"{\"en_US\":\"Shoes\",\"azb\":\"\u0623\u062d\u0630\u064a\u0629\"}","slug":"shoes","description":null,"image_id":null,"status_id":1,"created_at":"2023-05-27 17:12:16","updated_at":"2023-05-27 17:12:16","deleted_at":null},{"id":6,"name":"{\"en_US\":\"Beauty\",\"azb\":\"\u062c\u0645\u0627\u0644\"}","slug":"beauty","description":null,"image_id":null,"status_id":1,"created_at":"2023-05-27 17:12:16","updated_at":"2023-05-27 17:12:16","deleted_at":null},{"id":7,"name":"{\"en_US\":\"Clothing\",\"azb\":\"\u0645\u0644\u0627\u0628\u0633\"}","slug":"clothing","description":null,"image_id":null,"status_id":1,"created_at":"2023-05-27 17:12:16","updated_at":"2023-05-27 17:12:16","deleted_at":null},{"id":8,"name":"{\"en_US\":\"Accessories\",\"azb\":\"\u0645\u0633\u062a\u0644\u0632\u0645\u0627\u062a\"}","slug":"accessories","description":null,"image_id":null,"status_id":1,"created_at":"2023-05-27 17:12:16","updated_at":"2023-05-27 17:12:16","deleted_at":null},{"id":9,"name":"{\"en_US\":\"Al Ahsan\",\"azb\":\"\u0642\u0627\u062f\u0645 \u062c\u062f\u064a\u062f\"}","slug":"theme-1","description":"dfdf","image_id":null,"status_id":1,"created_at":"2023-05-27 17:12:16","updated_at":"2023-05-27 17:12:16","deleted_at":null},{"id":10,"name":"{\"en_US\":\"Bazbber Shop\"}","slug":"barber-shop","description":null,"image_id":null,"status_id":1,"created_at":"2023-05-29 10:31:36","updated_at":"2023-05-29 10:31:36","deleted_at":null}]}