{"data":[{"id":1,"category_id":7,"sub_category_id":7,"name":"{\"en_US\":\"Black Sohan\",\"azb\":\"\u0645\u0644\u0627\u0628\u0633 \u0647\u0646\u062f\u064a\u0629\"}","slug":"indian-cloths","description":null,"image_id":null,"created_at":"2023-05-27 17:12:16","updated_at":"2023-05-27 17:12:16","deleted_at":null,"status_id":1},{"id":2,"category_id":3,"sub_category_id":1,"name":"{\"en_US\":\"Pakistani Shirt\",\"azb\":\"\u0642\u0645\u064a\u0635 \u0628\u0627\u0643\u0633\u062a\u0627\u0646\u064a\"}","slug":"pakistani-shirt","description":null,"image_id":null,"created_at":"2023-05-27 17:12:16","updated_at":"2023-05-27 17:12:16","deleted_at":null,"status_id":1},{"id":3,"category_id":5,"sub_category_id":6,"name":"{\"en_US\":\"Chinese Shoes\",\"azb\":\"\u0623\u062d\u0630\u064a\u0629 \u0635\u064a\u0646\u064a\u0629\"}","slug":"chinese-shoes","description":null,"image_id":null,"created_at":"2023-05-27 17:12:16","updated_at":"2023-05-27 17:12:16","deleted_at":null,"status_id":1},{"id":4,"category_id":6,"sub_category_id":4,"name":"{\"en_US\":\"Fresh creams\",\"azb\":\"\u0643\u0631\u064a\u0645\u0627\u062a \u0637\u0627\u0632\u062c\u0629\"}","slug":"fresh-creams","description":null,"image_id":null,"created_at":"2023-05-27 17:12:16","updated_at":"2023-05-27 17:12:16","deleted_at":null,"status_id":1},{"id":5,"category_id":8,"sub_category_id":9,"name":"{\"en_US\":\"Gadgets\",\"azb\":\"\u0643\u0631\u064a\u0645\u0627\u062a \u0637\u0627\u0632\u062c\u0629\"}","slug":"gadgets","description":null,"image_id":null,"created_at":"2023-05-27 17:12:16","updated_at":"2023-05-27 17:12:16","deleted_at":null,"status_id":1},{"id":6,"category_id":6,"sub_category_id":4,"name":"{\"en_US\":\"Anyway Bag\",\"azb\":\"\u0639\u0644\u0649 \u0623\u064a \u062d\u0627\u0644 \u062d\u0642\u064a\u0628\u0629\"}","slug":"anyway-bag","description":null,"image_id":null,"created_at":"2023-05-27 17:12:16","updated_at":"2023-05-27 17:12:16","deleted_at":null,"status_id":1},{"id":7,"category_id":10,"sub_category_id":11,"name":"{\"en_US\":\"Wazbhing\"}","slug":"theme-1","description":null,"image_id":null,"created_at":"2023-05-29 10:35:40","updated_at":"2023-05-29 10:35:40","deleted_at":null,"status_id":1}]}