{"data":[{"id":1,"category_id":3,"name":"{\"en_US\":\"Man Collection\",\"azb\":\"\u062c\u0645\u0639 \u0627\u0644\u0631\u062c\u0644\"}","slug":"man-collection","description":"{\"en_US\":\"Test description\",\"azb\":\"\u062c\u0645\u0639 \u0627\u0644\u0631\u062c\u0644\"}","image_id":null,"created_at":"2023-05-27 17:12:16","updated_at":"2023-05-27 17:12:16","deleted_at":null,"status_id":1},{"id":2,"category_id":2,"name":"{\"en_US\":\"Women Collection\",\"azb\":\"\u062c\u0645\u0639 \u0627\u0644\u0646\u0633\u0627\u0621\"}","slug":"women-collection","description":"{\"en_US\":\"sfdsd\",\"azb\":\"\u062c\u0645\u0639 \u0627\u0644\u0646\u0633\u0627\u0621\"}","image_id":null,"created_at":"2023-05-27 17:12:16","updated_at":"2023-05-27 17:12:16","deleted_at":null,"status_id":1},{"id":3,"category_id":1,"name":"{\"en_US\":\"Baby Collection\",\"azb\":\"\u062c\u0645\u0639 \u0627\u0644\u0623\u0637\u0641\u0627\u0644\"}","slug":"baby-collection","description":"{\"en_US\":\"dd\",\"azb\":\"\u062c\u0645\u0639 \u0627\u0644\u0623\u0637\u0641\u0627\u0644\"}","image_id":null,"created_at":"2023-05-27 17:12:16","updated_at":"2023-05-27 17:12:16","deleted_at":null,"status_id":1},{"id":4,"category_id":6,"name":"{\"en_US\":\"Women Fen_UShion\",\"azb\":\"\u0623\u0632\u064a\u0627\u0621 \u0646\u0633\u0627\u0626\u064a\u0629\"}","slug":"women-fashion","description":"{\"en_US\":\"ded\",\"azb\":\"\u0623\u0632\u064a\u0627\u0621 \u0646\u0633\u0627\u0626\u064a\u0629\"}","image_id":null,"created_at":"2023-05-27 17:12:16","updated_at":"2023-05-27 17:12:16","deleted_at":null,"status_id":1},{"id":5,"category_id":4,"name":"{\"en_US\":\"Lather Items\",\"azb\":\"\u0645\u0648\u0627\u062f \u0631\u063a\u0648\u0629\"}","slug":"lather-items","description":"{\"en_US\":\"This is description\",\"azb\":\"\u0645\u0648\u0627\u062f \u0631\u063a\u0648\u0629\"}","image_id":null,"created_at":"2023-05-27 17:12:16","updated_at":"2023-05-27 17:12:16","deleted_at":null,"status_id":1},{"id":6,"category_id":5,"name":"{\"en_US\":\"Lofer\",\"azb\":\"\u0644\u0648\u0641\u0631\"}","slug":"lofer","description":"{\"en_US\":\"This is description\",\"azb\":\"\u0644\u0648\u0641\u0631\"}","image_id":null,"created_at":"2023-05-27 17:12:16","updated_at":"2023-05-27 17:12:16","deleted_at":null,"status_id":1},{"id":7,"category_id":7,"name":"{\"en_US\":\"Indian Cloths\",\"azb\":\"\u0645\u0644\u0627\u0628\u0633 \u0647\u0646\u062f\u064a\u0629\"}","slug":"indian-cloths","description":"{\"azb\":\"\u0645\u0644\u0627\u0628\u0633 \u0647\u0646\u062f\u064a\u0629\",\"en_US\":\"des\"}","image_id":null,"created_at":"2023-05-27 17:12:16","updated_at":"2023-05-27 17:12:16","deleted_at":null,"status_id":1},{"id":8,"category_id":3,"name":"{\"en_US\":\"Watch\",\"azb\":\"\u0631\u0627\u0642\u0628\"}","slug":"watch","description":"{\"en_US\":\"This is description\",\"azb\":\"\u0644\u0648\u0641\u0631\"}","image_id":null,"created_at":"2023-05-27 17:12:16","updated_at":"2023-05-27 17:12:16","deleted_at":null,"status_id":1},{"id":9,"category_id":8,"name":"{\"en_US\":\"Headphones\",\"azb\":\"\u0633\u0645\u0627\u0639\u0629\"}","slug":"headphones","description":"{\"en_US\":\"This is description\",\"azb\":\"\u0633\u0645\u0627\u0639\u0629\"}","image_id":null,"created_at":"2023-05-27 17:12:16","updated_at":"2023-05-27 17:12:16","deleted_at":null,"status_id":1},{"id":10,"category_id":8,"name":"{\"en_US\":\"Test\",\"azb\":\"\u0637\u0641\u0644\"}","slug":"test","description":"{\"en_US\":\"sssss\",\"azb\":\"\u0647\u0630\u0627 \u0648\u0635\u0641\"}","image_id":null,"created_at":"2023-05-27 17:12:16","updated_at":"2023-05-27 17:12:16","deleted_at":null,"status_id":1},{"id":11,"category_id":10,"name":"{\"en_US\":\"Saloon items\"}","slug":"saloon-items","description":"{\"en_US\":null}","image_id":null,"created_at":"2023-05-29 10:32:04","updated_at":"2023-05-29 10:32:04","deleted_at":null,"status_id":1}]}