{"data":[{"id":1,"product_id":1,"shipping_return_description":"{\"en_US\":\"We azbe very much greatful to you for your donation. Your little effort help us to change big community life I must explain to you how all this mistaken idea of denouncing pleen_USure and praising pain wen_US azbrn and I will give you a complete account of the system, and expound the actual teachings of the great explorer of the truth, the men_USter-builder of human happiness. No one rejects, dislikes, or avoids pleen_USure itself, beazbuse it is pleen_USure, but beazbuse those who do not know how to pursue pleen_USure rationally We azbe very much greatful to you for your donation. Your little effort help us to change big community life I must explain to you how all this mistaken idea of denouncing pleen_USure and praising pain wen_US azbrn and I will give you a complete account of the system, and expound the actual . I must explain to you how all this mistaken idea of denouncing pleen_USure . We azbe very much greatful to you for your donation. Your little effort help us to change big community life I must explain to you how all this mistaken idea of denouncing pleen_USure and praising pain wen_US azbrn and I will give you a complete account of the system, and expound the actual . I must explain to you how all this mistaken idea of denouncing pleen_USure . We azbe very much greatful to you for your donation. Your little effort help us to change big community life I must explain to you how all this mistaken idea of denouncing pleen_USure and praising pain wen_US azbrn and I will give you a complete account of the system, and expound the actual . I must explain to you how all this mistaken idea of denouncing pleen_USure . We azbe very much greatful to you for your donation. Your little effort help us to change big community life I must explain to you how all this mistaken idea of denouncing pleen_USure and praising pain wen_US azbrn and I will give you a complete account of the system, and expound the actual . I must explain to you how all this mistaken idea of denouncing pleen_USure\",\"azb\":\"\\u0646\\u062d\\u0646 \\u0645\\u0645\\u062a\\u0646\\u0648\\u0646 \\u062c\\u062f\\u064b\\u0627 \\u0644\\u0643 \\u0639\\u0644\\u0649 \\u062a\\u0628\\u0631\\u0639\\u0643. \\u064a\\u0633\\u0627\\u0639\\u062f\\u0646\\u0627 \\u0645\\u062c\\u0647\\u0648\\u062f\\u0643 \\u0627\\u0644\\u0635\\u063a\\u064a\\u0631 \\u0641\\u064a \\u062a\\u063a\\u064a\\u064a\\u0631 \\u0627\\u0644\\u062d\\u064a\\u0627\\u0629 \\u0627\\u0644\\u0645\\u062c\\u062a\\u0645\\u0639\\u064a\\u0629 \\u0627\\u0644\\u0643\\u0628\\u064a\\u0631\\u0629 \\u060c \\u0648\\u064a\\u062c\\u0628 \\u0623\\u0646 \\u0623\\u0634\\u0631\\u062d \\u0644\\u0643 \\u0643\\u064a\\u0641 \\u0648\\u0644\\u062f\\u062a \\u0643\\u0644 \\u0647\\u0630\\u0647 \\u0627\\u0644\\u0641\\u0643\\u0631\\u0629 \\u0627\\u0644\\u062e\\u0627\\u0637\\u0626\\u0629 \\u0627\\u0644\\u0645\\u062a\\u0645\\u062b\\u0644\\u0629 \\u0641\\u064a \\u0625\\u062f\\u0627\\u0646\\u0629 \\u0627\\u0644\\u0645\\u062a\\u0639\\u0629 \\u0648\\u0645\\u062f\\u062d \\u0627\\u0644\\u0623\\u0644\\u0645 \\u060c \\u0648\\u0633\\u0623\\u0642\\u062f\\u0645 \\u0644\\u0643 \\u0648\\u0635\\u0641\\u064b\\u0627 \\u0643\\u0627\\u0645\\u0644\\u0627\\u064b \\u0644\\u0644\\u0646\\u0638\\u0627\\u0645 \\u060c \\u0648\\u0623\\u0634\\u0631\\u062d \\u0627\\u0644\\u062a\\u0639\\u0627\\u0644\\u064a\\u0645 \\u0627\\u0644\\u0641\\u0639\\u0644\\u064a\\u0629 \\u0644\\u0644\\u0645\\u0633\\u062a\\u0643\\u0634\\u0641 \\u0627\\u0644\\u0639\\u0638\\u064a\\u0645. \\u0627\\u0644\\u062d\\u0642\\u064a\\u0642\\u0629 \\u060c \\u0635\\u0627\\u0646\\u0639 \\u0627\\u0644\\u0633\\u0639\\u0627\\u062f\\u0629 \\u0627\\u0644\\u0628\\u0634\\u0631\\u064a\\u0629. \\u0644\\u0627 \\u0623\\u062d\\u062f \\u064a\\u0631\\u0641\\u0636 \\u0623\\u0648 \\u064a\\u0643\\u0631\\u0647 \\u0623\\u0648 \\u064a\\u062a\\u062c\\u0646\\u0628 \\u0627\\u0644\\u0645\\u062a\\u0639\\u0629 \\u0646\\u0641\\u0633\\u0647\\u0627 \\u060c \\u0644\\u0623\\u0646\\u0647\\u0627 \\u0645\\u062a\\u0639\\u0629 \\u060c \\u0648\\u0644\\u0643\\u0646 \\u0644\\u0623\\u0646 \\u0623\\u0648\\u0644\\u0626\\u0643 \\u0627\\u0644\\u0630\\u064a\\u0646 \\u0644\\u0627 \\u064a\\u0639\\u0631\\u0641\\u0648\\u0646 \\u0643\\u064a\\u0641 \\u064a\\u0633\\u0639\\u0648\\u0646 \\u0648\\u0631\\u0627\\u0621 \\u0627\\u0644\\u0645\\u062a\\u0639\\u0629 \\u0628\\u0639\\u0642\\u0644\\u0627\\u0646\\u064a\\u0629 \\u0646\\u062d\\u0646 \\u0645\\u0645\\u062a\\u0646\\u0648\\u0646 \\u062c\\u062f\\u064b\\u0627 \\u0644\\u0643 \\u0639\\u0644\\u0649 \\u062a\\u0628\\u0631\\u0639\\u0643. \\u064a\\u0633\\u0627\\u0639\\u062f\\u0646\\u0627 \\u0645\\u062c\\u0647\\u0648\\u062f\\u0643 \\u0627\\u0644\\u0635\\u063a\\u064a\\u0631 \\u0641\\u064a \\u062a\\u063a\\u064a\\u064a\\u0631 \\u0627\\u0644\\u062d\\u064a\\u0627\\u0629 \\u0627\\u0644\\u0645\\u062c\\u062a\\u0645\\u0639\\u064a\\u0629 \\u0627\\u0644\\u0643\\u0628\\u064a\\u0631\\u0629 \\u060c \\u0648\\u064a\\u062c\\u0628 \\u0623\\u0646 \\u0623\\u0634\\u0631\\u062d \\u0644\\u0643 \\u0643\\u064a\\u0641 \\u0648\\u0644\\u062f\\u062a \\u0643\\u0644 \\u0647\\u0630\\u0647 \\u0627\\u0644\\u0641\\u0643\\u0631\\u0629 \\u0627\\u0644\\u062e\\u0627\\u0637\\u0626\\u0629 \\u0627\\u0644\\u0645\\u062a\\u0645\\u062b\\u0644\\u0629 \\u0641\\u064a \\u0625\\u062f\\u0627\\u0646\\u0629 \\u0627\\u0644\\u0645\\u062a\\u0639\\u0629 \\u0648\\u0645\\u062f\\u062d \\u0627\\u0644\\u0623\\u0644\\u0645 \\u060c \\u0648\\u0633\\u0623\\u0642\\u062f\\u0645 \\u0644\\u0643 \\u0648\\u0635\\u0641\\u064b\\u0627 \\u0643\\u0627\\u0645\\u0644\\u0627\\u064b \\u0644\\u0644\\u0646\\u0638\\u0627\\u0645 \\u060c \\u0648\\u0623\\u0634\\u0631\\u062d \\u0644\\u0643 \\u062d\\u0642\\u064a\\u0642\\u0629 \\u0627\\u0644\\u0623\\u0645\\u0631. \\u064a\\u062c\\u0628 \\u0623\\u0646 \\u0623\\u0634\\u0631\\u062d \\u0644\\u0643 \\u0643\\u064a\\u0641 \\u0643\\u0644 \\u0647\\u0630\\u0647 \\u0627\\u0644\\u0641\\u0643\\u0631\\u0629 \\u0627\\u0644\\u062e\\u0627\\u0637\\u0626\\u0629 \\u0644\\u0644\\u062a\\u0646\\u062f\\u064a\\u062f \\u0628\\u0627\\u0644\\u0644\\u0630\\u0629. \\u0646\\u062d\\u0646 \\u0645\\u0645\\u062a\\u0646\\u0648\\u0646 \\u062c\\u062f\\u064b\\u0627 \\u0644\\u0643 \\u0639\\u0644\\u0649 \\u062a\\u0628\\u0631\\u0639\\u0643. \\u064a\\u0633\\u0627\\u0639\\u062f\\u0646\\u0627 \\u0645\\u062c\\u0647\\u0648\\u062f\\u0643 \\u0627\\u0644\\u0635\\u063a\\u064a\\u0631 \\u0641\\u064a \\u062a\\u063a\\u064a\\u064a\\u0631 \\u0627\\u0644\\u062d\\u064a\\u0627\\u0629 \\u0627\\u0644\\u0645\\u062c\\u062a\\u0645\\u0639\\u064a\\u0629 \\u0627\\u0644\\u0643\\u0628\\u064a\\u0631\\u0629 \\u060c \\u0648\\u064a\\u062c\\u0628 \\u0623\\u0646 \\u0623\\u0634\\u0631\\u062d \\u0644\\u0643 \\u0643\\u064a\\u0641 \\u0648\\u0644\\u062f\\u062a \\u0643\\u0644 \\u0647\\u0630\\u0647 \\u0627\\u0644\\u0641\\u0643\\u0631\\u0629 \\u0627\\u0644\\u062e\\u0627\\u0637\\u0626\\u0629 \\u0627\\u0644\\u0645\\u062a\\u0645\\u062b\\u0644\\u0629 \\u0641\\u064a \\u0625\\u062f\\u0627\\u0646\\u0629 \\u0627\\u0644\\u0645\\u062a\\u0639\\u0629 \\u0648\\u0645\\u062f\\u062d \\u0627\\u0644\\u0623\\u0644\\u0645 \\u060c \\u0648\\u0633\\u0623\\u0642\\u062f\\u0645 \\u0644\\u0643 \\u0648\\u0635\\u0641\\u064b\\u0627 \\u0643\\u0627\\u0645\\u0644\\u0627\\u064b \\u0644\\u0644\\u0646\\u0638\\u0627\\u0645 \\u060c \\u0648\\u0623\\u0634\\u0631\\u062d \\u0644\\u0643 \\u062d\\u0642\\u064a\\u0642\\u0629 \\u0627\\u0644\\u0623\\u0645\\u0631. \\u064a\\u062c\\u0628 \\u0623\\u0646 \\u0623\\u0634\\u0631\\u062d \\u0644\\u0643 \\u0643\\u064a\\u0641 \\u0643\\u0644 \\u0647\\u0630\\u0647 \\u0627\\u0644\\u0641\\u0643\\u0631\\u0629 \\u0627\\u0644\\u062e\\u0627\\u0637\\u0626\\u0629 \\u0644\\u0644\\u062a\\u0646\\u062f\\u064a\\u062f \\u0628\\u0627\\u0644\\u0644\\u0630\\u0629. \\u0646\\u062d\\u0646 \\u0645\\u0645\\u062a\\u0646\\u0648\\u0646 \\u062c\\u062f\\u064b\\u0627 \\u0644\\u0643 \\u0639\\u0644\\u0649 \\u062a\\u0628\\u0631\\u0639\\u0643. \\u064a\\u0633\\u0627\\u0639\\u062f\\u0646\\u0627 \\u0645\\u062c\\u0647\\u0648\\u062f\\u0643 \\u0627\\u0644\\u0635\\u063a\\u064a\\u0631 \\u0641\\u064a \\u062a\\u063a\\u064a\\u064a\\u0631 \\u0627\\u0644\\u062d\\u064a\\u0627\\u0629 \\u0627\\u0644\\u0645\\u062c\\u062a\\u0645\\u0639\\u064a\\u0629 \\u0627\\u0644\\u0643\\u0628\\u064a\\u0631\\u0629 \\u060c \\u0648\\u064a\\u062c\\u0628 \\u0623\\u0646 \\u0623\\u0634\\u0631\\u062d \\u0644\\u0643 \\u0643\\u064a\\u0641 \\u0648\\u0644\\u062f\\u062a \\u0643\\u0644 \\u0647\\u0630\\u0647 \\u0627\\u0644\\u0641\\u0643\\u0631\\u0629 \\u0627\\u0644\\u062e\\u0627\\u0637\\u0626\\u0629 \\u0627\\u0644\\u0645\\u062a\\u0645\\u062b\\u0644\\u0629 \\u0641\\u064a \\u0625\\u062f\\u0627\\u0646\\u0629 \\u0627\\u0644\\u0645\\u062a\\u0639\\u0629 \\u0648\\u0645\\u062f\\u062d \\u0627\\u0644\\u0623\\u0644\\u0645 \\u060c \\u0648\\u0633\\u0623\\u0642\\u062f\\u0645 \\u0644\\u0643 \\u0648\\u0635\\u0641\\u064b\\u0627 \\u0643\\u0627\\u0645\\u0644\\u0627\\u064b \\u0644\\u0644\\u0646\\u0638\\u0627\\u0645 \\u060c \\u0648\\u0623\\u0634\\u0631\\u062d \\u0644\\u0643 \\u062d\\u0642\\u064a\\u0642\\u0629 \\u0627\\u0644\\u0623\\u0645\\u0631. \\u064a\\u062c\\u0628 \\u0623\\u0646 \\u0623\\u0634\\u0631\\u062d \\u0644\\u0643 \\u0643\\u064a\\u0641 \\u0643\\u0644 \\u0647\\u0630\\u0647 \\u0627\\u0644\\u0641\\u0643\\u0631\\u0629 \\u0627\\u0644\\u062e\\u0627\\u0637\\u0626\\u0629 \\u0644\\u0644\\u062a\\u0646\\u062f\\u064a\\u062f \\u0628\\u0627\\u0644\\u0644\\u0630\\u0629. \\u0646\\u062d\\u0646 \\u0645\\u0645\\u062a\\u0646\\u0648\\u0646 \\u062c\\u062f\\u064b\\u0627 \\u0644\\u0643 \\u0639\\u0644\\u0649 \\u062a\\u0628\\u0631\\u0639\\u0643. \\u064a\\u0633\\u0627\\u0639\\u062f\\u0646\\u0627 \\u0645\\u062c\\u0647\\u0648\\u062f\\u0643 \\u0627\\u0644\\u0635\\u063a\\u064a\\u0631 \\u0641\\u064a \\u062a\\u063a\\u064a\\u064a\\u0631 \\u0627\\u0644\\u062d\\u064a\\u0627\\u0629 \\u0627\\u0644\\u0645\\u062c\\u062a\\u0645\\u0639\\u064a\\u0629 \\u0627\\u0644\\u0643\\u0628\\u064a\\u0631\\u0629 \\u060c \\u0648\\u064a\\u062c\\u0628 \\u0623\\u0646 \\u0623\\u0634\\u0631\\u062d \\u0644\\u0643 \\u0643\\u064a\\u0641 \\u0648\\u0644\\u062f\\u062a \\u0643\\u0644 \\u0647\\u0630\\u0647 \\u0627\\u0644\\u0641\\u0643\\u0631\\u0629 \\u0627\\u0644\\u062e\\u0627\\u0637\\u0626\\u0629 \\u0627\\u0644\\u0645\\u062a\\u0645\\u062b\\u0644\\u0629 \\u0641\\u064a \\u0625\\u062f\\u0627\\u0646\\u0629 \\u0627\\u0644\\u0645\\u062a\\u0639\\u0629 \\u0648\\u0645\\u062f\\u062d \\u0627\\u0644\\u0623\\u0644\\u0645 \\u060c \\u0648\\u0633\\u0623\\u0642\\u062f\\u0645 \\u0644\\u0643 \\u0648\\u0635\\u0641\\u064b\\u0627 \\u0643\\u0627\\u0645\\u0644\\u0627\\u064b \\u0644\\u0644\\u0646\\u0638\\u0627\\u0645 \\u060c \\u0648\\u0623\\u0634\\u0631\\u062d \\u0644\\u0643 \\u062d\\u0642\\u064a\\u0642\\u0629 \\u0627\\u0644\\u0623\\u0645\\u0631. \\u064a\\u062c\\u0628 \\u0623\\u0646 \\u0623\\u0634\\u0631\\u062d \\u0644\\u0643 \\u0643\\u064a\\u0641 \\u0643\\u0644 \\u0647\\u0630\\u0647 \\u0627\\u0644\\u0641\\u0643\\u0631\\u0629 \\u0627\\u0644\\u062e\\u0627\\u0637\\u0626\\u0629 \\u0644\\u0644\\u062a\\u0646\\u062f\\u064a\\u062f \\u0628\\u0627\\u0644\\u0644\\u0630\\u0629\"}","created_at":"2022-12-19 08:50:30","updated_at":"2023-04-29 18:55:08"},{"id":3,"product_id":7,"shipping_return_description":"{\"en_US\":\"We azbe very much greatful to you for your donation. Your little effort help us to change big community life I must explain to you how all this mistaken idea of denouncing pleen_USure and praising pain wen_US azbrn and I will give you a complete account of the system, and expound the actual teachings of the great explorer of the truth, the men_USter-builder of human happiness. No one rejects, dislikes, or avoids pleen_USure itself, beazbuse it is pleen_USure, but beazbuse those who do not know how to pursue pleen_USure rationally We azbe very much greatful to you for your donation. Your little effort help us to change big community life I must explain to you how all this mistaken idea of denouncing pleen_USure and praising pain wen_US azbrn and I will give you a complete account of the system, and expound the actual . I must explain to you how all this mistaken idea of denouncing pleen_USure . We azbe very much greatful to you for your donation. Your little effort help us to change big community life I must explain to you how all this mistaken idea of denouncing pleen_USure and praising pain wen_US azbrn and I will give you a complete account of the system, and expound the actual . I must explain to you how all this mistaken idea of denouncing pleen_USure . We azbe very much greatful to you for your donation. Your little effort help us to change big community life I must explain to you how all this mistaken idea of denouncing pleen_USure and praising pain wen_US azbrn and I will give you a complete account of the system, and expound the actual . I must explain to you how all this mistaken idea of denouncing pleen_USure . We azbe very much greatful to you for your donation. Your little effort help us to change big community life I must explain to you how all this mistaken idea of denouncing pleen_USure and praising pain wen_US azbrn and I will give you a complete account of the system, and expound the actual . I must explain to you how all this mistaken idea of denouncing pleen_USure\",\"azb\":\"\\u0646\\u062d\\u0646 \\u0645\\u0645\\u062a\\u0646\\u0648\\u0646 \\u062c\\u062f\\u064b\\u0627 \\u0644\\u0643 \\u0639\\u0644\\u0649 \\u062a\\u0628\\u0631\\u0639\\u0643. \\u064a\\u0633\\u0627\\u0639\\u062f\\u0646\\u0627 \\u0645\\u062c\\u0647\\u0648\\u062f\\u0643 \\u0627\\u0644\\u0635\\u063a\\u064a\\u0631 \\u0641\\u064a \\u062a\\u063a\\u064a\\u064a\\u0631 \\u0627\\u0644\\u062d\\u064a\\u0627\\u0629 \\u0627\\u0644\\u0645\\u062c\\u062a\\u0645\\u0639\\u064a\\u0629 \\u0627\\u0644\\u0643\\u0628\\u064a\\u0631\\u0629 \\u060c \\u0648\\u064a\\u062c\\u0628 \\u0623\\u0646 \\u0623\\u0634\\u0631\\u062d \\u0644\\u0643 \\u0643\\u064a\\u0641 \\u0648\\u0644\\u062f\\u062a \\u0643\\u0644 \\u0647\\u0630\\u0647 \\u0627\\u0644\\u0641\\u0643\\u0631\\u0629 \\u0627\\u0644\\u062e\\u0627\\u0637\\u0626\\u0629 \\u0627\\u0644\\u0645\\u062a\\u0645\\u062b\\u0644\\u0629 \\u0641\\u064a \\u0625\\u062f\\u0627\\u0646\\u0629 \\u0627\\u0644\\u0645\\u062a\\u0639\\u0629 \\u0648\\u0645\\u062f\\u062d \\u0627\\u0644\\u0623\\u0644\\u0645 \\u060c \\u0648\\u0633\\u0623\\u0642\\u062f\\u0645 \\u0644\\u0643 \\u0648\\u0635\\u0641\\u064b\\u0627 \\u0643\\u0627\\u0645\\u0644\\u0627\\u064b \\u0644\\u0644\\u0646\\u0638\\u0627\\u0645 \\u060c \\u0648\\u0623\\u0634\\u0631\\u062d \\u0627\\u0644\\u062a\\u0639\\u0627\\u0644\\u064a\\u0645 \\u0627\\u0644\\u0641\\u0639\\u0644\\u064a\\u0629 \\u0644\\u0644\\u0645\\u0633\\u062a\\u0643\\u0634\\u0641 \\u0627\\u0644\\u0639\\u0638\\u064a\\u0645. \\u0627\\u0644\\u062d\\u0642\\u064a\\u0642\\u0629 \\u060c \\u0635\\u0627\\u0646\\u0639 \\u0627\\u0644\\u0633\\u0639\\u0627\\u062f\\u0629 \\u0627\\u0644\\u0628\\u0634\\u0631\\u064a\\u0629. \\u0644\\u0627 \\u0623\\u062d\\u062f \\u064a\\u0631\\u0641\\u0636 \\u0623\\u0648 \\u064a\\u0643\\u0631\\u0647 \\u0623\\u0648 \\u064a\\u062a\\u062c\\u0646\\u0628 \\u0627\\u0644\\u0645\\u062a\\u0639\\u0629 \\u0646\\u0641\\u0633\\u0647\\u0627 \\u060c \\u0644\\u0623\\u0646\\u0647\\u0627 \\u0645\\u062a\\u0639\\u0629 \\u060c \\u0648\\u0644\\u0643\\u0646 \\u0644\\u0623\\u0646 \\u0623\\u0648\\u0644\\u0626\\u0643 \\u0627\\u0644\\u0630\\u064a\\u0646 \\u0644\\u0627 \\u064a\\u0639\\u0631\\u0641\\u0648\\u0646 \\u0643\\u064a\\u0641 \\u064a\\u0633\\u0639\\u0648\\u0646 \\u0648\\u0631\\u0627\\u0621 \\u0627\\u0644\\u0645\\u062a\\u0639\\u0629 \\u0628\\u0639\\u0642\\u0644\\u0627\\u0646\\u064a\\u0629 \\u0646\\u062d\\u0646 \\u0645\\u0645\\u062a\\u0646\\u0648\\u0646 \\u062c\\u062f\\u064b\\u0627 \\u0644\\u0643 \\u0639\\u0644\\u0649 \\u062a\\u0628\\u0631\\u0639\\u0643. \\u064a\\u0633\\u0627\\u0639\\u062f\\u0646\\u0627 \\u0645\\u062c\\u0647\\u0648\\u062f\\u0643 \\u0627\\u0644\\u0635\\u063a\\u064a\\u0631 \\u0641\\u064a \\u062a\\u063a\\u064a\\u064a\\u0631 \\u0627\\u0644\\u062d\\u064a\\u0627\\u0629 \\u0627\\u0644\\u0645\\u062c\\u062a\\u0645\\u0639\\u064a\\u0629 \\u0627\\u0644\\u0643\\u0628\\u064a\\u0631\\u0629 \\u060c \\u0648\\u064a\\u062c\\u0628 \\u0623\\u0646 \\u0623\\u0634\\u0631\\u062d \\u0644\\u0643 \\u0643\\u064a\\u0641 \\u0648\\u0644\\u062f\\u062a \\u0643\\u0644 \\u0647\\u0630\\u0647 \\u0627\\u0644\\u0641\\u0643\\u0631\\u0629 \\u0627\\u0644\\u062e\\u0627\\u0637\\u0626\\u0629 \\u0627\\u0644\\u0645\\u062a\\u0645\\u062b\\u0644\\u0629 \\u0641\\u064a \\u0625\\u062f\\u0627\\u0646\\u0629 \\u0627\\u0644\\u0645\\u062a\\u0639\\u0629 \\u0648\\u0645\\u062f\\u062d \\u0627\\u0644\\u0623\\u0644\\u0645 \\u060c \\u0648\\u0633\\u0623\\u0642\\u062f\\u0645 \\u0644\\u0643 \\u0648\\u0635\\u0641\\u064b\\u0627 \\u0643\\u0627\\u0645\\u0644\\u0627\\u064b \\u0644\\u0644\\u0646\\u0638\\u0627\\u0645 \\u060c \\u0648\\u0623\\u0634\\u0631\\u062d \\u0644\\u0643 \\u062d\\u0642\\u064a\\u0642\\u0629 \\u0627\\u0644\\u0623\\u0645\\u0631. \\u064a\\u062c\\u0628 \\u0623\\u0646 \\u0623\\u0634\\u0631\\u062d \\u0644\\u0643 \\u0643\\u064a\\u0641 \\u0643\\u0644 \\u0647\\u0630\\u0647 \\u0627\\u0644\\u0641\\u0643\\u0631\\u0629 \\u0627\\u0644\\u062e\\u0627\\u0637\\u0626\\u0629 \\u0644\\u0644\\u062a\\u0646\\u062f\\u064a\\u062f \\u0628\\u0627\\u0644\\u0644\\u0630\\u0629. \\u0646\\u062d\\u0646 \\u0645\\u0645\\u062a\\u0646\\u0648\\u0646 \\u062c\\u062f\\u064b\\u0627 \\u0644\\u0643 \\u0639\\u0644\\u0649 \\u062a\\u0628\\u0631\\u0639\\u0643. \\u064a\\u0633\\u0627\\u0639\\u062f\\u0646\\u0627 \\u0645\\u062c\\u0647\\u0648\\u062f\\u0643 \\u0627\\u0644\\u0635\\u063a\\u064a\\u0631 \\u0641\\u064a \\u062a\\u063a\\u064a\\u064a\\u0631 \\u0627\\u0644\\u062d\\u064a\\u0627\\u0629 \\u0627\\u0644\\u0645\\u062c\\u062a\\u0645\\u0639\\u064a\\u0629 \\u0627\\u0644\\u0643\\u0628\\u064a\\u0631\\u0629 \\u060c \\u0648\\u064a\\u062c\\u0628 \\u0623\\u0646 \\u0623\\u0634\\u0631\\u062d \\u0644\\u0643 \\u0643\\u064a\\u0641 \\u0648\\u0644\\u062f\\u062a \\u0643\\u0644 \\u0647\\u0630\\u0647 \\u0627\\u0644\\u0641\\u0643\\u0631\\u0629 \\u0627\\u0644\\u062e\\u0627\\u0637\\u0626\\u0629 \\u0627\\u0644\\u0645\\u062a\\u0645\\u062b\\u0644\\u0629 \\u0641\\u064a \\u0625\\u062f\\u0627\\u0646\\u0629 \\u0627\\u0644\\u0645\\u062a\\u0639\\u0629 \\u0648\\u0645\\u062f\\u062d \\u0627\\u0644\\u0623\\u0644\\u0645 \\u060c \\u0648\\u0633\\u0623\\u0642\\u062f\\u0645 \\u0644\\u0643 \\u0648\\u0635\\u0641\\u064b\\u0627 \\u0643\\u0627\\u0645\\u0644\\u0627\\u064b \\u0644\\u0644\\u0646\\u0638\\u0627\\u0645 \\u060c \\u0648\\u0623\\u0634\\u0631\\u062d \\u0644\\u0643 \\u062d\\u0642\\u064a\\u0642\\u0629 \\u0627\\u0644\\u0623\\u0645\\u0631. \\u064a\\u062c\\u0628 \\u0623\\u0646 \\u0623\\u0634\\u0631\\u062d \\u0644\\u0643 \\u0643\\u064a\\u0641 \\u0643\\u0644 \\u0647\\u0630\\u0647 \\u0627\\u0644\\u0641\\u0643\\u0631\\u0629 \\u0627\\u0644\\u062e\\u0627\\u0637\\u0626\\u0629 \\u0644\\u0644\\u062a\\u0646\\u062f\\u064a\\u062f \\u0628\\u0627\\u0644\\u0644\\u0630\\u0629. \\u0646\\u062d\\u0646 \\u0645\\u0645\\u062a\\u0646\\u0648\\u0646 \\u062c\\u062f\\u064b\\u0627 \\u0644\\u0643 \\u0639\\u0644\\u0649 \\u062a\\u0628\\u0631\\u0639\\u0643. \\u064a\\u0633\\u0627\\u0639\\u062f\\u0646\\u0627 \\u0645\\u062c\\u0647\\u0648\\u062f\\u0643 \\u0627\\u0644\\u0635\\u063a\\u064a\\u0631 \\u0641\\u064a \\u062a\\u063a\\u064a\\u064a\\u0631 \\u0627\\u0644\\u062d\\u064a\\u0627\\u0629 \\u0627\\u0644\\u0645\\u062c\\u062a\\u0645\\u0639\\u064a\\u0629 \\u0627\\u0644\\u0643\\u0628\\u064a\\u0631\\u0629 \\u060c \\u0648\\u064a\\u062c\\u0628 \\u0623\\u0646 \\u0623\\u0634\\u0631\\u062d \\u0644\\u0643 \\u0643\\u064a\\u0641 \\u0648\\u0644\\u062f\\u062a \\u0643\\u0644 \\u0647\\u0630\\u0647 \\u0627\\u0644\\u0641\\u0643\\u0631\\u0629 \\u0627\\u0644\\u062e\\u0627\\u0637\\u0626\\u0629 \\u0627\\u0644\\u0645\\u062a\\u0645\\u062b\\u0644\\u0629 \\u0641\\u064a \\u0625\\u062f\\u0627\\u0646\\u0629 \\u0627\\u0644\\u0645\\u062a\\u0639\\u0629 \\u0648\\u0645\\u062f\\u062d \\u0627\\u0644\\u0623\\u0644\\u0645 \\u060c \\u0648\\u0633\\u0623\\u0642\\u062f\\u0645 \\u0644\\u0643 \\u0648\\u0635\\u0641\\u064b\\u0627 \\u0643\\u0627\\u0645\\u0644\\u0627\\u064b \\u0644\\u0644\\u0646\\u0638\\u0627\\u0645 \\u060c \\u0648\\u0623\\u0634\\u0631\\u062d \\u0644\\u0643 \\u062d\\u0642\\u064a\\u0642\\u0629 \\u0627\\u0644\\u0623\\u0645\\u0631. \\u064a\\u062c\\u0628 \\u0623\\u0646 \\u0623\\u0634\\u0631\\u062d \\u0644\\u0643 \\u0643\\u064a\\u0641 \\u0643\\u0644 \\u0647\\u0630\\u0647 \\u0627\\u0644\\u0641\\u0643\\u0631\\u0629 \\u0627\\u0644\\u062e\\u0627\\u0637\\u0626\\u0629 \\u0644\\u0644\\u062a\\u0646\\u062f\\u064a\\u062f \\u0628\\u0627\\u0644\\u0644\\u0630\\u0629. \\u0646\\u062d\\u0646 \\u0645\\u0645\\u062a\\u0646\\u0648\\u0646 \\u062c\\u062f\\u064b\\u0627 \\u0644\\u0643 \\u0639\\u0644\\u0649 \\u062a\\u0628\\u0631\\u0639\\u0643. \\u064a\\u0633\\u0627\\u0639\\u062f\\u0646\\u0627 \\u0645\\u062c\\u0647\\u0648\\u062f\\u0643 \\u0627\\u0644\\u0635\\u063a\\u064a\\u0631 \\u0641\\u064a \\u062a\\u063a\\u064a\\u064a\\u0631 \\u0627\\u0644\\u062d\\u064a\\u0627\\u0629 \\u0627\\u0644\\u0645\\u062c\\u062a\\u0645\\u0639\\u064a\\u0629 \\u0627\\u0644\\u0643\\u0628\\u064a\\u0631\\u0629 \\u060c \\u0648\\u064a\\u062c\\u0628 \\u0623\\u0646 \\u0623\\u0634\\u0631\\u062d \\u0644\\u0643 \\u0643\\u064a\\u0641 \\u0648\\u0644\\u062f\\u062a \\u0643\\u0644 \\u0647\\u0630\\u0647 \\u0627\\u0644\\u0641\\u0643\\u0631\\u0629 \\u0627\\u0644\\u062e\\u0627\\u0637\\u0626\\u0629 \\u0627\\u0644\\u0645\\u062a\\u0645\\u062b\\u0644\\u0629 \\u0641\\u064a \\u0625\\u062f\\u0627\\u0646\\u0629 \\u0627\\u0644\\u0645\\u062a\\u0639\\u0629 \\u0648\\u0645\\u062f\\u062d \\u0627\\u0644\\u0623\\u0644\\u0645 \\u060c \\u0648\\u0633\\u0623\\u0642\\u062f\\u0645 \\u0644\\u0643 \\u0648\\u0635\\u0641\\u064b\\u0627 \\u0643\\u0627\\u0645\\u0644\\u0627\\u064b \\u0644\\u0644\\u0646\\u0638\\u0627\\u0645 \\u060c \\u0648\\u0623\\u0634\\u0631\\u062d \\u0644\\u0643 \\u062d\\u0642\\u064a\\u0642\\u0629 \\u0627\\u0644\\u0623\\u0645\\u0631. \\u064a\\u062c\\u0628 \\u0623\\u0646 \\u0623\\u0634\\u0631\\u062d \\u0644\\u0643 \\u0643\\u064a\\u0641 \\u0643\\u0644 \\u0647\\u0630\\u0647 \\u0627\\u0644\\u0641\\u0643\\u0631\\u0629 \\u0627\\u0644\\u062e\\u0627\\u0637\\u0626\\u0629 \\u0644\\u0644\\u062a\\u0646\\u062f\\u064a\\u062f \\u0628\\u0627\\u0644\\u0644\\u0630\\u0629\"}","created_at":"2022-12-19 09:29:26","updated_at":"2023-04-29 18:55:08"},{"id":4,"product_id":8,"shipping_return_description":"{\"en_US\":\"We azbe very much greatful to you for your donation. Your little effort help us to change big community life I must explain to you how all this mistaken idea of denouncing pleen_USure and praising pain wen_US azbrn and I will give you a complete account of the system, and expound the actual teachings of the great explorer of the truth, the men_USter-builder of human happiness. No one rejects, dislikes, or avoids pleen_USure itself, beazbuse it is pleen_USure, but beazbuse those who do not know how to pursue pleen_USure rationally We azbe very much greatful to you for your donation. Your little effort help us to change big community life I must explain to you how all this mistaken idea of denouncing pleen_USure and praising pain wen_US azbrn and I will give you a complete account of the system, and expound the actual . I must explain to you how all this mistaken idea of denouncing pleen_USure . We azbe very much greatful to you for your donation. Your little effort help us to change big community life I must explain to you how all this mistaken idea of denouncing pleen_USure and praising pain wen_US azbrn and I will give you a complete account of the system, and expound the actual . I must explain to you how all this mistaken idea of denouncing pleen_USure . We azbe very much greatful to you for your donation. Your little effort help us to change big community life I must explain to you how all this mistaken idea of denouncing pleen_USure and praising pain wen_US azbrn and I will give you a complete account of the system, and expound the actual . I must explain to you how all this mistaken idea of denouncing pleen_USure . We azbe very much greatful to you for your donation. Your little effort help us to change big community life I must explain to you how all this mistaken idea of denouncing pleen_USure and praising pain wen_US azbrn and I will give you a complete account of the system, and expound the actual . I must explain to you how all this mistaken idea of denouncing pleen_USure\",\"azb\":\"\\u0646\\u062d\\u0646 \\u0645\\u0645\\u062a\\u0646\\u0648\\u0646 \\u062c\\u062f\\u064b\\u0627 \\u0644\\u0643 \\u0639\\u0644\\u0649 \\u062a\\u0628\\u0631\\u0639\\u0643. \\u064a\\u0633\\u0627\\u0639\\u062f\\u0646\\u0627 \\u0645\\u062c\\u0647\\u0648\\u062f\\u0643 \\u0627\\u0644\\u0635\\u063a\\u064a\\u0631 \\u0641\\u064a \\u062a\\u063a\\u064a\\u064a\\u0631 \\u0627\\u0644\\u062d\\u064a\\u0627\\u0629 \\u0627\\u0644\\u0645\\u062c\\u062a\\u0645\\u0639\\u064a\\u0629 \\u0627\\u0644\\u0643\\u0628\\u064a\\u0631\\u0629 \\u060c \\u0648\\u064a\\u062c\\u0628 \\u0623\\u0646 \\u0623\\u0634\\u0631\\u062d \\u0644\\u0643 \\u0643\\u064a\\u0641 \\u0648\\u0644\\u062f\\u062a \\u0643\\u0644 \\u0647\\u0630\\u0647 \\u0627\\u0644\\u0641\\u0643\\u0631\\u0629 \\u0627\\u0644\\u062e\\u0627\\u0637\\u0626\\u0629 \\u0627\\u0644\\u0645\\u062a\\u0645\\u062b\\u0644\\u0629 \\u0641\\u064a \\u0625\\u062f\\u0627\\u0646\\u0629 \\u0627\\u0644\\u0645\\u062a\\u0639\\u0629 \\u0648\\u0645\\u062f\\u062d \\u0627\\u0644\\u0623\\u0644\\u0645 \\u060c \\u0648\\u0633\\u0623\\u0642\\u062f\\u0645 \\u0644\\u0643 \\u0648\\u0635\\u0641\\u064b\\u0627 \\u0643\\u0627\\u0645\\u0644\\u0627\\u064b \\u0644\\u0644\\u0646\\u0638\\u0627\\u0645 \\u060c \\u0648\\u0623\\u0634\\u0631\\u062d \\u0627\\u0644\\u062a\\u0639\\u0627\\u0644\\u064a\\u0645 \\u0627\\u0644\\u0641\\u0639\\u0644\\u064a\\u0629 \\u0644\\u0644\\u0645\\u0633\\u062a\\u0643\\u0634\\u0641 \\u0627\\u0644\\u0639\\u0638\\u064a\\u0645. \\u0627\\u0644\\u062d\\u0642\\u064a\\u0642\\u0629 \\u060c \\u0635\\u0627\\u0646\\u0639 \\u0627\\u0644\\u0633\\u0639\\u0627\\u062f\\u0629 \\u0627\\u0644\\u0628\\u0634\\u0631\\u064a\\u0629. \\u0644\\u0627 \\u0623\\u062d\\u062f \\u064a\\u0631\\u0641\\u0636 \\u0623\\u0648 \\u064a\\u0643\\u0631\\u0647 \\u0623\\u0648 \\u064a\\u062a\\u062c\\u0646\\u0628 \\u0627\\u0644\\u0645\\u062a\\u0639\\u0629 \\u0646\\u0641\\u0633\\u0647\\u0627 \\u060c \\u0644\\u0623\\u0646\\u0647\\u0627 \\u0645\\u062a\\u0639\\u0629 \\u060c \\u0648\\u0644\\u0643\\u0646 \\u0644\\u0623\\u0646 \\u0623\\u0648\\u0644\\u0626\\u0643 \\u0627\\u0644\\u0630\\u064a\\u0646 \\u0644\\u0627 \\u064a\\u0639\\u0631\\u0641\\u0648\\u0646 \\u0643\\u064a\\u0641 \\u064a\\u0633\\u0639\\u0648\\u0646 \\u0648\\u0631\\u0627\\u0621 \\u0627\\u0644\\u0645\\u062a\\u0639\\u0629 \\u0628\\u0639\\u0642\\u0644\\u0627\\u0646\\u064a\\u0629 \\u0646\\u062d\\u0646 \\u0645\\u0645\\u062a\\u0646\\u0648\\u0646 \\u062c\\u062f\\u064b\\u0627 \\u0644\\u0643 \\u0639\\u0644\\u0649 \\u062a\\u0628\\u0631\\u0639\\u0643. \\u064a\\u0633\\u0627\\u0639\\u062f\\u0646\\u0627 \\u0645\\u062c\\u0647\\u0648\\u062f\\u0643 \\u0627\\u0644\\u0635\\u063a\\u064a\\u0631 \\u0641\\u064a \\u062a\\u063a\\u064a\\u064a\\u0631 \\u0627\\u0644\\u062d\\u064a\\u0627\\u0629 \\u0627\\u0644\\u0645\\u062c\\u062a\\u0645\\u0639\\u064a\\u0629 \\u0627\\u0644\\u0643\\u0628\\u064a\\u0631\\u0629 \\u060c \\u0648\\u064a\\u062c\\u0628 \\u0623\\u0646 \\u0623\\u0634\\u0631\\u062d \\u0644\\u0643 \\u0643\\u064a\\u0641 \\u0648\\u0644\\u062f\\u062a \\u0643\\u0644 \\u0647\\u0630\\u0647 \\u0627\\u0644\\u0641\\u0643\\u0631\\u0629 \\u0627\\u0644\\u062e\\u0627\\u0637\\u0626\\u0629 \\u0627\\u0644\\u0645\\u062a\\u0645\\u062b\\u0644\\u0629 \\u0641\\u064a \\u0625\\u062f\\u0627\\u0646\\u0629 \\u0627\\u0644\\u0645\\u062a\\u0639\\u0629 \\u0648\\u0645\\u062f\\u062d \\u0627\\u0644\\u0623\\u0644\\u0645 \\u060c \\u0648\\u0633\\u0623\\u0642\\u062f\\u0645 \\u0644\\u0643 \\u0648\\u0635\\u0641\\u064b\\u0627 \\u0643\\u0627\\u0645\\u0644\\u0627\\u064b \\u0644\\u0644\\u0646\\u0638\\u0627\\u0645 \\u060c \\u0648\\u0623\\u0634\\u0631\\u062d \\u0644\\u0643 \\u062d\\u0642\\u064a\\u0642\\u0629 \\u0627\\u0644\\u0623\\u0645\\u0631. \\u064a\\u062c\\u0628 \\u0623\\u0646 \\u0623\\u0634\\u0631\\u062d \\u0644\\u0643 \\u0643\\u064a\\u0641 \\u0643\\u0644 \\u0647\\u0630\\u0647 \\u0627\\u0644\\u0641\\u0643\\u0631\\u0629 \\u0627\\u0644\\u062e\\u0627\\u0637\\u0626\\u0629 \\u0644\\u0644\\u062a\\u0646\\u062f\\u064a\\u062f \\u0628\\u0627\\u0644\\u0644\\u0630\\u0629. \\u0646\\u062d\\u0646 \\u0645\\u0645\\u062a\\u0646\\u0648\\u0646 \\u062c\\u062f\\u064b\\u0627 \\u0644\\u0643 \\u0639\\u0644\\u0649 \\u062a\\u0628\\u0631\\u0639\\u0643. \\u064a\\u0633\\u0627\\u0639\\u062f\\u0646\\u0627 \\u0645\\u062c\\u0647\\u0648\\u062f\\u0643 \\u0627\\u0644\\u0635\\u063a\\u064a\\u0631 \\u0641\\u064a \\u062a\\u063a\\u064a\\u064a\\u0631 \\u0627\\u0644\\u062d\\u064a\\u0627\\u0629 \\u0627\\u0644\\u0645\\u062c\\u062a\\u0645\\u0639\\u064a\\u0629 \\u0627\\u0644\\u0643\\u0628\\u064a\\u0631\\u0629 \\u060c \\u0648\\u064a\\u062c\\u0628 \\u0623\\u0646 \\u0623\\u0634\\u0631\\u062d \\u0644\\u0643 \\u0643\\u064a\\u0641 \\u0648\\u0644\\u062f\\u062a \\u0643\\u0644 \\u0647\\u0630\\u0647 \\u0627\\u0644\\u0641\\u0643\\u0631\\u0629 \\u0627\\u0644\\u062e\\u0627\\u0637\\u0626\\u0629 \\u0627\\u0644\\u0645\\u062a\\u0645\\u062b\\u0644\\u0629 \\u0641\\u064a \\u0625\\u062f\\u0627\\u0646\\u0629 \\u0627\\u0644\\u0645\\u062a\\u0639\\u0629 \\u0648\\u0645\\u062f\\u062d \\u0627\\u0644\\u0623\\u0644\\u0645 \\u060c \\u0648\\u0633\\u0623\\u0642\\u062f\\u0645 \\u0644\\u0643 \\u0648\\u0635\\u0641\\u064b\\u0627 \\u0643\\u0627\\u0645\\u0644\\u0627\\u064b \\u0644\\u0644\\u0646\\u0638\\u0627\\u0645 \\u060c \\u0648\\u0623\\u0634\\u0631\\u062d \\u0644\\u0643 \\u062d\\u0642\\u064a\\u0642\\u0629 \\u0627\\u0644\\u0623\\u0645\\u0631. \\u064a\\u062c\\u0628 \\u0623\\u0646 \\u0623\\u0634\\u0631\\u062d \\u0644\\u0643 \\u0643\\u064a\\u0641 \\u0643\\u0644 \\u0647\\u0630\\u0647 \\u0627\\u0644\\u0641\\u0643\\u0631\\u0629 \\u0627\\u0644\\u062e\\u0627\\u0637\\u0626\\u0629 \\u0644\\u0644\\u062a\\u0646\\u062f\\u064a\\u062f \\u0628\\u0627\\u0644\\u0644\\u0630\\u0629. \\u0646\\u062d\\u0646 \\u0645\\u0645\\u062a\\u0646\\u0648\\u0646 \\u062c\\u062f\\u064b\\u0627 \\u0644\\u0643 \\u0639\\u0644\\u0649 \\u062a\\u0628\\u0631\\u0639\\u0643. \\u064a\\u0633\\u0627\\u0639\\u062f\\u0646\\u0627 \\u0645\\u062c\\u0647\\u0648\\u062f\\u0643 \\u0627\\u0644\\u0635\\u063a\\u064a\\u0631 \\u0641\\u064a \\u062a\\u063a\\u064a\\u064a\\u0631 \\u0627\\u0644\\u062d\\u064a\\u0627\\u0629 \\u0627\\u0644\\u0645\\u062c\\u062a\\u0645\\u0639\\u064a\\u0629 \\u0627\\u0644\\u0643\\u0628\\u064a\\u0631\\u0629 \\u060c \\u0648\\u064a\\u062c\\u0628 \\u0623\\u0646 \\u0623\\u0634\\u0631\\u062d \\u0644\\u0643 \\u0643\\u064a\\u0641 \\u0648\\u0644\\u062f\\u062a \\u0643\\u0644 \\u0647\\u0630\\u0647 \\u0627\\u0644\\u0641\\u0643\\u0631\\u0629 \\u0627\\u0644\\u062e\\u0627\\u0637\\u0626\\u0629 \\u0627\\u0644\\u0645\\u062a\\u0645\\u062b\\u0644\\u0629 \\u0641\\u064a \\u0625\\u062f\\u0627\\u0646\\u0629 \\u0627\\u0644\\u0645\\u062a\\u0639\\u0629 \\u0648\\u0645\\u062f\\u062d \\u0627\\u0644\\u0623\\u0644\\u0645 \\u060c \\u0648\\u0633\\u0623\\u0642\\u062f\\u0645 \\u0644\\u0643 \\u0648\\u0635\\u0641\\u064b\\u0627 \\u0643\\u0627\\u0645\\u0644\\u0627\\u064b \\u0644\\u0644\\u0646\\u0638\\u0627\\u0645 \\u060c \\u0648\\u0623\\u0634\\u0631\\u062d \\u0644\\u0643 \\u062d\\u0642\\u064a\\u0642\\u0629 \\u0627\\u0644\\u0623\\u0645\\u0631. \\u064a\\u062c\\u0628 \\u0623\\u0646 \\u0623\\u0634\\u0631\\u062d \\u0644\\u0643 \\u0643\\u064a\\u0641 \\u0643\\u0644 \\u0647\\u0630\\u0647 \\u0627\\u0644\\u0641\\u0643\\u0631\\u0629 \\u0627\\u0644\\u062e\\u0627\\u0637\\u0626\\u0629 \\u0644\\u0644\\u062a\\u0646\\u062f\\u064a\\u062f \\u0628\\u0627\\u0644\\u0644\\u0630\\u0629. \\u0646\\u062d\\u0646 \\u0645\\u0645\\u062a\\u0646\\u0648\\u0646 \\u062c\\u062f\\u064b\\u0627 \\u0644\\u0643 \\u0639\\u0644\\u0649 \\u062a\\u0628\\u0631\\u0639\\u0643. \\u064a\\u0633\\u0627\\u0639\\u062f\\u0646\\u0627 \\u0645\\u062c\\u0647\\u0648\\u062f\\u0643 \\u0627\\u0644\\u0635\\u063a\\u064a\\u0631 \\u0641\\u064a \\u062a\\u063a\\u064a\\u064a\\u0631 \\u0627\\u0644\\u062d\\u064a\\u0627\\u0629 \\u0627\\u0644\\u0645\\u062c\\u062a\\u0645\\u0639\\u064a\\u0629 \\u0627\\u0644\\u0643\\u0628\\u064a\\u0631\\u0629 \\u060c \\u0648\\u064a\\u062c\\u0628 \\u0623\\u0646 \\u0623\\u0634\\u0631\\u062d \\u0644\\u0643 \\u0643\\u064a\\u0641 \\u0648\\u0644\\u062f\\u062a \\u0643\\u0644 \\u0647\\u0630\\u0647 \\u0627\\u0644\\u0641\\u0643\\u0631\\u0629 \\u0627\\u0644\\u062e\\u0627\\u0637\\u0626\\u0629 \\u0627\\u0644\\u0645\\u062a\\u0645\\u062b\\u0644\\u0629 \\u0641\\u064a \\u0625\\u062f\\u0627\\u0646\\u0629 \\u0627\\u0644\\u0645\\u062a\\u0639\\u0629 \\u0648\\u0645\\u062f\\u062d \\u0627\\u0644\\u0623\\u0644\\u0645 \\u060c \\u0648\\u0633\\u0623\\u0642\\u062f\\u0645 \\u0644\\u0643 \\u0648\\u0635\\u0641\\u064b\\u0627 \\u0643\\u0627\\u0645\\u0644\\u0627\\u064b \\u0644\\u0644\\u0646\\u0638\\u0627\\u0645 \\u060c \\u0648\\u0623\\u0634\\u0631\\u062d \\u0644\\u0643 \\u062d\\u0642\\u064a\\u0642\\u0629 \\u0627\\u0644\\u0623\\u0645\\u0631. \\u064a\\u062c\\u0628 \\u0623\\u0646 \\u0623\\u0634\\u0631\\u062d \\u0644\\u0643 \\u0643\\u064a\\u0641 \\u0643\\u0644 \\u0647\\u0630\\u0647 \\u0627\\u0644\\u0641\\u0643\\u0631\\u0629 \\u0627\\u0644\\u062e\\u0627\\u0637\\u0626\\u0629 \\u0644\\u0644\\u062a\\u0646\\u062f\\u064a\\u062f \\u0628\\u0627\\u0644\\u0644\\u0630\\u0629\"}","created_at":"2022-12-19 09:32:26","updated_at":"2023-04-29 18:55:08"},{"id":5,"product_id":9,"shipping_return_description":"{\"en_US\":\"We azbe very much greatful to you for your donation. Your little effort help us to change big community life I must explain to you how all this mistaken idea of denouncing pleen_USure and praising pain wen_US azbrn and I will give you a complete account of the system, and expound the actual teachings of the great explorer of the truth, the men_USter-builder of human happiness. No one rejects, dislikes, or avoids pleen_USure itself, beazbuse it is pleen_USure, but beazbuse those who do not know how to pursue pleen_USure rationally We azbe very much greatful to you for your donation. Your little effort help us to change big community life I must explain to you how all this mistaken idea of denouncing pleen_USure and praising pain wen_US azbrn and I will give you a complete account of the system, and expound the actual . I must explain to you how all this mistaken idea of denouncing pleen_USure . We azbe very much greatful to you for your donation. Your little effort help us to change big community life I must explain to you how all this mistaken idea of denouncing pleen_USure and praising pain wen_US azbrn and I will give you a complete account of the system, and expound the actual . I must explain to you how all this mistaken idea of denouncing pleen_USure . We azbe very much greatful to you for your donation. Your little effort help us to change big community life I must explain to you how all this mistaken idea of denouncing pleen_USure and praising pain wen_US azbrn and I will give you a complete account of the system, and expound the actual . I must explain to you how all this mistaken idea of denouncing pleen_USure . We azbe very much greatful to you for your donation. Your little effort help us to change big community life I must explain to you how all this mistaken idea of denouncing pleen_USure and praising pain wen_US azbrn and I will give you a complete account of the system, and expound the actual . I must explain to you how all this mistaken idea of denouncing pleen_USure\",\"azb\":\"\\u0646\\u062d\\u0646 \\u0645\\u0645\\u062a\\u0646\\u0648\\u0646 \\u062c\\u062f\\u064b\\u0627 \\u0644\\u0643 \\u0639\\u0644\\u0649 \\u062a\\u0628\\u0631\\u0639\\u0643. \\u064a\\u0633\\u0627\\u0639\\u062f\\u0646\\u0627 \\u0645\\u062c\\u0647\\u0648\\u062f\\u0643 \\u0627\\u0644\\u0635\\u063a\\u064a\\u0631 \\u0641\\u064a \\u062a\\u063a\\u064a\\u064a\\u0631 \\u0627\\u0644\\u062d\\u064a\\u0627\\u0629 \\u0627\\u0644\\u0645\\u062c\\u062a\\u0645\\u0639\\u064a\\u0629 \\u0627\\u0644\\u0643\\u0628\\u064a\\u0631\\u0629 \\u060c \\u0648\\u064a\\u062c\\u0628 \\u0623\\u0646 \\u0623\\u0634\\u0631\\u062d \\u0644\\u0643 \\u0643\\u064a\\u0641 \\u0648\\u0644\\u062f\\u062a \\u0643\\u0644 \\u0647\\u0630\\u0647 \\u0627\\u0644\\u0641\\u0643\\u0631\\u0629 \\u0627\\u0644\\u062e\\u0627\\u0637\\u0626\\u0629 \\u0627\\u0644\\u0645\\u062a\\u0645\\u062b\\u0644\\u0629 \\u0641\\u064a \\u0625\\u062f\\u0627\\u0646\\u0629 \\u0627\\u0644\\u0645\\u062a\\u0639\\u0629 \\u0648\\u0645\\u062f\\u062d \\u0627\\u0644\\u0623\\u0644\\u0645 \\u060c \\u0648\\u0633\\u0623\\u0642\\u062f\\u0645 \\u0644\\u0643 \\u0648\\u0635\\u0641\\u064b\\u0627 \\u0643\\u0627\\u0645\\u0644\\u0627\\u064b \\u0644\\u0644\\u0646\\u0638\\u0627\\u0645 \\u060c \\u0648\\u0623\\u0634\\u0631\\u062d \\u0627\\u0644\\u062a\\u0639\\u0627\\u0644\\u064a\\u0645 \\u0627\\u0644\\u0641\\u0639\\u0644\\u064a\\u0629 \\u0644\\u0644\\u0645\\u0633\\u062a\\u0643\\u0634\\u0641 \\u0627\\u0644\\u0639\\u0638\\u064a\\u0645. \\u0627\\u0644\\u062d\\u0642\\u064a\\u0642\\u0629 \\u060c \\u0635\\u0627\\u0646\\u0639 \\u0627\\u0644\\u0633\\u0639\\u0627\\u062f\\u0629 \\u0627\\u0644\\u0628\\u0634\\u0631\\u064a\\u0629. \\u0644\\u0627 \\u0623\\u062d\\u062f \\u064a\\u0631\\u0641\\u0636 \\u0623\\u0648 \\u064a\\u0643\\u0631\\u0647 \\u0623\\u0648 \\u064a\\u062a\\u062c\\u0646\\u0628 \\u0627\\u0644\\u0645\\u062a\\u0639\\u0629 \\u0646\\u0641\\u0633\\u0647\\u0627 \\u060c \\u0644\\u0623\\u0646\\u0647\\u0627 \\u0645\\u062a\\u0639\\u0629 \\u060c \\u0648\\u0644\\u0643\\u0646 \\u0644\\u0623\\u0646 \\u0623\\u0648\\u0644\\u0626\\u0643 \\u0627\\u0644\\u0630\\u064a\\u0646 \\u0644\\u0627 \\u064a\\u0639\\u0631\\u0641\\u0648\\u0646 \\u0643\\u064a\\u0641 \\u064a\\u0633\\u0639\\u0648\\u0646 \\u0648\\u0631\\u0627\\u0621 \\u0627\\u0644\\u0645\\u062a\\u0639\\u0629 \\u0628\\u0639\\u0642\\u0644\\u0627\\u0646\\u064a\\u0629 \\u0646\\u062d\\u0646 \\u0645\\u0645\\u062a\\u0646\\u0648\\u0646 \\u062c\\u062f\\u064b\\u0627 \\u0644\\u0643 \\u0639\\u0644\\u0649 \\u062a\\u0628\\u0631\\u0639\\u0643. \\u064a\\u0633\\u0627\\u0639\\u062f\\u0646\\u0627 \\u0645\\u062c\\u0647\\u0648\\u062f\\u0643 \\u0627\\u0644\\u0635\\u063a\\u064a\\u0631 \\u0641\\u064a \\u062a\\u063a\\u064a\\u064a\\u0631 \\u0627\\u0644\\u062d\\u064a\\u0627\\u0629 \\u0627\\u0644\\u0645\\u062c\\u062a\\u0645\\u0639\\u064a\\u0629 \\u0627\\u0644\\u0643\\u0628\\u064a\\u0631\\u0629 \\u060c \\u0648\\u064a\\u062c\\u0628 \\u0623\\u0646 \\u0623\\u0634\\u0631\\u062d \\u0644\\u0643 \\u0643\\u064a\\u0641 \\u0648\\u0644\\u062f\\u062a \\u0643\\u0644 \\u0647\\u0630\\u0647 \\u0627\\u0644\\u0641\\u0643\\u0631\\u0629 \\u0627\\u0644\\u062e\\u0627\\u0637\\u0626\\u0629 \\u0627\\u0644\\u0645\\u062a\\u0645\\u062b\\u0644\\u0629 \\u0641\\u064a \\u0625\\u062f\\u0627\\u0646\\u0629 \\u0627\\u0644\\u0645\\u062a\\u0639\\u0629 \\u0648\\u0645\\u062f\\u062d \\u0627\\u0644\\u0623\\u0644\\u0645 \\u060c \\u0648\\u0633\\u0623\\u0642\\u062f\\u0645 \\u0644\\u0643 \\u0648\\u0635\\u0641\\u064b\\u0627 \\u0643\\u0627\\u0645\\u0644\\u0627\\u064b \\u0644\\u0644\\u0646\\u0638\\u0627\\u0645 \\u060c \\u0648\\u0623\\u0634\\u0631\\u062d \\u0644\\u0643 \\u062d\\u0642\\u064a\\u0642\\u0629 \\u0627\\u0644\\u0623\\u0645\\u0631. \\u064a\\u062c\\u0628 \\u0623\\u0646 \\u0623\\u0634\\u0631\\u062d \\u0644\\u0643 \\u0643\\u064a\\u0641 \\u0643\\u0644 \\u0647\\u0630\\u0647 \\u0627\\u0644\\u0641\\u0643\\u0631\\u0629 \\u0627\\u0644\\u062e\\u0627\\u0637\\u0626\\u0629 \\u0644\\u0644\\u062a\\u0646\\u062f\\u064a\\u062f \\u0628\\u0627\\u0644\\u0644\\u0630\\u0629. \\u0646\\u062d\\u0646 \\u0645\\u0645\\u062a\\u0646\\u0648\\u0646 \\u062c\\u062f\\u064b\\u0627 \\u0644\\u0643 \\u0639\\u0644\\u0649 \\u062a\\u0628\\u0631\\u0639\\u0643. \\u064a\\u0633\\u0627\\u0639\\u062f\\u0646\\u0627 \\u0645\\u062c\\u0647\\u0648\\u062f\\u0643 \\u0627\\u0644\\u0635\\u063a\\u064a\\u0631 \\u0641\\u064a \\u062a\\u063a\\u064a\\u064a\\u0631 \\u0627\\u0644\\u062d\\u064a\\u0627\\u0629 \\u0627\\u0644\\u0645\\u062c\\u062a\\u0645\\u0639\\u064a\\u0629 \\u0627\\u0644\\u0643\\u0628\\u064a\\u0631\\u0629 \\u060c \\u0648\\u064a\\u062c\\u0628 \\u0623\\u0646 \\u0623\\u0634\\u0631\\u062d \\u0644\\u0643 \\u0643\\u064a\\u0641 \\u0648\\u0644\\u062f\\u062a \\u0643\\u0644 \\u0647\\u0630\\u0647 \\u0627\\u0644\\u0641\\u0643\\u0631\\u0629 \\u0627\\u0644\\u062e\\u0627\\u0637\\u0626\\u0629 \\u0627\\u0644\\u0645\\u062a\\u0645\\u062b\\u0644\\u0629 \\u0641\\u064a \\u0625\\u062f\\u0627\\u0646\\u0629 \\u0627\\u0644\\u0645\\u062a\\u0639\\u0629 \\u0648\\u0645\\u062f\\u062d \\u0627\\u0644\\u0623\\u0644\\u0645 \\u060c \\u0648\\u0633\\u0623\\u0642\\u062f\\u0645 \\u0644\\u0643 \\u0648\\u0635\\u0641\\u064b\\u0627 \\u0643\\u0627\\u0645\\u0644\\u0627\\u064b \\u0644\\u0644\\u0646\\u0638\\u0627\\u0645 \\u060c \\u0648\\u0623\\u0634\\u0631\\u062d \\u0644\\u0643 \\u062d\\u0642\\u064a\\u0642\\u0629 \\u0627\\u0644\\u0623\\u0645\\u0631. \\u064a\\u062c\\u0628 \\u0623\\u0646 \\u0623\\u0634\\u0631\\u062d \\u0644\\u0643 \\u0643\\u064a\\u0641 \\u0643\\u0644 \\u0647\\u0630\\u0647 \\u0627\\u0644\\u0641\\u0643\\u0631\\u0629 \\u0627\\u0644\\u062e\\u0627\\u0637\\u0626\\u0629 \\u0644\\u0644\\u062a\\u0646\\u062f\\u064a\\u062f \\u0628\\u0627\\u0644\\u0644\\u0630\\u0629. \\u0646\\u062d\\u0646 \\u0645\\u0645\\u062a\\u0646\\u0648\\u0646 \\u062c\\u062f\\u064b\\u0627 \\u0644\\u0643 \\u0639\\u0644\\u0649 \\u062a\\u0628\\u0631\\u0639\\u0643. \\u064a\\u0633\\u0627\\u0639\\u062f\\u0646\\u0627 \\u0645\\u062c\\u0647\\u0648\\u062f\\u0643 \\u0627\\u0644\\u0635\\u063a\\u064a\\u0631 \\u0641\\u064a \\u062a\\u063a\\u064a\\u064a\\u0631 \\u0627\\u0644\\u062d\\u064a\\u0627\\u0629 \\u0627\\u0644\\u0645\\u062c\\u062a\\u0645\\u0639\\u064a\\u0629 \\u0627\\u0644\\u0643\\u0628\\u064a\\u0631\\u0629 \\u060c \\u0648\\u064a\\u062c\\u0628 \\u0623\\u0646 \\u0623\\u0634\\u0631\\u062d \\u0644\\u0643 \\u0643\\u064a\\u0641 \\u0648\\u0644\\u062f\\u062a \\u0643\\u0644 \\u0647\\u0630\\u0647 \\u0627\\u0644\\u0641\\u0643\\u0631\\u0629 \\u0627\\u0644\\u062e\\u0627\\u0637\\u0626\\u0629 \\u0627\\u0644\\u0645\\u062a\\u0645\\u062b\\u0644\\u0629 \\u0641\\u064a \\u0625\\u062f\\u0627\\u0646\\u0629 \\u0627\\u0644\\u0645\\u062a\\u0639\\u0629 \\u0648\\u0645\\u062f\\u062d \\u0627\\u0644\\u0623\\u0644\\u0645 \\u060c \\u0648\\u0633\\u0623\\u0642\\u062f\\u0645 \\u0644\\u0643 \\u0648\\u0635\\u0641\\u064b\\u0627 \\u0643\\u0627\\u0645\\u0644\\u0627\\u064b \\u0644\\u0644\\u0646\\u0638\\u0627\\u0645 \\u060c \\u0648\\u0623\\u0634\\u0631\\u062d \\u0644\\u0643 \\u062d\\u0642\\u064a\\u0642\\u0629 \\u0627\\u0644\\u0623\\u0645\\u0631. \\u064a\\u062c\\u0628 \\u0623\\u0646 \\u0623\\u0634\\u0631\\u062d \\u0644\\u0643 \\u0643\\u064a\\u0641 \\u0643\\u0644 \\u0647\\u0630\\u0647 \\u0627\\u0644\\u0641\\u0643\\u0631\\u0629 \\u0627\\u0644\\u062e\\u0627\\u0637\\u0626\\u0629 \\u0644\\u0644\\u062a\\u0646\\u062f\\u064a\\u062f \\u0628\\u0627\\u0644\\u0644\\u0630\\u0629. \\u0646\\u062d\\u0646 \\u0645\\u0645\\u062a\\u0646\\u0648\\u0646 \\u062c\\u062f\\u064b\\u0627 \\u0644\\u0643 \\u0639\\u0644\\u0649 \\u062a\\u0628\\u0631\\u0639\\u0643. \\u064a\\u0633\\u0627\\u0639\\u062f\\u0646\\u0627 \\u0645\\u062c\\u0647\\u0648\\u062f\\u0643 \\u0627\\u0644\\u0635\\u063a\\u064a\\u0631 \\u0641\\u064a \\u062a\\u063a\\u064a\\u064a\\u0631 \\u0627\\u0644\\u062d\\u064a\\u0627\\u0629 \\u0627\\u0644\\u0645\\u062c\\u062a\\u0645\\u0639\\u064a\\u0629 \\u0627\\u0644\\u0643\\u0628\\u064a\\u0631\\u0629 \\u060c \\u0648\\u064a\\u062c\\u0628 \\u0623\\u0646 \\u0623\\u0634\\u0631\\u062d \\u0644\\u0643 \\u0643\\u064a\\u0641 \\u0648\\u0644\\u062f\\u062a \\u0643\\u0644 \\u0647\\u0630\\u0647 \\u0627\\u0644\\u0641\\u0643\\u0631\\u0629 \\u0627\\u0644\\u062e\\u0627\\u0637\\u0626\\u0629 \\u0627\\u0644\\u0645\\u062a\\u0645\\u062b\\u0644\\u0629 \\u0641\\u064a \\u0625\\u062f\\u0627\\u0646\\u0629 \\u0627\\u0644\\u0645\\u062a\\u0639\\u0629 \\u0648\\u0645\\u062f\\u062d \\u0627\\u0644\\u0623\\u0644\\u0645 \\u060c \\u0648\\u0633\\u0623\\u0642\\u062f\\u0645 \\u0644\\u0643 \\u0648\\u0635\\u0641\\u064b\\u0627 \\u0643\\u0627\\u0645\\u0644\\u0627\\u064b \\u0644\\u0644\\u0646\\u0638\\u0627\\u0645 \\u060c \\u0648\\u0623\\u0634\\u0631\\u062d \\u0644\\u0643 \\u062d\\u0642\\u064a\\u0642\\u0629 \\u0627\\u0644\\u0623\\u0645\\u0631. \\u064a\\u062c\\u0628 \\u0623\\u0646 \\u0623\\u0634\\u0631\\u062d \\u0644\\u0643 \\u0643\\u064a\\u0641 \\u0643\\u0644 \\u0647\\u0630\\u0647 \\u0627\\u0644\\u0641\\u0643\\u0631\\u0629 \\u0627\\u0644\\u062e\\u0627\\u0637\\u0626\\u0629 \\u0644\\u0644\\u062a\\u0646\\u062f\\u064a\\u062f \\u0628\\u0627\\u0644\\u0644\\u0630\\u0629\"}","created_at":"2022-12-19 09:33:53","updated_at":"2023-04-29 18:55:08"},{"id":6,"product_id":10,"shipping_return_description":"{\"en_US\":\"We azbe very much greatful to you for your donation. Your little effort help us to change big community life I must explain to you how all this mistaken idea of denouncing pleen_USure and praising pain wen_US azbrn and I will give you a complete account of the system, and expound the actual teachings of the great explorer of the truth, the men_USter-builder of human happiness. No one rejects, dislikes, or avoids pleen_USure itself, beazbuse it is pleen_USure, but beazbuse those who do not know how to pursue pleen_USure rationally We azbe very much greatful to you for your donation. Your little effort help us to change big community life I must explain to you how all this mistaken idea of denouncing pleen_USure and praising pain wen_US azbrn and I will give you a complete account of the system, and expound the actual . I must explain to you how all this mistaken idea of denouncing pleen_USure . We azbe very much greatful to you for your donation. Your little effort help us to change big community life I must explain to you how all this mistaken idea of denouncing pleen_USure and praising pain wen_US azbrn and I will give you a complete account of the system, and expound the actual . I must explain to you how all this mistaken idea of denouncing pleen_USure . We azbe very much greatful to you for your donation. Your little effort help us to change big community life I must explain to you how all this mistaken idea of denouncing pleen_USure and praising pain wen_US azbrn and I will give you a complete account of the system, and expound the actual . I must explain to you how all this mistaken idea of denouncing pleen_USure . We azbe very much greatful to you for your donation. Your little effort help us to change big community life I must explain to you how all this mistaken idea of denouncing pleen_USure and praising pain wen_US azbrn and I will give you a complete account of the system, and expound the actual . I must explain to you how all this mistaken idea of denouncing pleen_USure\",\"azb\":\"\\u0646\\u062d\\u0646 \\u0645\\u0645\\u062a\\u0646\\u0648\\u0646 \\u062c\\u062f\\u064b\\u0627 \\u0644\\u0643 \\u0639\\u0644\\u0649 \\u062a\\u0628\\u0631\\u0639\\u0643. \\u064a\\u0633\\u0627\\u0639\\u062f\\u0646\\u0627 \\u0645\\u062c\\u0647\\u0648\\u062f\\u0643 \\u0627\\u0644\\u0635\\u063a\\u064a\\u0631 \\u0641\\u064a \\u062a\\u063a\\u064a\\u064a\\u0631 \\u0627\\u0644\\u062d\\u064a\\u0627\\u0629 \\u0627\\u0644\\u0645\\u062c\\u062a\\u0645\\u0639\\u064a\\u0629 \\u0627\\u0644\\u0643\\u0628\\u064a\\u0631\\u0629 \\u060c \\u0648\\u064a\\u062c\\u0628 \\u0623\\u0646 \\u0623\\u0634\\u0631\\u062d \\u0644\\u0643 \\u0643\\u064a\\u0641 \\u0648\\u0644\\u062f\\u062a \\u0643\\u0644 \\u0647\\u0630\\u0647 \\u0627\\u0644\\u0641\\u0643\\u0631\\u0629 \\u0627\\u0644\\u062e\\u0627\\u0637\\u0626\\u0629 \\u0627\\u0644\\u0645\\u062a\\u0645\\u062b\\u0644\\u0629 \\u0641\\u064a \\u0625\\u062f\\u0627\\u0646\\u0629 \\u0627\\u0644\\u0645\\u062a\\u0639\\u0629 \\u0648\\u0645\\u062f\\u062d \\u0627\\u0644\\u0623\\u0644\\u0645 \\u060c \\u0648\\u0633\\u0623\\u0642\\u062f\\u0645 \\u0644\\u0643 \\u0648\\u0635\\u0641\\u064b\\u0627 \\u0643\\u0627\\u0645\\u0644\\u0627\\u064b \\u0644\\u0644\\u0646\\u0638\\u0627\\u0645 \\u060c \\u0648\\u0623\\u0634\\u0631\\u062d \\u0627\\u0644\\u062a\\u0639\\u0627\\u0644\\u064a\\u0645 \\u0627\\u0644\\u0641\\u0639\\u0644\\u064a\\u0629 \\u0644\\u0644\\u0645\\u0633\\u062a\\u0643\\u0634\\u0641 \\u0627\\u0644\\u0639\\u0638\\u064a\\u0645. \\u0627\\u0644\\u062d\\u0642\\u064a\\u0642\\u0629 \\u060c \\u0635\\u0627\\u0646\\u0639 \\u0627\\u0644\\u0633\\u0639\\u0627\\u062f\\u0629 \\u0627\\u0644\\u0628\\u0634\\u0631\\u064a\\u0629. \\u0644\\u0627 \\u0623\\u062d\\u062f \\u064a\\u0631\\u0641\\u0636 \\u0623\\u0648 \\u064a\\u0643\\u0631\\u0647 \\u0623\\u0648 \\u064a\\u062a\\u062c\\u0646\\u0628 \\u0627\\u0644\\u0645\\u062a\\u0639\\u0629 \\u0646\\u0641\\u0633\\u0647\\u0627 \\u060c \\u0644\\u0623\\u0646\\u0647\\u0627 \\u0645\\u062a\\u0639\\u0629 \\u060c \\u0648\\u0644\\u0643\\u0646 \\u0644\\u0623\\u0646 \\u0623\\u0648\\u0644\\u0626\\u0643 \\u0627\\u0644\\u0630\\u064a\\u0646 \\u0644\\u0627 \\u064a\\u0639\\u0631\\u0641\\u0648\\u0646 \\u0643\\u064a\\u0641 \\u064a\\u0633\\u0639\\u0648\\u0646 \\u0648\\u0631\\u0627\\u0621 \\u0627\\u0644\\u0645\\u062a\\u0639\\u0629 \\u0628\\u0639\\u0642\\u0644\\u0627\\u0646\\u064a\\u0629 \\u0646\\u062d\\u0646 \\u0645\\u0645\\u062a\\u0646\\u0648\\u0646 \\u062c\\u062f\\u064b\\u0627 \\u0644\\u0643 \\u0639\\u0644\\u0649 \\u062a\\u0628\\u0631\\u0639\\u0643. \\u064a\\u0633\\u0627\\u0639\\u062f\\u0646\\u0627 \\u0645\\u062c\\u0647\\u0648\\u062f\\u0643 \\u0627\\u0644\\u0635\\u063a\\u064a\\u0631 \\u0641\\u064a \\u062a\\u063a\\u064a\\u064a\\u0631 \\u0627\\u0644\\u062d\\u064a\\u0627\\u0629 \\u0627\\u0644\\u0645\\u062c\\u062a\\u0645\\u0639\\u064a\\u0629 \\u0627\\u0644\\u0643\\u0628\\u064a\\u0631\\u0629 \\u060c \\u0648\\u064a\\u062c\\u0628 \\u0623\\u0646 \\u0623\\u0634\\u0631\\u062d \\u0644\\u0643 \\u0643\\u064a\\u0641 \\u0648\\u0644\\u062f\\u062a \\u0643\\u0644 \\u0647\\u0630\\u0647 \\u0627\\u0644\\u0641\\u0643\\u0631\\u0629 \\u0627\\u0644\\u062e\\u0627\\u0637\\u0626\\u0629 \\u0627\\u0644\\u0645\\u062a\\u0645\\u062b\\u0644\\u0629 \\u0641\\u064a \\u0625\\u062f\\u0627\\u0646\\u0629 \\u0627\\u0644\\u0645\\u062a\\u0639\\u0629 \\u0648\\u0645\\u062f\\u062d \\u0627\\u0644\\u0623\\u0644\\u0645 \\u060c \\u0648\\u0633\\u0623\\u0642\\u062f\\u0645 \\u0644\\u0643 \\u0648\\u0635\\u0641\\u064b\\u0627 \\u0643\\u0627\\u0645\\u0644\\u0627\\u064b \\u0644\\u0644\\u0646\\u0638\\u0627\\u0645 \\u060c \\u0648\\u0623\\u0634\\u0631\\u062d \\u0644\\u0643 \\u062d\\u0642\\u064a\\u0642\\u0629 \\u0627\\u0644\\u0623\\u0645\\u0631. \\u064a\\u062c\\u0628 \\u0623\\u0646 \\u0623\\u0634\\u0631\\u062d \\u0644\\u0643 \\u0643\\u064a\\u0641 \\u0643\\u0644 \\u0647\\u0630\\u0647 \\u0627\\u0644\\u0641\\u0643\\u0631\\u0629 \\u0627\\u0644\\u062e\\u0627\\u0637\\u0626\\u0629 \\u0644\\u0644\\u062a\\u0646\\u062f\\u064a\\u062f \\u0628\\u0627\\u0644\\u0644\\u0630\\u0629. \\u0646\\u062d\\u0646 \\u0645\\u0645\\u062a\\u0646\\u0648\\u0646 \\u062c\\u062f\\u064b\\u0627 \\u0644\\u0643 \\u0639\\u0644\\u0649 \\u062a\\u0628\\u0631\\u0639\\u0643. \\u064a\\u0633\\u0627\\u0639\\u062f\\u0646\\u0627 \\u0645\\u062c\\u0647\\u0648\\u062f\\u0643 \\u0627\\u0644\\u0635\\u063a\\u064a\\u0631 \\u0641\\u064a \\u062a\\u063a\\u064a\\u064a\\u0631 \\u0627\\u0644\\u062d\\u064a\\u0627\\u0629 \\u0627\\u0644\\u0645\\u062c\\u062a\\u0645\\u0639\\u064a\\u0629 \\u0627\\u0644\\u0643\\u0628\\u064a\\u0631\\u0629 \\u060c \\u0648\\u064a\\u062c\\u0628 \\u0623\\u0646 \\u0623\\u0634\\u0631\\u062d \\u0644\\u0643 \\u0643\\u064a\\u0641 \\u0648\\u0644\\u062f\\u062a \\u0643\\u0644 \\u0647\\u0630\\u0647 \\u0627\\u0644\\u0641\\u0643\\u0631\\u0629 \\u0627\\u0644\\u062e\\u0627\\u0637\\u0626\\u0629 \\u0627\\u0644\\u0645\\u062a\\u0645\\u062b\\u0644\\u0629 \\u0641\\u064a \\u0625\\u062f\\u0627\\u0646\\u0629 \\u0627\\u0644\\u0645\\u062a\\u0639\\u0629 \\u0648\\u0645\\u062f\\u062d \\u0627\\u0644\\u0623\\u0644\\u0645 \\u060c \\u0648\\u0633\\u0623\\u0642\\u062f\\u0645 \\u0644\\u0643 \\u0648\\u0635\\u0641\\u064b\\u0627 \\u0643\\u0627\\u0645\\u0644\\u0627\\u064b \\u0644\\u0644\\u0646\\u0638\\u0627\\u0645 \\u060c \\u0648\\u0623\\u0634\\u0631\\u062d \\u0644\\u0643 \\u062d\\u0642\\u064a\\u0642\\u0629 \\u0627\\u0644\\u0623\\u0645\\u0631. \\u064a\\u062c\\u0628 \\u0623\\u0646 \\u0623\\u0634\\u0631\\u062d \\u0644\\u0643 \\u0643\\u064a\\u0641 \\u0643\\u0644 \\u0647\\u0630\\u0647 \\u0627\\u0644\\u0641\\u0643\\u0631\\u0629 \\u0627\\u0644\\u062e\\u0627\\u0637\\u0626\\u0629 \\u0644\\u0644\\u062a\\u0646\\u062f\\u064a\\u062f \\u0628\\u0627\\u0644\\u0644\\u0630\\u0629. \\u0646\\u062d\\u0646 \\u0645\\u0645\\u062a\\u0646\\u0648\\u0646 \\u062c\\u062f\\u064b\\u0627 \\u0644\\u0643 \\u0639\\u0644\\u0649 \\u062a\\u0628\\u0631\\u0639\\u0643. \\u064a\\u0633\\u0627\\u0639\\u062f\\u0646\\u0627 \\u0645\\u062c\\u0647\\u0648\\u062f\\u0643 \\u0627\\u0644\\u0635\\u063a\\u064a\\u0631 \\u0641\\u064a \\u062a\\u063a\\u064a\\u064a\\u0631 \\u0627\\u0644\\u062d\\u064a\\u0627\\u0629 \\u0627\\u0644\\u0645\\u062c\\u062a\\u0645\\u0639\\u064a\\u0629 \\u0627\\u0644\\u0643\\u0628\\u064a\\u0631\\u0629 \\u060c \\u0648\\u064a\\u062c\\u0628 \\u0623\\u0646 \\u0623\\u0634\\u0631\\u062d \\u0644\\u0643 \\u0643\\u064a\\u0641 \\u0648\\u0644\\u062f\\u062a \\u0643\\u0644 \\u0647\\u0630\\u0647 \\u0627\\u0644\\u0641\\u0643\\u0631\\u0629 \\u0627\\u0644\\u062e\\u0627\\u0637\\u0626\\u0629 \\u0627\\u0644\\u0645\\u062a\\u0645\\u062b\\u0644\\u0629 \\u0641\\u064a \\u0625\\u062f\\u0627\\u0646\\u0629 \\u0627\\u0644\\u0645\\u062a\\u0639\\u0629 \\u0648\\u0645\\u062f\\u062d \\u0627\\u0644\\u0623\\u0644\\u0645 \\u060c \\u0648\\u0633\\u0623\\u0642\\u062f\\u0645 \\u0644\\u0643 \\u0648\\u0635\\u0641\\u064b\\u0627 \\u0643\\u0627\\u0645\\u0644\\u0627\\u064b \\u0644\\u0644\\u0646\\u0638\\u0627\\u0645 \\u060c \\u0648\\u0623\\u0634\\u0631\\u062d \\u0644\\u0643 \\u062d\\u0642\\u064a\\u0642\\u0629 \\u0627\\u0644\\u0623\\u0645\\u0631. \\u064a\\u062c\\u0628 \\u0623\\u0646 \\u0623\\u0634\\u0631\\u062d \\u0644\\u0643 \\u0643\\u064a\\u0641 \\u0643\\u0644 \\u0647\\u0630\\u0647 \\u0627\\u0644\\u0641\\u0643\\u0631\\u0629 \\u0627\\u0644\\u062e\\u0627\\u0637\\u0626\\u0629 \\u0644\\u0644\\u062a\\u0646\\u062f\\u064a\\u062f \\u0628\\u0627\\u0644\\u0644\\u0630\\u0629. \\u0646\\u062d\\u0646 \\u0645\\u0645\\u062a\\u0646\\u0648\\u0646 \\u062c\\u062f\\u064b\\u0627 \\u0644\\u0643 \\u0639\\u0644\\u0649 \\u062a\\u0628\\u0631\\u0639\\u0643. \\u064a\\u0633\\u0627\\u0639\\u062f\\u0646\\u0627 \\u0645\\u062c\\u0647\\u0648\\u062f\\u0643 \\u0627\\u0644\\u0635\\u063a\\u064a\\u0631 \\u0641\\u064a \\u062a\\u063a\\u064a\\u064a\\u0631 \\u0627\\u0644\\u062d\\u064a\\u0627\\u0629 \\u0627\\u0644\\u0645\\u062c\\u062a\\u0645\\u0639\\u064a\\u0629 \\u0627\\u0644\\u0643\\u0628\\u064a\\u0631\\u0629 \\u060c \\u0648\\u064a\\u062c\\u0628 \\u0623\\u0646 \\u0623\\u0634\\u0631\\u062d \\u0644\\u0643 \\u0643\\u064a\\u0641 \\u0648\\u0644\\u062f\\u062a \\u0643\\u0644 \\u0647\\u0630\\u0647 \\u0627\\u0644\\u0641\\u0643\\u0631\\u0629 \\u0627\\u0644\\u062e\\u0627\\u0637\\u0626\\u0629 \\u0627\\u0644\\u0645\\u062a\\u0645\\u062b\\u0644\\u0629 \\u0641\\u064a \\u0625\\u062f\\u0627\\u0646\\u0629 \\u0627\\u0644\\u0645\\u062a\\u0639\\u0629 \\u0648\\u0645\\u062f\\u062d \\u0627\\u0644\\u0623\\u0644\\u0645 \\u060c \\u0648\\u0633\\u0623\\u0642\\u062f\\u0645 \\u0644\\u0643 \\u0648\\u0635\\u0641\\u064b\\u0627 \\u0643\\u0627\\u0645\\u0644\\u0627\\u064b \\u0644\\u0644\\u0646\\u0638\\u0627\\u0645 \\u060c \\u0648\\u0623\\u0634\\u0631\\u062d \\u0644\\u0643 \\u062d\\u0642\\u064a\\u0642\\u0629 \\u0627\\u0644\\u0623\\u0645\\u0631. \\u064a\\u062c\\u0628 \\u0623\\u0646 \\u0623\\u0634\\u0631\\u062d \\u0644\\u0643 \\u0643\\u064a\\u0641 \\u0643\\u0644 \\u0647\\u0630\\u0647 \\u0627\\u0644\\u0641\\u0643\\u0631\\u0629 \\u0627\\u0644\\u062e\\u0627\\u0637\\u0626\\u0629 \\u0644\\u0644\\u062a\\u0646\\u062f\\u064a\\u062f \\u0628\\u0627\\u0644\\u0644\\u0630\\u0629\"}","created_at":"2022-12-19 09:35:50","updated_at":"2023-04-29 18:55:08"},{"id":7,"product_id":11,"shipping_return_description":"{\"en_US\":\"We azbe very much greatful to you for your donation. Your little effort help us to change big community life I must explain to you how all this mistaken idea of denouncing pleen_USure and praising pain wen_US azbrn and I will give you a complete account of the system, and expound the actual teachings of the great explorer of the truth, the men_USter-builder of human happiness. No one rejects, dislikes, or avoids pleen_USure itself, beazbuse it is pleen_USure, but beazbuse those who do not know how to pursue pleen_USure rationally We azbe very much greatful to you for your donation. Your little effort help us to change big community life I must explain to you how all this mistaken idea of denouncing pleen_USure and praising pain wen_US azbrn and I will give you a complete account of the system, and expound the actual . I must explain to you how all this mistaken idea of denouncing pleen_USure . We azbe very much greatful to you for your donation. Your little effort help us to change big community life I must explain to you how all this mistaken idea of denouncing pleen_USure and praising pain wen_US azbrn and I will give you a complete account of the system, and expound the actual . I must explain to you how all this mistaken idea of denouncing pleen_USure . We azbe very much greatful to you for your donation. Your little effort help us to change big community life I must explain to you how all this mistaken idea of denouncing pleen_USure and praising pain wen_US azbrn and I will give you a complete account of the system, and expound the actual . I must explain to you how all this mistaken idea of denouncing pleen_USure . We azbe very much greatful to you for your donation. Your little effort help us to change big community life I must explain to you how all this mistaken idea of denouncing pleen_USure and praising pain wen_US azbrn and I will give you a complete account of the system, and expound the actual . I must explain to you how all this mistaken idea of denouncing pleen_USure\",\"azb\":\"\\u0646\\u062d\\u0646 \\u0645\\u0645\\u062a\\u0646\\u0648\\u0646 \\u062c\\u062f\\u064b\\u0627 \\u0644\\u0643 \\u0639\\u0644\\u0649 \\u062a\\u0628\\u0631\\u0639\\u0643. \\u064a\\u0633\\u0627\\u0639\\u062f\\u0646\\u0627 \\u0645\\u062c\\u0647\\u0648\\u062f\\u0643 \\u0627\\u0644\\u0635\\u063a\\u064a\\u0631 \\u0641\\u064a \\u062a\\u063a\\u064a\\u064a\\u0631 \\u0627\\u0644\\u062d\\u064a\\u0627\\u0629 \\u0627\\u0644\\u0645\\u062c\\u062a\\u0645\\u0639\\u064a\\u0629 \\u0627\\u0644\\u0643\\u0628\\u064a\\u0631\\u0629 \\u060c \\u0648\\u064a\\u062c\\u0628 \\u0623\\u0646 \\u0623\\u0634\\u0631\\u062d \\u0644\\u0643 \\u0643\\u064a\\u0641 \\u0648\\u0644\\u062f\\u062a \\u0643\\u0644 \\u0647\\u0630\\u0647 \\u0627\\u0644\\u0641\\u0643\\u0631\\u0629 \\u0627\\u0644\\u062e\\u0627\\u0637\\u0626\\u0629 \\u0627\\u0644\\u0645\\u062a\\u0645\\u062b\\u0644\\u0629 \\u0641\\u064a \\u0625\\u062f\\u0627\\u0646\\u0629 \\u0627\\u0644\\u0645\\u062a\\u0639\\u0629 \\u0648\\u0645\\u062f\\u062d \\u0627\\u0644\\u0623\\u0644\\u0645 \\u060c \\u0648\\u0633\\u0623\\u0642\\u062f\\u0645 \\u0644\\u0643 \\u0648\\u0635\\u0641\\u064b\\u0627 \\u0643\\u0627\\u0645\\u0644\\u0627\\u064b \\u0644\\u0644\\u0646\\u0638\\u0627\\u0645 \\u060c \\u0648\\u0623\\u0634\\u0631\\u062d \\u0627\\u0644\\u062a\\u0639\\u0627\\u0644\\u064a\\u0645 \\u0627\\u0644\\u0641\\u0639\\u0644\\u064a\\u0629 \\u0644\\u0644\\u0645\\u0633\\u062a\\u0643\\u0634\\u0641 \\u0627\\u0644\\u0639\\u0638\\u064a\\u0645. \\u0627\\u0644\\u062d\\u0642\\u064a\\u0642\\u0629 \\u060c \\u0635\\u0627\\u0646\\u0639 \\u0627\\u0644\\u0633\\u0639\\u0627\\u062f\\u0629 \\u0627\\u0644\\u0628\\u0634\\u0631\\u064a\\u0629. \\u0644\\u0627 \\u0623\\u062d\\u062f \\u064a\\u0631\\u0641\\u0636 \\u0623\\u0648 \\u064a\\u0643\\u0631\\u0647 \\u0623\\u0648 \\u064a\\u062a\\u062c\\u0646\\u0628 \\u0627\\u0644\\u0645\\u062a\\u0639\\u0629 \\u0646\\u0641\\u0633\\u0647\\u0627 \\u060c \\u0644\\u0623\\u0646\\u0647\\u0627 \\u0645\\u062a\\u0639\\u0629 \\u060c \\u0648\\u0644\\u0643\\u0646 \\u0644\\u0623\\u0646 \\u0623\\u0648\\u0644\\u0626\\u0643 \\u0627\\u0644\\u0630\\u064a\\u0646 \\u0644\\u0627 \\u064a\\u0639\\u0631\\u0641\\u0648\\u0646 \\u0643\\u064a\\u0641 \\u064a\\u0633\\u0639\\u0648\\u0646 \\u0648\\u0631\\u0627\\u0621 \\u0627\\u0644\\u0645\\u062a\\u0639\\u0629 \\u0628\\u0639\\u0642\\u0644\\u0627\\u0646\\u064a\\u0629 \\u0646\\u062d\\u0646 \\u0645\\u0645\\u062a\\u0646\\u0648\\u0646 \\u062c\\u062f\\u064b\\u0627 \\u0644\\u0643 \\u0639\\u0644\\u0649 \\u062a\\u0628\\u0631\\u0639\\u0643. \\u064a\\u0633\\u0627\\u0639\\u062f\\u0646\\u0627 \\u0645\\u062c\\u0647\\u0648\\u062f\\u0643 \\u0627\\u0644\\u0635\\u063a\\u064a\\u0631 \\u0641\\u064a \\u062a\\u063a\\u064a\\u064a\\u0631 \\u0627\\u0644\\u062d\\u064a\\u0627\\u0629 \\u0627\\u0644\\u0645\\u062c\\u062a\\u0645\\u0639\\u064a\\u0629 \\u0627\\u0644\\u0643\\u0628\\u064a\\u0631\\u0629 \\u060c \\u0648\\u064a\\u062c\\u0628 \\u0623\\u0646 \\u0623\\u0634\\u0631\\u062d \\u0644\\u0643 \\u0643\\u064a\\u0641 \\u0648\\u0644\\u062f\\u062a \\u0643\\u0644 \\u0647\\u0630\\u0647 \\u0627\\u0644\\u0641\\u0643\\u0631\\u0629 \\u0627\\u0644\\u062e\\u0627\\u0637\\u0626\\u0629 \\u0627\\u0644\\u0645\\u062a\\u0645\\u062b\\u0644\\u0629 \\u0641\\u064a \\u0625\\u062f\\u0627\\u0646\\u0629 \\u0627\\u0644\\u0645\\u062a\\u0639\\u0629 \\u0648\\u0645\\u062f\\u062d \\u0627\\u0644\\u0623\\u0644\\u0645 \\u060c \\u0648\\u0633\\u0623\\u0642\\u062f\\u0645 \\u0644\\u0643 \\u0648\\u0635\\u0641\\u064b\\u0627 \\u0643\\u0627\\u0645\\u0644\\u0627\\u064b \\u0644\\u0644\\u0646\\u0638\\u0627\\u0645 \\u060c \\u0648\\u0623\\u0634\\u0631\\u062d \\u0644\\u0643 \\u062d\\u0642\\u064a\\u0642\\u0629 \\u0627\\u0644\\u0623\\u0645\\u0631. \\u064a\\u062c\\u0628 \\u0623\\u0646 \\u0623\\u0634\\u0631\\u062d \\u0644\\u0643 \\u0643\\u064a\\u0641 \\u0643\\u0644 \\u0647\\u0630\\u0647 \\u0627\\u0644\\u0641\\u0643\\u0631\\u0629 \\u0627\\u0644\\u062e\\u0627\\u0637\\u0626\\u0629 \\u0644\\u0644\\u062a\\u0646\\u062f\\u064a\\u062f \\u0628\\u0627\\u0644\\u0644\\u0630\\u0629. \\u0646\\u062d\\u0646 \\u0645\\u0645\\u062a\\u0646\\u0648\\u0646 \\u062c\\u062f\\u064b\\u0627 \\u0644\\u0643 \\u0639\\u0644\\u0649 \\u062a\\u0628\\u0631\\u0639\\u0643. \\u064a\\u0633\\u0627\\u0639\\u062f\\u0646\\u0627 \\u0645\\u062c\\u0647\\u0648\\u062f\\u0643 \\u0627\\u0644\\u0635\\u063a\\u064a\\u0631 \\u0641\\u064a \\u062a\\u063a\\u064a\\u064a\\u0631 \\u0627\\u0644\\u062d\\u064a\\u0627\\u0629 \\u0627\\u0644\\u0645\\u062c\\u062a\\u0645\\u0639\\u064a\\u0629 \\u0627\\u0644\\u0643\\u0628\\u064a\\u0631\\u0629 \\u060c \\u0648\\u064a\\u062c\\u0628 \\u0623\\u0646 \\u0623\\u0634\\u0631\\u062d \\u0644\\u0643 \\u0643\\u064a\\u0641 \\u0648\\u0644\\u062f\\u062a \\u0643\\u0644 \\u0647\\u0630\\u0647 \\u0627\\u0644\\u0641\\u0643\\u0631\\u0629 \\u0627\\u0644\\u062e\\u0627\\u0637\\u0626\\u0629 \\u0627\\u0644\\u0645\\u062a\\u0645\\u062b\\u0644\\u0629 \\u0641\\u064a \\u0625\\u062f\\u0627\\u0646\\u0629 \\u0627\\u0644\\u0645\\u062a\\u0639\\u0629 \\u0648\\u0645\\u062f\\u062d \\u0627\\u0644\\u0623\\u0644\\u0645 \\u060c \\u0648\\u0633\\u0623\\u0642\\u062f\\u0645 \\u0644\\u0643 \\u0648\\u0635\\u0641\\u064b\\u0627 \\u0643\\u0627\\u0645\\u0644\\u0627\\u064b \\u0644\\u0644\\u0646\\u0638\\u0627\\u0645 \\u060c \\u0648\\u0623\\u0634\\u0631\\u062d \\u0644\\u0643 \\u062d\\u0642\\u064a\\u0642\\u0629 \\u0627\\u0644\\u0623\\u0645\\u0631. \\u064a\\u062c\\u0628 \\u0623\\u0646 \\u0623\\u0634\\u0631\\u062d \\u0644\\u0643 \\u0643\\u064a\\u0641 \\u0643\\u0644 \\u0647\\u0630\\u0647 \\u0627\\u0644\\u0641\\u0643\\u0631\\u0629 \\u0627\\u0644\\u062e\\u0627\\u0637\\u0626\\u0629 \\u0644\\u0644\\u062a\\u0646\\u062f\\u064a\\u062f \\u0628\\u0627\\u0644\\u0644\\u0630\\u0629. \\u0646\\u062d\\u0646 \\u0645\\u0645\\u062a\\u0646\\u0648\\u0646 \\u062c\\u062f\\u064b\\u0627 \\u0644\\u0643 \\u0639\\u0644\\u0649 \\u062a\\u0628\\u0631\\u0639\\u0643. \\u064a\\u0633\\u0627\\u0639\\u062f\\u0646\\u0627 \\u0645\\u062c\\u0647\\u0648\\u062f\\u0643 \\u0627\\u0644\\u0635\\u063a\\u064a\\u0631 \\u0641\\u064a \\u062a\\u063a\\u064a\\u064a\\u0631 \\u0627\\u0644\\u062d\\u064a\\u0627\\u0629 \\u0627\\u0644\\u0645\\u062c\\u062a\\u0645\\u0639\\u064a\\u0629 \\u0627\\u0644\\u0643\\u0628\\u064a\\u0631\\u0629 \\u060c \\u0648\\u064a\\u062c\\u0628 \\u0623\\u0646 \\u0623\\u0634\\u0631\\u062d \\u0644\\u0643 \\u0643\\u064a\\u0641 \\u0648\\u0644\\u062f\\u062a \\u0643\\u0644 \\u0647\\u0630\\u0647 \\u0627\\u0644\\u0641\\u0643\\u0631\\u0629 \\u0627\\u0644\\u062e\\u0627\\u0637\\u0626\\u0629 \\u0627\\u0644\\u0645\\u062a\\u0645\\u062b\\u0644\\u0629 \\u0641\\u064a \\u0625\\u062f\\u0627\\u0646\\u0629 \\u0627\\u0644\\u0645\\u062a\\u0639\\u0629 \\u0648\\u0645\\u062f\\u062d \\u0627\\u0644\\u0623\\u0644\\u0645 \\u060c \\u0648\\u0633\\u0623\\u0642\\u062f\\u0645 \\u0644\\u0643 \\u0648\\u0635\\u0641\\u064b\\u0627 \\u0643\\u0627\\u0645\\u0644\\u0627\\u064b \\u0644\\u0644\\u0646\\u0638\\u0627\\u0645 \\u060c \\u0648\\u0623\\u0634\\u0631\\u062d \\u0644\\u0643 \\u062d\\u0642\\u064a\\u0642\\u0629 \\u0627\\u0644\\u0623\\u0645\\u0631. \\u064a\\u062c\\u0628 \\u0623\\u0646 \\u0623\\u0634\\u0631\\u062d \\u0644\\u0643 \\u0643\\u064a\\u0641 \\u0643\\u0644 \\u0647\\u0630\\u0647 \\u0627\\u0644\\u0641\\u0643\\u0631\\u0629 \\u0627\\u0644\\u062e\\u0627\\u0637\\u0626\\u0629 \\u0644\\u0644\\u062a\\u0646\\u062f\\u064a\\u062f \\u0628\\u0627\\u0644\\u0644\\u0630\\u0629. \\u0646\\u062d\\u0646 \\u0645\\u0645\\u062a\\u0646\\u0648\\u0646 \\u062c\\u062f\\u064b\\u0627 \\u0644\\u0643 \\u0639\\u0644\\u0649 \\u062a\\u0628\\u0631\\u0639\\u0643. \\u064a\\u0633\\u0627\\u0639\\u062f\\u0646\\u0627 \\u0645\\u062c\\u0647\\u0648\\u062f\\u0643 \\u0627\\u0644\\u0635\\u063a\\u064a\\u0631 \\u0641\\u064a \\u062a\\u063a\\u064a\\u064a\\u0631 \\u0627\\u0644\\u062d\\u064a\\u0627\\u0629 \\u0627\\u0644\\u0645\\u062c\\u062a\\u0645\\u0639\\u064a\\u0629 \\u0627\\u0644\\u0643\\u0628\\u064a\\u0631\\u0629 \\u060c \\u0648\\u064a\\u062c\\u0628 \\u0623\\u0646 \\u0623\\u0634\\u0631\\u062d \\u0644\\u0643 \\u0643\\u064a\\u0641 \\u0648\\u0644\\u062f\\u062a \\u0643\\u0644 \\u0647\\u0630\\u0647 \\u0627\\u0644\\u0641\\u0643\\u0631\\u0629 \\u0627\\u0644\\u062e\\u0627\\u0637\\u0626\\u0629 \\u0627\\u0644\\u0645\\u062a\\u0645\\u062b\\u0644\\u0629 \\u0641\\u064a \\u0625\\u062f\\u0627\\u0646\\u0629 \\u0627\\u0644\\u0645\\u062a\\u0639\\u0629 \\u0648\\u0645\\u062f\\u062d \\u0627\\u0644\\u0623\\u0644\\u0645 \\u060c \\u0648\\u0633\\u0623\\u0642\\u062f\\u0645 \\u0644\\u0643 \\u0648\\u0635\\u0641\\u064b\\u0627 \\u0643\\u0627\\u0645\\u0644\\u0627\\u064b \\u0644\\u0644\\u0646\\u0638\\u0627\\u0645 \\u060c \\u0648\\u0623\\u0634\\u0631\\u062d \\u0644\\u0643 \\u062d\\u0642\\u064a\\u0642\\u0629 \\u0627\\u0644\\u0623\\u0645\\u0631. \\u064a\\u062c\\u0628 \\u0623\\u0646 \\u0623\\u0634\\u0631\\u062d \\u0644\\u0643 \\u0643\\u064a\\u0641 \\u0643\\u0644 \\u0647\\u0630\\u0647 \\u0627\\u0644\\u0641\\u0643\\u0631\\u0629 \\u0627\\u0644\\u062e\\u0627\\u0637\\u0626\\u0629 \\u0644\\u0644\\u062a\\u0646\\u062f\\u064a\\u062f \\u0628\\u0627\\u0644\\u0644\\u0630\\u0629\"}","created_at":"2022-12-26 06:33:45","updated_at":"2023-04-29 18:55:08"},{"id":8,"product_id":12,"shipping_return_description":"{\"en_US\":\"We azbe very much greatful to you for your donation. Your little effort help us to change big community life I must explain to you how all this mistaken idea of denouncing pleen_USure and praising pain wen_US azbrn and I will give you a complete account of the system, and expound the actual teachings of the great explorer of the truth, the men_USter-builder of human happiness. No one rejects, dislikes, or avoids pleen_USure itself, beazbuse it is pleen_USure, but beazbuse those who do not know how to pursue pleen_USure rationally We azbe very much greatful to you for your donation. Your little effort help us to change big community life I must explain to you how all this mistaken idea of denouncing pleen_USure and praising pain wen_US azbrn and I will give you a complete account of the system, and expound the actual . I must explain to you how all this mistaken idea of denouncing pleen_USure . We azbe very much greatful to you for your donation. Your little effort help us to change big community life I must explain to you how all this mistaken idea of denouncing pleen_USure and praising pain wen_US azbrn and I will give you a complete account of the system, and expound the actual . I must explain to you how all this mistaken idea of denouncing pleen_USure . We azbe very much greatful to you for your donation. Your little effort help us to change big community life I must explain to you how all this mistaken idea of denouncing pleen_USure and praising pain wen_US azbrn and I will give you a complete account of the system, and expound the actual . I must explain to you how all this mistaken idea of denouncing pleen_USure . We azbe very much greatful to you for your donation. Your little effort help us to change big community life I must explain to you how all this mistaken idea of denouncing pleen_USure and praising pain wen_US azbrn and I will give you a complete account of the system, and expound the actual . I must explain to you how all this mistaken idea of denouncing pleen_USure\",\"azb\":\"\\u0646\\u062d\\u0646 \\u0645\\u0645\\u062a\\u0646\\u0648\\u0646 \\u062c\\u062f\\u064b\\u0627 \\u0644\\u0643 \\u0639\\u0644\\u0649 \\u062a\\u0628\\u0631\\u0639\\u0643. \\u064a\\u0633\\u0627\\u0639\\u062f\\u0646\\u0627 \\u0645\\u062c\\u0647\\u0648\\u062f\\u0643 \\u0627\\u0644\\u0635\\u063a\\u064a\\u0631 \\u0641\\u064a \\u062a\\u063a\\u064a\\u064a\\u0631 \\u0627\\u0644\\u062d\\u064a\\u0627\\u0629 \\u0627\\u0644\\u0645\\u062c\\u062a\\u0645\\u0639\\u064a\\u0629 \\u0627\\u0644\\u0643\\u0628\\u064a\\u0631\\u0629 \\u060c \\u0648\\u064a\\u062c\\u0628 \\u0623\\u0646 \\u0623\\u0634\\u0631\\u062d \\u0644\\u0643 \\u0643\\u064a\\u0641 \\u0648\\u0644\\u062f\\u062a \\u0643\\u0644 \\u0647\\u0630\\u0647 \\u0627\\u0644\\u0641\\u0643\\u0631\\u0629 \\u0627\\u0644\\u062e\\u0627\\u0637\\u0626\\u0629 \\u0627\\u0644\\u0645\\u062a\\u0645\\u062b\\u0644\\u0629 \\u0641\\u064a \\u0625\\u062f\\u0627\\u0646\\u0629 \\u0627\\u0644\\u0645\\u062a\\u0639\\u0629 \\u0648\\u0645\\u062f\\u062d \\u0627\\u0644\\u0623\\u0644\\u0645 \\u060c \\u0648\\u0633\\u0623\\u0642\\u062f\\u0645 \\u0644\\u0643 \\u0648\\u0635\\u0641\\u064b\\u0627 \\u0643\\u0627\\u0645\\u0644\\u0627\\u064b \\u0644\\u0644\\u0646\\u0638\\u0627\\u0645 \\u060c \\u0648\\u0623\\u0634\\u0631\\u062d \\u0627\\u0644\\u062a\\u0639\\u0627\\u0644\\u064a\\u0645 \\u0627\\u0644\\u0641\\u0639\\u0644\\u064a\\u0629 \\u0644\\u0644\\u0645\\u0633\\u062a\\u0643\\u0634\\u0641 \\u0627\\u0644\\u0639\\u0638\\u064a\\u0645. \\u0627\\u0644\\u062d\\u0642\\u064a\\u0642\\u0629 \\u060c \\u0635\\u0627\\u0646\\u0639 \\u0627\\u0644\\u0633\\u0639\\u0627\\u062f\\u0629 \\u0627\\u0644\\u0628\\u0634\\u0631\\u064a\\u0629. \\u0644\\u0627 \\u0623\\u062d\\u062f \\u064a\\u0631\\u0641\\u0636 \\u0623\\u0648 \\u064a\\u0643\\u0631\\u0647 \\u0623\\u0648 \\u064a\\u062a\\u062c\\u0646\\u0628 \\u0627\\u0644\\u0645\\u062a\\u0639\\u0629 \\u0646\\u0641\\u0633\\u0647\\u0627 \\u060c \\u0644\\u0623\\u0646\\u0647\\u0627 \\u0645\\u062a\\u0639\\u0629 \\u060c \\u0648\\u0644\\u0643\\u0646 \\u0644\\u0623\\u0646 \\u0623\\u0648\\u0644\\u0626\\u0643 \\u0627\\u0644\\u0630\\u064a\\u0646 \\u0644\\u0627 \\u064a\\u0639\\u0631\\u0641\\u0648\\u0646 \\u0643\\u064a\\u0641 \\u064a\\u0633\\u0639\\u0648\\u0646 \\u0648\\u0631\\u0627\\u0621 \\u0627\\u0644\\u0645\\u062a\\u0639\\u0629 \\u0628\\u0639\\u0642\\u0644\\u0627\\u0646\\u064a\\u0629 \\u0646\\u062d\\u0646 \\u0645\\u0645\\u062a\\u0646\\u0648\\u0646 \\u062c\\u062f\\u064b\\u0627 \\u0644\\u0643 \\u0639\\u0644\\u0649 \\u062a\\u0628\\u0631\\u0639\\u0643. \\u064a\\u0633\\u0627\\u0639\\u062f\\u0646\\u0627 \\u0645\\u062c\\u0647\\u0648\\u062f\\u0643 \\u0627\\u0644\\u0635\\u063a\\u064a\\u0631 \\u0641\\u064a \\u062a\\u063a\\u064a\\u064a\\u0631 \\u0627\\u0644\\u062d\\u064a\\u0627\\u0629 \\u0627\\u0644\\u0645\\u062c\\u062a\\u0645\\u0639\\u064a\\u0629 \\u0627\\u0644\\u0643\\u0628\\u064a\\u0631\\u0629 \\u060c \\u0648\\u064a\\u062c\\u0628 \\u0623\\u0646 \\u0623\\u0634\\u0631\\u062d \\u0644\\u0643 \\u0643\\u064a\\u0641 \\u0648\\u0644\\u062f\\u062a \\u0643\\u0644 \\u0647\\u0630\\u0647 \\u0627\\u0644\\u0641\\u0643\\u0631\\u0629 \\u0627\\u0644\\u062e\\u0627\\u0637\\u0626\\u0629 \\u0627\\u0644\\u0645\\u062a\\u0645\\u062b\\u0644\\u0629 \\u0641\\u064a \\u0625\\u062f\\u0627\\u0646\\u0629 \\u0627\\u0644\\u0645\\u062a\\u0639\\u0629 \\u0648\\u0645\\u062f\\u062d \\u0627\\u0644\\u0623\\u0644\\u0645 \\u060c \\u0648\\u0633\\u0623\\u0642\\u062f\\u0645 \\u0644\\u0643 \\u0648\\u0635\\u0641\\u064b\\u0627 \\u0643\\u0627\\u0645\\u0644\\u0627\\u064b \\u0644\\u0644\\u0646\\u0638\\u0627\\u0645 \\u060c \\u0648\\u0623\\u0634\\u0631\\u062d \\u0644\\u0643 \\u062d\\u0642\\u064a\\u0642\\u0629 \\u0627\\u0644\\u0623\\u0645\\u0631. \\u064a\\u062c\\u0628 \\u0623\\u0646 \\u0623\\u0634\\u0631\\u062d \\u0644\\u0643 \\u0643\\u064a\\u0641 \\u0643\\u0644 \\u0647\\u0630\\u0647 \\u0627\\u0644\\u0641\\u0643\\u0631\\u0629 \\u0627\\u0644\\u062e\\u0627\\u0637\\u0626\\u0629 \\u0644\\u0644\\u062a\\u0646\\u062f\\u064a\\u062f \\u0628\\u0627\\u0644\\u0644\\u0630\\u0629. \\u0646\\u062d\\u0646 \\u0645\\u0645\\u062a\\u0646\\u0648\\u0646 \\u062c\\u062f\\u064b\\u0627 \\u0644\\u0643 \\u0639\\u0644\\u0649 \\u062a\\u0628\\u0631\\u0639\\u0643. \\u064a\\u0633\\u0627\\u0639\\u062f\\u0646\\u0627 \\u0645\\u062c\\u0647\\u0648\\u062f\\u0643 \\u0627\\u0644\\u0635\\u063a\\u064a\\u0631 \\u0641\\u064a \\u062a\\u063a\\u064a\\u064a\\u0631 \\u0627\\u0644\\u062d\\u064a\\u0627\\u0629 \\u0627\\u0644\\u0645\\u062c\\u062a\\u0645\\u0639\\u064a\\u0629 \\u0627\\u0644\\u0643\\u0628\\u064a\\u0631\\u0629 \\u060c \\u0648\\u064a\\u062c\\u0628 \\u0623\\u0646 \\u0623\\u0634\\u0631\\u062d \\u0644\\u0643 \\u0643\\u064a\\u0641 \\u0648\\u0644\\u062f\\u062a \\u0643\\u0644 \\u0647\\u0630\\u0647 \\u0627\\u0644\\u0641\\u0643\\u0631\\u0629 \\u0627\\u0644\\u062e\\u0627\\u0637\\u0626\\u0629 \\u0627\\u0644\\u0645\\u062a\\u0645\\u062b\\u0644\\u0629 \\u0641\\u064a \\u0625\\u062f\\u0627\\u0646\\u0629 \\u0627\\u0644\\u0645\\u062a\\u0639\\u0629 \\u0648\\u0645\\u062f\\u062d \\u0627\\u0644\\u0623\\u0644\\u0645 \\u060c \\u0648\\u0633\\u0623\\u0642\\u062f\\u0645 \\u0644\\u0643 \\u0648\\u0635\\u0641\\u064b\\u0627 \\u0643\\u0627\\u0645\\u0644\\u0627\\u064b \\u0644\\u0644\\u0646\\u0638\\u0627\\u0645 \\u060c \\u0648\\u0623\\u0634\\u0631\\u062d \\u0644\\u0643 \\u062d\\u0642\\u064a\\u0642\\u0629 \\u0627\\u0644\\u0623\\u0645\\u0631. \\u064a\\u062c\\u0628 \\u0623\\u0646 \\u0623\\u0634\\u0631\\u062d \\u0644\\u0643 \\u0643\\u064a\\u0641 \\u0643\\u0644 \\u0647\\u0630\\u0647 \\u0627\\u0644\\u0641\\u0643\\u0631\\u0629 \\u0627\\u0644\\u062e\\u0627\\u0637\\u0626\\u0629 \\u0644\\u0644\\u062a\\u0646\\u062f\\u064a\\u062f \\u0628\\u0627\\u0644\\u0644\\u0630\\u0629. \\u0646\\u062d\\u0646 \\u0645\\u0645\\u062a\\u0646\\u0648\\u0646 \\u062c\\u062f\\u064b\\u0627 \\u0644\\u0643 \\u0639\\u0644\\u0649 \\u062a\\u0628\\u0631\\u0639\\u0643. \\u064a\\u0633\\u0627\\u0639\\u062f\\u0646\\u0627 \\u0645\\u062c\\u0647\\u0648\\u062f\\u0643 \\u0627\\u0644\\u0635\\u063a\\u064a\\u0631 \\u0641\\u064a \\u062a\\u063a\\u064a\\u064a\\u0631 \\u0627\\u0644\\u062d\\u064a\\u0627\\u0629 \\u0627\\u0644\\u0645\\u062c\\u062a\\u0645\\u0639\\u064a\\u0629 \\u0627\\u0644\\u0643\\u0628\\u064a\\u0631\\u0629 \\u060c \\u0648\\u064a\\u062c\\u0628 \\u0623\\u0646 \\u0623\\u0634\\u0631\\u062d \\u0644\\u0643 \\u0643\\u064a\\u0641 \\u0648\\u0644\\u062f\\u062a \\u0643\\u0644 \\u0647\\u0630\\u0647 \\u0627\\u0644\\u0641\\u0643\\u0631\\u0629 \\u0627\\u0644\\u062e\\u0627\\u0637\\u0626\\u0629 \\u0627\\u0644\\u0645\\u062a\\u0645\\u062b\\u0644\\u0629 \\u0641\\u064a \\u0625\\u062f\\u0627\\u0646\\u0629 \\u0627\\u0644\\u0645\\u062a\\u0639\\u0629 \\u0648\\u0645\\u062f\\u062d \\u0627\\u0644\\u0623\\u0644\\u0645 \\u060c \\u0648\\u0633\\u0623\\u0642\\u062f\\u0645 \\u0644\\u0643 \\u0648\\u0635\\u0641\\u064b\\u0627 \\u0643\\u0627\\u0645\\u0644\\u0627\\u064b \\u0644\\u0644\\u0646\\u0638\\u0627\\u0645 \\u060c \\u0648\\u0623\\u0634\\u0631\\u062d \\u0644\\u0643 \\u062d\\u0642\\u064a\\u0642\\u0629 \\u0627\\u0644\\u0623\\u0645\\u0631. \\u064a\\u062c\\u0628 \\u0623\\u0646 \\u0623\\u0634\\u0631\\u062d \\u0644\\u0643 \\u0643\\u064a\\u0641 \\u0643\\u0644 \\u0647\\u0630\\u0647 \\u0627\\u0644\\u0641\\u0643\\u0631\\u0629 \\u0627\\u0644\\u062e\\u0627\\u0637\\u0626\\u0629 \\u0644\\u0644\\u062a\\u0646\\u062f\\u064a\\u062f \\u0628\\u0627\\u0644\\u0644\\u0630\\u0629. \\u0646\\u062d\\u0646 \\u0645\\u0645\\u062a\\u0646\\u0648\\u0646 \\u062c\\u062f\\u064b\\u0627 \\u0644\\u0643 \\u0639\\u0644\\u0649 \\u062a\\u0628\\u0631\\u0639\\u0643. \\u064a\\u0633\\u0627\\u0639\\u062f\\u0646\\u0627 \\u0645\\u062c\\u0647\\u0648\\u062f\\u0643 \\u0627\\u0644\\u0635\\u063a\\u064a\\u0631 \\u0641\\u064a \\u062a\\u063a\\u064a\\u064a\\u0631 \\u0627\\u0644\\u062d\\u064a\\u0627\\u0629 \\u0627\\u0644\\u0645\\u062c\\u062a\\u0645\\u0639\\u064a\\u0629 \\u0627\\u0644\\u0643\\u0628\\u064a\\u0631\\u0629 \\u060c \\u0648\\u064a\\u062c\\u0628 \\u0623\\u0646 \\u0623\\u0634\\u0631\\u062d \\u0644\\u0643 \\u0643\\u064a\\u0641 \\u0648\\u0644\\u062f\\u062a \\u0643\\u0644 \\u0647\\u0630\\u0647 \\u0627\\u0644\\u0641\\u0643\\u0631\\u0629 \\u0627\\u0644\\u062e\\u0627\\u0637\\u0626\\u0629 \\u0627\\u0644\\u0645\\u062a\\u0645\\u062b\\u0644\\u0629 \\u0641\\u064a \\u0625\\u062f\\u0627\\u0646\\u0629 \\u0627\\u0644\\u0645\\u062a\\u0639\\u0629 \\u0648\\u0645\\u062f\\u062d \\u0627\\u0644\\u0623\\u0644\\u0645 \\u060c \\u0648\\u0633\\u0623\\u0642\\u062f\\u0645 \\u0644\\u0643 \\u0648\\u0635\\u0641\\u064b\\u0627 \\u0643\\u0627\\u0645\\u0644\\u0627\\u064b \\u0644\\u0644\\u0646\\u0638\\u0627\\u0645 \\u060c \\u0648\\u0623\\u0634\\u0631\\u062d \\u0644\\u0643 \\u062d\\u0642\\u064a\\u0642\\u0629 \\u0627\\u0644\\u0623\\u0645\\u0631. \\u064a\\u062c\\u0628 \\u0623\\u0646 \\u0623\\u0634\\u0631\\u062d \\u0644\\u0643 \\u0643\\u064a\\u0641 \\u0643\\u0644 \\u0647\\u0630\\u0647 \\u0627\\u0644\\u0641\\u0643\\u0631\\u0629 \\u0627\\u0644\\u062e\\u0627\\u0637\\u0626\\u0629 \\u0644\\u0644\\u062a\\u0646\\u062f\\u064a\\u062f \\u0628\\u0627\\u0644\\u0644\\u0630\\u0629\"}","created_at":"2022-12-26 06:35:15","updated_at":"2023-04-29 18:55:08"},{"id":9,"product_id":13,"shipping_return_description":"{\"en_US\":\"We azbe very much greatful to you for your donation. Your little effort help us to change big community life I must explain to you how all this mistaken idea of denouncing pleen_USure and praising pain wen_US azbrn and I will give you a complete account of the system, and expound the actual teachings of the great explorer of the truth, the men_USter-builder of human happiness. No one rejects, dislikes, or avoids pleen_USure itself, beazbuse it is pleen_USure, but beazbuse those who do not know how to pursue pleen_USure rationally We azbe very much greatful to you for your donation. Your little effort help us to change big community life I must explain to you how all this mistaken idea of denouncing pleen_USure and praising pain wen_US azbrn and I will give you a complete account of the system, and expound the actual . I must explain to you how all this mistaken idea of denouncing pleen_USure . We azbe very much greatful to you for your donation. Your little effort help us to change big community life I must explain to you how all this mistaken idea of denouncing pleen_USure and praising pain wen_US azbrn and I will give you a complete account of the system, and expound the actual . I must explain to you how all this mistaken idea of denouncing pleen_USure . We azbe very much greatful to you for your donation. Your little effort help us to change big community life I must explain to you how all this mistaken idea of denouncing pleen_USure and praising pain wen_US azbrn and I will give you a complete account of the system, and expound the actual . I must explain to you how all this mistaken idea of denouncing pleen_USure . We azbe very much greatful to you for your donation. Your little effort help us to change big community life I must explain to you how all this mistaken idea of denouncing pleen_USure and praising pain wen_US azbrn and I will give you a complete account of the system, and expound the actual . I must explain to you how all this mistaken idea of denouncing pleen_USure\",\"azb\":\"\\u0646\\u062d\\u0646 \\u0645\\u0645\\u062a\\u0646\\u0648\\u0646 \\u062c\\u062f\\u064b\\u0627 \\u0644\\u0643 \\u0639\\u0644\\u0649 \\u062a\\u0628\\u0631\\u0639\\u0643. \\u064a\\u0633\\u0627\\u0639\\u062f\\u0646\\u0627 \\u0645\\u062c\\u0647\\u0648\\u062f\\u0643 \\u0627\\u0644\\u0635\\u063a\\u064a\\u0631 \\u0641\\u064a \\u062a\\u063a\\u064a\\u064a\\u0631 \\u0627\\u0644\\u062d\\u064a\\u0627\\u0629 \\u0627\\u0644\\u0645\\u062c\\u062a\\u0645\\u0639\\u064a\\u0629 \\u0627\\u0644\\u0643\\u0628\\u064a\\u0631\\u0629 \\u060c \\u0648\\u064a\\u062c\\u0628 \\u0623\\u0646 \\u0623\\u0634\\u0631\\u062d \\u0644\\u0643 \\u0643\\u064a\\u0641 \\u0648\\u0644\\u062f\\u062a \\u0643\\u0644 \\u0647\\u0630\\u0647 \\u0627\\u0644\\u0641\\u0643\\u0631\\u0629 \\u0627\\u0644\\u062e\\u0627\\u0637\\u0626\\u0629 \\u0627\\u0644\\u0645\\u062a\\u0645\\u062b\\u0644\\u0629 \\u0641\\u064a \\u0625\\u062f\\u0627\\u0646\\u0629 \\u0627\\u0644\\u0645\\u062a\\u0639\\u0629 \\u0648\\u0645\\u062f\\u062d \\u0627\\u0644\\u0623\\u0644\\u0645 \\u060c \\u0648\\u0633\\u0623\\u0642\\u062f\\u0645 \\u0644\\u0643 \\u0648\\u0635\\u0641\\u064b\\u0627 \\u0643\\u0627\\u0645\\u0644\\u0627\\u064b \\u0644\\u0644\\u0646\\u0638\\u0627\\u0645 \\u060c \\u0648\\u0623\\u0634\\u0631\\u062d \\u0627\\u0644\\u062a\\u0639\\u0627\\u0644\\u064a\\u0645 \\u0627\\u0644\\u0641\\u0639\\u0644\\u064a\\u0629 \\u0644\\u0644\\u0645\\u0633\\u062a\\u0643\\u0634\\u0641 \\u0627\\u0644\\u0639\\u0638\\u064a\\u0645. \\u0627\\u0644\\u062d\\u0642\\u064a\\u0642\\u0629 \\u060c \\u0635\\u0627\\u0646\\u0639 \\u0627\\u0644\\u0633\\u0639\\u0627\\u062f\\u0629 \\u0627\\u0644\\u0628\\u0634\\u0631\\u064a\\u0629. \\u0644\\u0627 \\u0623\\u062d\\u062f \\u064a\\u0631\\u0641\\u0636 \\u0623\\u0648 \\u064a\\u0643\\u0631\\u0647 \\u0623\\u0648 \\u064a\\u062a\\u062c\\u0646\\u0628 \\u0627\\u0644\\u0645\\u062a\\u0639\\u0629 \\u0646\\u0641\\u0633\\u0647\\u0627 \\u060c \\u0644\\u0623\\u0646\\u0647\\u0627 \\u0645\\u062a\\u0639\\u0629 \\u060c \\u0648\\u0644\\u0643\\u0646 \\u0644\\u0623\\u0646 \\u0623\\u0648\\u0644\\u0626\\u0643 \\u0627\\u0644\\u0630\\u064a\\u0646 \\u0644\\u0627 \\u064a\\u0639\\u0631\\u0641\\u0648\\u0646 \\u0643\\u064a\\u0641 \\u064a\\u0633\\u0639\\u0648\\u0646 \\u0648\\u0631\\u0627\\u0621 \\u0627\\u0644\\u0645\\u062a\\u0639\\u0629 \\u0628\\u0639\\u0642\\u0644\\u0627\\u0646\\u064a\\u0629 \\u0646\\u062d\\u0646 \\u0645\\u0645\\u062a\\u0646\\u0648\\u0646 \\u062c\\u062f\\u064b\\u0627 \\u0644\\u0643 \\u0639\\u0644\\u0649 \\u062a\\u0628\\u0631\\u0639\\u0643. \\u064a\\u0633\\u0627\\u0639\\u062f\\u0646\\u0627 \\u0645\\u062c\\u0647\\u0648\\u062f\\u0643 \\u0627\\u0644\\u0635\\u063a\\u064a\\u0631 \\u0641\\u064a \\u062a\\u063a\\u064a\\u064a\\u0631 \\u0627\\u0644\\u062d\\u064a\\u0627\\u0629 \\u0627\\u0644\\u0645\\u062c\\u062a\\u0645\\u0639\\u064a\\u0629 \\u0627\\u0644\\u0643\\u0628\\u064a\\u0631\\u0629 \\u060c \\u0648\\u064a\\u062c\\u0628 \\u0623\\u0646 \\u0623\\u0634\\u0631\\u062d \\u0644\\u0643 \\u0643\\u064a\\u0641 \\u0648\\u0644\\u062f\\u062a \\u0643\\u0644 \\u0647\\u0630\\u0647 \\u0627\\u0644\\u0641\\u0643\\u0631\\u0629 \\u0627\\u0644\\u062e\\u0627\\u0637\\u0626\\u0629 \\u0627\\u0644\\u0645\\u062a\\u0645\\u062b\\u0644\\u0629 \\u0641\\u064a \\u0625\\u062f\\u0627\\u0646\\u0629 \\u0627\\u0644\\u0645\\u062a\\u0639\\u0629 \\u0648\\u0645\\u062f\\u062d \\u0627\\u0644\\u0623\\u0644\\u0645 \\u060c \\u0648\\u0633\\u0623\\u0642\\u062f\\u0645 \\u0644\\u0643 \\u0648\\u0635\\u0641\\u064b\\u0627 \\u0643\\u0627\\u0645\\u0644\\u0627\\u064b \\u0644\\u0644\\u0646\\u0638\\u0627\\u0645 \\u060c \\u0648\\u0623\\u0634\\u0631\\u062d \\u0644\\u0643 \\u062d\\u0642\\u064a\\u0642\\u0629 \\u0627\\u0644\\u0623\\u0645\\u0631. \\u064a\\u062c\\u0628 \\u0623\\u0646 \\u0623\\u0634\\u0631\\u062d \\u0644\\u0643 \\u0643\\u064a\\u0641 \\u0643\\u0644 \\u0647\\u0630\\u0647 \\u0627\\u0644\\u0641\\u0643\\u0631\\u0629 \\u0627\\u0644\\u062e\\u0627\\u0637\\u0626\\u0629 \\u0644\\u0644\\u062a\\u0646\\u062f\\u064a\\u062f \\u0628\\u0627\\u0644\\u0644\\u0630\\u0629. \\u0646\\u062d\\u0646 \\u0645\\u0645\\u062a\\u0646\\u0648\\u0646 \\u062c\\u062f\\u064b\\u0627 \\u0644\\u0643 \\u0639\\u0644\\u0649 \\u062a\\u0628\\u0631\\u0639\\u0643. \\u064a\\u0633\\u0627\\u0639\\u062f\\u0646\\u0627 \\u0645\\u062c\\u0647\\u0648\\u062f\\u0643 \\u0627\\u0644\\u0635\\u063a\\u064a\\u0631 \\u0641\\u064a \\u062a\\u063a\\u064a\\u064a\\u0631 \\u0627\\u0644\\u062d\\u064a\\u0627\\u0629 \\u0627\\u0644\\u0645\\u062c\\u062a\\u0645\\u0639\\u064a\\u0629 \\u0627\\u0644\\u0643\\u0628\\u064a\\u0631\\u0629 \\u060c \\u0648\\u064a\\u062c\\u0628 \\u0623\\u0646 \\u0623\\u0634\\u0631\\u062d \\u0644\\u0643 \\u0643\\u064a\\u0641 \\u0648\\u0644\\u062f\\u062a \\u0643\\u0644 \\u0647\\u0630\\u0647 \\u0627\\u0644\\u0641\\u0643\\u0631\\u0629 \\u0627\\u0644\\u062e\\u0627\\u0637\\u0626\\u0629 \\u0627\\u0644\\u0645\\u062a\\u0645\\u062b\\u0644\\u0629 \\u0641\\u064a \\u0625\\u062f\\u0627\\u0646\\u0629 \\u0627\\u0644\\u0645\\u062a\\u0639\\u0629 \\u0648\\u0645\\u062f\\u062d \\u0627\\u0644\\u0623\\u0644\\u0645 \\u060c \\u0648\\u0633\\u0623\\u0642\\u062f\\u0645 \\u0644\\u0643 \\u0648\\u0635\\u0641\\u064b\\u0627 \\u0643\\u0627\\u0645\\u0644\\u0627\\u064b \\u0644\\u0644\\u0646\\u0638\\u0627\\u0645 \\u060c \\u0648\\u0623\\u0634\\u0631\\u062d \\u0644\\u0643 \\u062d\\u0642\\u064a\\u0642\\u0629 \\u0627\\u0644\\u0623\\u0645\\u0631. \\u064a\\u062c\\u0628 \\u0623\\u0646 \\u0623\\u0634\\u0631\\u062d \\u0644\\u0643 \\u0643\\u064a\\u0641 \\u0643\\u0644 \\u0647\\u0630\\u0647 \\u0627\\u0644\\u0641\\u0643\\u0631\\u0629 \\u0627\\u0644\\u062e\\u0627\\u0637\\u0626\\u0629 \\u0644\\u0644\\u062a\\u0646\\u062f\\u064a\\u062f \\u0628\\u0627\\u0644\\u0644\\u0630\\u0629. \\u0646\\u062d\\u0646 \\u0645\\u0645\\u062a\\u0646\\u0648\\u0646 \\u062c\\u062f\\u064b\\u0627 \\u0644\\u0643 \\u0639\\u0644\\u0649 \\u062a\\u0628\\u0631\\u0639\\u0643. \\u064a\\u0633\\u0627\\u0639\\u062f\\u0646\\u0627 \\u0645\\u062c\\u0647\\u0648\\u062f\\u0643 \\u0627\\u0644\\u0635\\u063a\\u064a\\u0631 \\u0641\\u064a \\u062a\\u063a\\u064a\\u064a\\u0631 \\u0627\\u0644\\u062d\\u064a\\u0627\\u0629 \\u0627\\u0644\\u0645\\u062c\\u062a\\u0645\\u0639\\u064a\\u0629 \\u0627\\u0644\\u0643\\u0628\\u064a\\u0631\\u0629 \\u060c \\u0648\\u064a\\u062c\\u0628 \\u0623\\u0646 \\u0623\\u0634\\u0631\\u062d \\u0644\\u0643 \\u0643\\u064a\\u0641 \\u0648\\u0644\\u062f\\u062a \\u0643\\u0644 \\u0647\\u0630\\u0647 \\u0627\\u0644\\u0641\\u0643\\u0631\\u0629 \\u0627\\u0644\\u062e\\u0627\\u0637\\u0626\\u0629 \\u0627\\u0644\\u0645\\u062a\\u0645\\u062b\\u0644\\u0629 \\u0641\\u064a \\u0625\\u062f\\u0627\\u0646\\u0629 \\u0627\\u0644\\u0645\\u062a\\u0639\\u0629 \\u0648\\u0645\\u062f\\u062d \\u0627\\u0644\\u0623\\u0644\\u0645 \\u060c \\u0648\\u0633\\u0623\\u0642\\u062f\\u0645 \\u0644\\u0643 \\u0648\\u0635\\u0641\\u064b\\u0627 \\u0643\\u0627\\u0645\\u0644\\u0627\\u064b \\u0644\\u0644\\u0646\\u0638\\u0627\\u0645 \\u060c \\u0648\\u0623\\u0634\\u0631\\u062d \\u0644\\u0643 \\u062d\\u0642\\u064a\\u0642\\u0629 \\u0627\\u0644\\u0623\\u0645\\u0631. \\u064a\\u062c\\u0628 \\u0623\\u0646 \\u0623\\u0634\\u0631\\u062d \\u0644\\u0643 \\u0643\\u064a\\u0641 \\u0643\\u0644 \\u0647\\u0630\\u0647 \\u0627\\u0644\\u0641\\u0643\\u0631\\u0629 \\u0627\\u0644\\u062e\\u0627\\u0637\\u0626\\u0629 \\u0644\\u0644\\u062a\\u0646\\u062f\\u064a\\u062f \\u0628\\u0627\\u0644\\u0644\\u0630\\u0629. \\u0646\\u062d\\u0646 \\u0645\\u0645\\u062a\\u0646\\u0648\\u0646 \\u062c\\u062f\\u064b\\u0627 \\u0644\\u0643 \\u0639\\u0644\\u0649 \\u062a\\u0628\\u0631\\u0639\\u0643. \\u064a\\u0633\\u0627\\u0639\\u062f\\u0646\\u0627 \\u0645\\u062c\\u0647\\u0648\\u062f\\u0643 \\u0627\\u0644\\u0635\\u063a\\u064a\\u0631 \\u0641\\u064a \\u062a\\u063a\\u064a\\u064a\\u0631 \\u0627\\u0644\\u062d\\u064a\\u0627\\u0629 \\u0627\\u0644\\u0645\\u062c\\u062a\\u0645\\u0639\\u064a\\u0629 \\u0627\\u0644\\u0643\\u0628\\u064a\\u0631\\u0629 \\u060c \\u0648\\u064a\\u062c\\u0628 \\u0623\\u0646 \\u0623\\u0634\\u0631\\u062d \\u0644\\u0643 \\u0643\\u064a\\u0641 \\u0648\\u0644\\u062f\\u062a \\u0643\\u0644 \\u0647\\u0630\\u0647 \\u0627\\u0644\\u0641\\u0643\\u0631\\u0629 \\u0627\\u0644\\u062e\\u0627\\u0637\\u0626\\u0629 \\u0627\\u0644\\u0645\\u062a\\u0645\\u062b\\u0644\\u0629 \\u0641\\u064a \\u0625\\u062f\\u0627\\u0646\\u0629 \\u0627\\u0644\\u0645\\u062a\\u0639\\u0629 \\u0648\\u0645\\u062f\\u062d \\u0627\\u0644\\u0623\\u0644\\u0645 \\u060c \\u0648\\u0633\\u0623\\u0642\\u062f\\u0645 \\u0644\\u0643 \\u0648\\u0635\\u0641\\u064b\\u0627 \\u0643\\u0627\\u0645\\u0644\\u0627\\u064b \\u0644\\u0644\\u0646\\u0638\\u0627\\u0645 \\u060c \\u0648\\u0623\\u0634\\u0631\\u062d \\u0644\\u0643 \\u062d\\u0642\\u064a\\u0642\\u0629 \\u0627\\u0644\\u0623\\u0645\\u0631. \\u064a\\u062c\\u0628 \\u0623\\u0646 \\u0623\\u0634\\u0631\\u062d \\u0644\\u0643 \\u0643\\u064a\\u0641 \\u0643\\u0644 \\u0647\\u0630\\u0647 \\u0627\\u0644\\u0641\\u0643\\u0631\\u0629 \\u0627\\u0644\\u062e\\u0627\\u0637\\u0626\\u0629 \\u0644\\u0644\\u062a\\u0646\\u062f\\u064a\\u062f \\u0628\\u0627\\u0644\\u0644\\u0630\\u0629\"}","created_at":"2022-12-26 06:38:17","updated_at":"2023-04-29 18:55:08"},{"id":12,"product_id":17,"shipping_return_description":"{\"en_US\":\"We azbe very much greatful to you for your donation. Your little effort help us to change big community life I must explain to you how all this mistaken idea of denouncing pleen_USure and praising pain wen_US azbrn and I will give you a complete account of the system, and expound the actual teachings of the great explorer of the truth, the men_USter-builder of human happiness. No one rejects, dislikes, or avoids pleen_USure itself, beazbuse it is pleen_USure, but beazbuse those who do not know how to pursue pleen_USure rationally We azbe very much greatful to you for your donation. Your little effort help us to change big community life I must explain to you how all this mistaken idea of denouncing pleen_USure and praising pain wen_US azbrn and I will give you a complete account of the system, and expound the actual . I must explain to you how all this mistaken idea of denouncing pleen_USure . We azbe very much greatful to you for your donation. Your little effort help us to change big community life I must explain to you how all this mistaken idea of denouncing pleen_USure and praising pain wen_US azbrn and I will give you a complete account of the system, and expound the actual . I must explain to you how all this mistaken idea of denouncing pleen_USure . We azbe very much greatful to you for your donation. Your little effort help us to change big community life I must explain to you how all this mistaken idea of denouncing pleen_USure and praising pain wen_US azbrn and I will give you a complete account of the system, and expound the actual . I must explain to you how all this mistaken idea of denouncing pleen_USure . We azbe very much greatful to you for your donation. Your little effort help us to change big community life I must explain to you how all this mistaken idea of denouncing pleen_USure and praising pain wen_US azbrn and I will give you a complete account of the system, and expound the actual . I must explain to you how all this mistaken idea of denouncing pleen_USure\",\"azb\":\"\\u0646\\u062d\\u0646 \\u0645\\u0645\\u062a\\u0646\\u0648\\u0646 \\u062c\\u062f\\u064b\\u0627 \\u0644\\u0643 \\u0639\\u0644\\u0649 \\u062a\\u0628\\u0631\\u0639\\u0643. \\u064a\\u0633\\u0627\\u0639\\u062f\\u0646\\u0627 \\u0645\\u062c\\u0647\\u0648\\u062f\\u0643 \\u0627\\u0644\\u0635\\u063a\\u064a\\u0631 \\u0641\\u064a \\u062a\\u063a\\u064a\\u064a\\u0631 \\u0627\\u0644\\u062d\\u064a\\u0627\\u0629 \\u0627\\u0644\\u0645\\u062c\\u062a\\u0645\\u0639\\u064a\\u0629 \\u0627\\u0644\\u0643\\u0628\\u064a\\u0631\\u0629 \\u060c \\u0648\\u064a\\u062c\\u0628 \\u0623\\u0646 \\u0623\\u0634\\u0631\\u062d \\u0644\\u0643 \\u0643\\u064a\\u0641 \\u0648\\u0644\\u062f\\u062a \\u0643\\u0644 \\u0647\\u0630\\u0647 \\u0627\\u0644\\u0641\\u0643\\u0631\\u0629 \\u0627\\u0644\\u062e\\u0627\\u0637\\u0626\\u0629 \\u0627\\u0644\\u0645\\u062a\\u0645\\u062b\\u0644\\u0629 \\u0641\\u064a \\u0625\\u062f\\u0627\\u0646\\u0629 \\u0627\\u0644\\u0645\\u062a\\u0639\\u0629 \\u0648\\u0645\\u062f\\u062d \\u0627\\u0644\\u0623\\u0644\\u0645 \\u060c \\u0648\\u0633\\u0623\\u0642\\u062f\\u0645 \\u0644\\u0643 \\u0648\\u0635\\u0641\\u064b\\u0627 \\u0643\\u0627\\u0645\\u0644\\u0627\\u064b \\u0644\\u0644\\u0646\\u0638\\u0627\\u0645 \\u060c \\u0648\\u0623\\u0634\\u0631\\u062d \\u0627\\u0644\\u062a\\u0639\\u0627\\u0644\\u064a\\u0645 \\u0627\\u0644\\u0641\\u0639\\u0644\\u064a\\u0629 \\u0644\\u0644\\u0645\\u0633\\u062a\\u0643\\u0634\\u0641 \\u0627\\u0644\\u0639\\u0638\\u064a\\u0645. \\u0627\\u0644\\u062d\\u0642\\u064a\\u0642\\u0629 \\u060c \\u0635\\u0627\\u0646\\u0639 \\u0627\\u0644\\u0633\\u0639\\u0627\\u062f\\u0629 \\u0627\\u0644\\u0628\\u0634\\u0631\\u064a\\u0629. \\u0644\\u0627 \\u0623\\u062d\\u062f \\u064a\\u0631\\u0641\\u0636 \\u0623\\u0648 \\u064a\\u0643\\u0631\\u0647 \\u0623\\u0648 \\u064a\\u062a\\u062c\\u0646\\u0628 \\u0627\\u0644\\u0645\\u062a\\u0639\\u0629 \\u0646\\u0641\\u0633\\u0647\\u0627 \\u060c \\u0644\\u0623\\u0646\\u0647\\u0627 \\u0645\\u062a\\u0639\\u0629 \\u060c \\u0648\\u0644\\u0643\\u0646 \\u0644\\u0623\\u0646 \\u0623\\u0648\\u0644\\u0626\\u0643 \\u0627\\u0644\\u0630\\u064a\\u0646 \\u0644\\u0627 \\u064a\\u0639\\u0631\\u0641\\u0648\\u0646 \\u0643\\u064a\\u0641 \\u064a\\u0633\\u0639\\u0648\\u0646 \\u0648\\u0631\\u0627\\u0621 \\u0627\\u0644\\u0645\\u062a\\u0639\\u0629 \\u0628\\u0639\\u0642\\u0644\\u0627\\u0646\\u064a\\u0629 \\u0646\\u062d\\u0646 \\u0645\\u0645\\u062a\\u0646\\u0648\\u0646 \\u062c\\u062f\\u064b\\u0627 \\u0644\\u0643 \\u0639\\u0644\\u0649 \\u062a\\u0628\\u0631\\u0639\\u0643. \\u064a\\u0633\\u0627\\u0639\\u062f\\u0646\\u0627 \\u0645\\u062c\\u0647\\u0648\\u062f\\u0643 \\u0627\\u0644\\u0635\\u063a\\u064a\\u0631 \\u0641\\u064a \\u062a\\u063a\\u064a\\u064a\\u0631 \\u0627\\u0644\\u062d\\u064a\\u0627\\u0629 \\u0627\\u0644\\u0645\\u062c\\u062a\\u0645\\u0639\\u064a\\u0629 \\u0627\\u0644\\u0643\\u0628\\u064a\\u0631\\u0629 \\u060c \\u0648\\u064a\\u062c\\u0628 \\u0623\\u0646 \\u0623\\u0634\\u0631\\u062d \\u0644\\u0643 \\u0643\\u064a\\u0641 \\u0648\\u0644\\u062f\\u062a \\u0643\\u0644 \\u0647\\u0630\\u0647 \\u0627\\u0644\\u0641\\u0643\\u0631\\u0629 \\u0627\\u0644\\u062e\\u0627\\u0637\\u0626\\u0629 \\u0627\\u0644\\u0645\\u062a\\u0645\\u062b\\u0644\\u0629 \\u0641\\u064a \\u0625\\u062f\\u0627\\u0646\\u0629 \\u0627\\u0644\\u0645\\u062a\\u0639\\u0629 \\u0648\\u0645\\u062f\\u062d \\u0627\\u0644\\u0623\\u0644\\u0645 \\u060c \\u0648\\u0633\\u0623\\u0642\\u062f\\u0645 \\u0644\\u0643 \\u0648\\u0635\\u0641\\u064b\\u0627 \\u0643\\u0627\\u0645\\u0644\\u0627\\u064b \\u0644\\u0644\\u0646\\u0638\\u0627\\u0645 \\u060c \\u0648\\u0623\\u0634\\u0631\\u062d \\u0644\\u0643 \\u062d\\u0642\\u064a\\u0642\\u0629 \\u0627\\u0644\\u0623\\u0645\\u0631. \\u064a\\u062c\\u0628 \\u0623\\u0646 \\u0623\\u0634\\u0631\\u062d \\u0644\\u0643 \\u0643\\u064a\\u0641 \\u0643\\u0644 \\u0647\\u0630\\u0647 \\u0627\\u0644\\u0641\\u0643\\u0631\\u0629 \\u0627\\u0644\\u062e\\u0627\\u0637\\u0626\\u0629 \\u0644\\u0644\\u062a\\u0646\\u062f\\u064a\\u062f \\u0628\\u0627\\u0644\\u0644\\u0630\\u0629. \\u0646\\u062d\\u0646 \\u0645\\u0645\\u062a\\u0646\\u0648\\u0646 \\u062c\\u062f\\u064b\\u0627 \\u0644\\u0643 \\u0639\\u0644\\u0649 \\u062a\\u0628\\u0631\\u0639\\u0643. \\u064a\\u0633\\u0627\\u0639\\u062f\\u0646\\u0627 \\u0645\\u062c\\u0647\\u0648\\u062f\\u0643 \\u0627\\u0644\\u0635\\u063a\\u064a\\u0631 \\u0641\\u064a \\u062a\\u063a\\u064a\\u064a\\u0631 \\u0627\\u0644\\u062d\\u064a\\u0627\\u0629 \\u0627\\u0644\\u0645\\u062c\\u062a\\u0645\\u0639\\u064a\\u0629 \\u0627\\u0644\\u0643\\u0628\\u064a\\u0631\\u0629 \\u060c \\u0648\\u064a\\u062c\\u0628 \\u0623\\u0646 \\u0623\\u0634\\u0631\\u062d \\u0644\\u0643 \\u0643\\u064a\\u0641 \\u0648\\u0644\\u062f\\u062a \\u0643\\u0644 \\u0647\\u0630\\u0647 \\u0627\\u0644\\u0641\\u0643\\u0631\\u0629 \\u0627\\u0644\\u062e\\u0627\\u0637\\u0626\\u0629 \\u0627\\u0644\\u0645\\u062a\\u0645\\u062b\\u0644\\u0629 \\u0641\\u064a \\u0625\\u062f\\u0627\\u0646\\u0629 \\u0627\\u0644\\u0645\\u062a\\u0639\\u0629 \\u0648\\u0645\\u062f\\u062d \\u0627\\u0644\\u0623\\u0644\\u0645 \\u060c \\u0648\\u0633\\u0623\\u0642\\u062f\\u0645 \\u0644\\u0643 \\u0648\\u0635\\u0641\\u064b\\u0627 \\u0643\\u0627\\u0645\\u0644\\u0627\\u064b \\u0644\\u0644\\u0646\\u0638\\u0627\\u0645 \\u060c \\u0648\\u0623\\u0634\\u0631\\u062d \\u0644\\u0643 \\u062d\\u0642\\u064a\\u0642\\u0629 \\u0627\\u0644\\u0623\\u0645\\u0631. \\u064a\\u062c\\u0628 \\u0623\\u0646 \\u0623\\u0634\\u0631\\u062d \\u0644\\u0643 \\u0643\\u064a\\u0641 \\u0643\\u0644 \\u0647\\u0630\\u0647 \\u0627\\u0644\\u0641\\u0643\\u0631\\u0629 \\u0627\\u0644\\u062e\\u0627\\u0637\\u0626\\u0629 \\u0644\\u0644\\u062a\\u0646\\u062f\\u064a\\u062f \\u0628\\u0627\\u0644\\u0644\\u0630\\u0629. \\u0646\\u062d\\u0646 \\u0645\\u0645\\u062a\\u0646\\u0648\\u0646 \\u062c\\u062f\\u064b\\u0627 \\u0644\\u0643 \\u0639\\u0644\\u0649 \\u062a\\u0628\\u0631\\u0639\\u0643. \\u064a\\u0633\\u0627\\u0639\\u062f\\u0646\\u0627 \\u0645\\u062c\\u0647\\u0648\\u062f\\u0643 \\u0627\\u0644\\u0635\\u063a\\u064a\\u0631 \\u0641\\u064a \\u062a\\u063a\\u064a\\u064a\\u0631 \\u0627\\u0644\\u062d\\u064a\\u0627\\u0629 \\u0627\\u0644\\u0645\\u062c\\u062a\\u0645\\u0639\\u064a\\u0629 \\u0627\\u0644\\u0643\\u0628\\u064a\\u0631\\u0629 \\u060c \\u0648\\u064a\\u062c\\u0628 \\u0623\\u0646 \\u0623\\u0634\\u0631\\u062d \\u0644\\u0643 \\u0643\\u064a\\u0641 \\u0648\\u0644\\u062f\\u062a \\u0643\\u0644 \\u0647\\u0630\\u0647 \\u0627\\u0644\\u0641\\u0643\\u0631\\u0629 \\u0627\\u0644\\u062e\\u0627\\u0637\\u0626\\u0629 \\u0627\\u0644\\u0645\\u062a\\u0645\\u062b\\u0644\\u0629 \\u0641\\u064a \\u0625\\u062f\\u0627\\u0646\\u0629 \\u0627\\u0644\\u0645\\u062a\\u0639\\u0629 \\u0648\\u0645\\u062f\\u062d \\u0627\\u0644\\u0623\\u0644\\u0645 \\u060c \\u0648\\u0633\\u0623\\u0642\\u062f\\u0645 \\u0644\\u0643 \\u0648\\u0635\\u0641\\u064b\\u0627 \\u0643\\u0627\\u0645\\u0644\\u0627\\u064b \\u0644\\u0644\\u0646\\u0638\\u0627\\u0645 \\u060c \\u0648\\u0623\\u0634\\u0631\\u062d \\u0644\\u0643 \\u062d\\u0642\\u064a\\u0642\\u0629 \\u0627\\u0644\\u0623\\u0645\\u0631. \\u064a\\u062c\\u0628 \\u0623\\u0646 \\u0623\\u0634\\u0631\\u062d \\u0644\\u0643 \\u0643\\u064a\\u0641 \\u0643\\u0644 \\u0647\\u0630\\u0647 \\u0627\\u0644\\u0641\\u0643\\u0631\\u0629 \\u0627\\u0644\\u062e\\u0627\\u0637\\u0626\\u0629 \\u0644\\u0644\\u062a\\u0646\\u062f\\u064a\\u062f \\u0628\\u0627\\u0644\\u0644\\u0630\\u0629. \\u0646\\u062d\\u0646 \\u0645\\u0645\\u062a\\u0646\\u0648\\u0646 \\u062c\\u062f\\u064b\\u0627 \\u0644\\u0643 \\u0639\\u0644\\u0649 \\u062a\\u0628\\u0631\\u0639\\u0643. \\u064a\\u0633\\u0627\\u0639\\u062f\\u0646\\u0627 \\u0645\\u062c\\u0647\\u0648\\u062f\\u0643 \\u0627\\u0644\\u0635\\u063a\\u064a\\u0631 \\u0641\\u064a \\u062a\\u063a\\u064a\\u064a\\u0631 \\u0627\\u0644\\u062d\\u064a\\u0627\\u0629 \\u0627\\u0644\\u0645\\u062c\\u062a\\u0645\\u0639\\u064a\\u0629 \\u0627\\u0644\\u0643\\u0628\\u064a\\u0631\\u0629 \\u060c \\u0648\\u064a\\u062c\\u0628 \\u0623\\u0646 \\u0623\\u0634\\u0631\\u062d \\u0644\\u0643 \\u0643\\u064a\\u0641 \\u0648\\u0644\\u062f\\u062a \\u0643\\u0644 \\u0647\\u0630\\u0647 \\u0627\\u0644\\u0641\\u0643\\u0631\\u0629 \\u0627\\u0644\\u062e\\u0627\\u0637\\u0626\\u0629 \\u0627\\u0644\\u0645\\u062a\\u0645\\u062b\\u0644\\u0629 \\u0641\\u064a \\u0625\\u062f\\u0627\\u0646\\u0629 \\u0627\\u0644\\u0645\\u062a\\u0639\\u0629 \\u0648\\u0645\\u062f\\u062d \\u0627\\u0644\\u0623\\u0644\\u0645 \\u060c \\u0648\\u0633\\u0623\\u0642\\u062f\\u0645 \\u0644\\u0643 \\u0648\\u0635\\u0641\\u064b\\u0627 \\u0643\\u0627\\u0645\\u0644\\u0627\\u064b \\u0644\\u0644\\u0646\\u0638\\u0627\\u0645 \\u060c \\u0648\\u0623\\u0634\\u0631\\u062d \\u0644\\u0643 \\u062d\\u0642\\u064a\\u0642\\u0629 \\u0627\\u0644\\u0623\\u0645\\u0631. \\u064a\\u062c\\u0628 \\u0623\\u0646 \\u0623\\u0634\\u0631\\u062d \\u0644\\u0643 \\u0643\\u064a\\u0641 \\u0643\\u0644 \\u0647\\u0630\\u0647 \\u0627\\u0644\\u0641\\u0643\\u0631\\u0629 \\u0627\\u0644\\u062e\\u0627\\u0637\\u0626\\u0629 \\u0644\\u0644\\u062a\\u0646\\u062f\\u064a\\u062f \\u0628\\u0627\\u0644\\u0644\\u0630\\u0629\"}","created_at":"2023-01-04 15:23:15","updated_at":"2023-04-30 15:32:41"}]}