{"data":[{"id":1,"name":"{\"en_US\":\"Extra Lazbge\",\"azb\":\"\\u0635\\u063a\\u064a\\u0631 \\u062c\\u062f\\u0627\"}","size_code":"XL","slug":"extra-large","created_at":"2022-12-19 07:10:52","updated_at":"2023-01-03 14:56:38"},{"id":2,"name":"{\"en_US\":\"Extra Small\",\"azb\":\"\\u0635\\u063a\\u064a\\u0631 \\u062c\\u062f\\u0627\"}","size_code":"XS","slug":"extra-small","created_at":"2022-12-19 07:10:59","updated_at":"2023-01-03 14:56:45"},{"id":3,"name":"{\"en_US\":\"Medium\",\"azb\":\"\\u062a\\u0648\\u0633\\u0637\"}","size_code":"M","slug":"medium","created_at":"2022-12-19 07:11:05","updated_at":"2023-01-03 14:56:01"},{"id":4,"name":"{\"en_US\":\"Small\",\"azb\":\"\\u0635\\u063a\\u064a\\u0631\"}","size_code":"S","slug":"small","created_at":"2022-12-19 07:11:11","updated_at":"2023-01-03 14:55:51"},{"id":5,"name":"{\"en_US\":\"Lazbge\",\"azb\":\"\\u0643\\u0628\\u064a\\u0631\"}","size_code":"L","slug":"large","created_at":"2022-12-19 07:11:19","updated_at":"2023-01-03 14:55:40"}]}