{"data":[{"id":1,"title":"{\"en_US\":\"Away\",\"azb\":\" \\u0628\\u0627\\u0644\\u0644\\u0630\\u0629\"}","status":"1","created_at":"2022-08-30 11:04:23","updated_at":"2023-04-17 09:17:27"},{"id":2,"title":"{\"en_US\":\"Travell\",\"azb\":\" \\u0628\\u0627\\u0644\\u0644\\u0630\\u0629\"}","status":"1","created_at":"2022-08-30 11:04:38","updated_at":"2023-04-17 09:17:27"},{"id":3,"title":"{\"en_US\":\"Office Tour\",\"azb\":\" \\u0628\\u0627\\u0644\\u0644\\u0630\\u0629\"}","status":"1","created_at":"2022-08-30 11:04:43","updated_at":"2023-04-17 09:17:27"},{"id":4,"title":"{\"en_US\":\"Vaazbtion\",\"azb\":\" \\u0628\\u0627\\u0644\\u0644\\u0630\\u0629\"}","status":"1","created_at":"2022-08-30 11:04:48","updated_at":"2023-04-17 09:17:27"},{"id":5,"title":"{\"en_US\":\"Winter\",\"azb\":\" \\u0628\\u0627\\u0644\\u0644\\u0630\\u0629\"}","status":"1","created_at":"2022-08-30 11:05:01","updated_at":"2023-04-17 09:17:27"},{"id":6,"title":"{\"en_US\":\"Tour\",\"azb\":\" \\u0628\\u0627\\u0644\\u0644\\u0630\\u0629\"}","status":"1","created_at":"2023-01-16 11:48:59","updated_at":"2023-04-17 09:17:27"},{"id":7,"title":"{\"en_US\":\"Global\",\"azb\":\" \\u0628\\u0627\\u0644\\u0644\\u0630\\u0629\"}","status":"1","created_at":"2023-01-16 11:49:10","updated_at":"2023-04-17 09:17:27"},{"id":8,"title":"{\"en_US\":\"World\",\"azb\":\" \\u0628\\u0627\\u0644\\u0644\\u0630\\u0629\"}","status":"1","created_at":"2023-01-16 11:49:16","updated_at":"2023-04-17 09:17:27"},{"id":9,"title":"{\"en_US\":\"Construction\",\"azb\":\" \\u0628\\u0627\\u0644\\u0644\\u0630\\u0629\"}","status":"1","created_at":"2023-01-24 05:20:02","updated_at":"2023-04-17 09:17:27"},{"id":10,"title":"{\"en_US\":\"Consulting\",\"azb\":\" \\u0628\\u0627\\u0644\\u0644\\u0630\\u0629\"}","status":"1","created_at":"2023-01-28 06:41:40","updated_at":"2023-04-17 09:17:28"},{"id":11,"title":"{\"en_US\":\"Wedding\",\"azb\":\" \\u0628\\u0627\\u0644\\u0644\\u0630\\u0629\"}","status":"1","created_at":"2023-02-06 11:49:26","updated_at":"2023-04-17 09:17:28"},{"id":12,"title":"{\"en_US\":\"Photography\",\"azb\":\" \\u0628\\u0627\\u0644\\u0644\\u0630\\u0629\"}","status":"1","created_at":"2023-02-16 16:56:47","updated_at":"2023-04-17 09:17:28"}]}