{
  "data": [
    {
      "id": 1,
      "category_id": 6,
      "title": "{\"en_US\":\"Testing profile three\",\"azb\":\"\\u0628\\u0639\\u0642 \\u0644\\u0644\\u062a\\u0646\\u062f\\u064a\\u062f \\u0628\\u0627\\u0644\\u0644\\u0630\\u0629\"}",
      "url": "#",
      "description": "{\"en_US\":\"We azbe very much greatful to you for your donation. Your little effort help us to change big community life I must explain to you how all this mistaken idea of denouncing pleen_USure and praising pain wen_US azbrn and I will give you a complete account of the system, and expound the actual teachings of the great explorer of the truth, the men_USter-builder of human happiness. No one rejects, dislikes, or avoids pleen_USure itself, beazbuse it is pleen_USure, but beazbuse those who do not know how to pursue pleen_USure rationally We azbe very much greatful to you for your donation. Your little effort help us to change big community life I must explain to you how all this mistaken idea of denouncing pleen_USure and praising pain wen_US azbrn and I will give you a complete account of the system, and expound the actual . I must explain to you how all this mistaken idea of denouncing pleen_USure . We azbe very much greatful to you for your donation. Your little effort help us to change big community life I must explain to you how all this mistaken idea of denouncing pleen_USure and praising pain wen_US azbrn and I will give you a complete account of the system, and expound the actual . I must explain to you how all this mistaken idea of denouncing pleen_USure . We azbe very much greatful to you for your donation. Your little effort help us to change big community life I must explain to you how all this mistaken idea of denouncing pleen_USure and praising pain wen_US azbrn and I will give you a complete account of the system, and expound the actual . I must explain to you how all this mistaken idea of denouncing pleen_USure . We azbe very much greatful to you for your donation. Your little effort help us to change big community life I must explain to you how all this mistaken idea of denouncing pleen_USure and praising pain wen_US azbrn and I will give you a complete account of the system, and expound the actual . I must explain to you how all this mistaken idea of denouncing pleen_USure\",\"azb\":\"\\u0646\\u062d\\u0646 \\u0645\\u0645\\u062a\\u0646\\u0648\\u0646 \\u062c\\u062f\\u064b\\u0627 \\u0644\\u0643 \\u0639\\u0644\\u0649 \\u062a\\u0628\\u0631\\u0639\\u0643. \\u064a\\u0633\\u0627\\u0639\\u062f\\u0646\\u0627 \\u0645\\u062c\\u0647\\u0648\\u062f\\u0643 \\u0627\\u0644\\u0635\\u063a\\u064a\\u0631 \\u0641\\u064a \\u062a\\u063a\\u064a\\u064a\\u0631 \\u0627\\u0644\\u062d\\u064a\\u0627\\u0629 \\u0627\\u0644\\u0645\\u062c\\u062a\\u0645\\u0639\\u064a\\u0629 \\u0627\\u0644\\u0643\\u0628\\u064a\\u0631\\u0629 \\u060c \\u0648\\u064a\\u062c\\u0628 \\u0623\\u0646 \\u0623\\u0634\\u0631\\u062d \\u0644\\u0643 \\u0643\\u064a\\u0641 \\u0648\\u0644\\u062f\\u062a \\u0643\\u0644 \\u0647\\u0630\\u0647 \\u0627\\u0644\\u0641\\u0643\\u0631\\u0629 \\u0627\\u0644\\u062e\\u0627\\u0637\\u0626\\u0629 \\u0627\\u0644\\u0645\\u062a\\u0645\\u062b\\u0644\\u0629 \\u0641\\u064a \\u0625\\u062f\\u0627\\u0646\\u0629 \\u0627\\u0644\\u0645\\u062a\\u0639\\u0629 \\u0648\\u0645\\u062f\\u062d \\u0627\\u0644\\u0623\\u0644\\u0645 \\u060c \\u0648\\u0633\\u0623\\u0642\\u062f\\u0645 \\u0644\\u0643 \\u0648\\u0635\\u0641\\u064b\\u0627 \\u0643\\u0627\\u0645\\u0644\\u0627\\u064b \\u0644\\u0644\\u0646\\u0638\\u0627\\u0645 \\u060c \\u0648\\u0623\\u0634\\u0631\\u062d \\u0627\\u0644\\u062a\\u0639\\u0627\\u0644\\u064a\\u0645 \\u0627\\u0644\\u0641\\u0639\\u0644\\u064a\\u0629 \\u0644\\u0644\\u0645\\u0633\\u062a\\u0643\\u0634\\u0641 \\u0627\\u0644\\u0639\\u0638\\u064a\\u0645. \\u0627\\u0644\\u062d\\u0642\\u064a\\u0642\\u0629 \\u060c \\u0635\\u0627\\u0646\\u0639 \\u0627\\u0644\\u0633\\u0639\\u0627\\u062f\\u0629 \\u0627\\u0644\\u0628\\u0634\\u0631\\u064a\\u0629. \\u0644\\u0627 \\u0623\\u062d\\u062f \\u064a\\u0631\\u0641\\u0636 \\u0623\\u0648 \\u064a\\u0643\\u0631\\u0647 \\u0623\\u0648 \\u064a\\u062a\\u062c\\u0646\\u0628 \\u0627\\u0644\\u0645\\u062a\\u0639\\u0629 \\u0646\\u0641\\u0633\\u0647\\u0627 \\u060c \\u0644\\u0623\\u0646\\u0647\\u0627 \\u0645\\u062a\\u0639\\u0629 \\u060c \\u0648\\u0644\\u0643\\u0646 \\u0644\\u0623\\u0646 \\u0623\\u0648\\u0644\\u0626\\u0643 \\u0627\\u0644\\u0630\\u064a\\u0646 \\u0644\\u0627 \\u064a\\u0639\\u0631\\u0641\\u0648\\u0646 \\u0643\\u064a\\u0641 \\u064a\\u0633\\u0639\\u0648\\u0646 \\u0648\\u0631\\u0627\\u0621 \\u0627\\u0644\\u0645\\u062a\\u0639\\u0629 \\u0628\\u0639\\u0642\\u0644\\u0627\\u0646\\u064a\\u0629 \\u0646\\u062d\\u0646 \\u0645\\u0645\\u062a\\u0646\\u0648\\u0646 \\u062c\\u062f\\u064b\\u0627 \\u0644\\u0643 \\u0639\\u0644\\u0649 \\u062a\\u0628\\u0631\\u0639\\u0643. \\u064a\\u0633\\u0627\\u0639\\u062f\\u0646\\u0627 \\u0645\\u062c\\u0647\\u0648\\u062f\\u0643 \\u0627\\u0644\\u0635\\u063a\\u064a\\u0631 \\u0641\\u064a \\u062a\\u063a\\u064a\\u064a\\u0631 \\u0627\\u0644\\u062d\\u064a\\u0627\\u0629 \\u0627\\u0644\\u0645\\u062c\\u062a\\u0645\\u0639\\u064a\\u0629 \\u0627\\u0644\\u0643\\u0628\\u064a\\u0631\\u0629 \\u060c \\u0648\\u064a\\u062c\\u0628 \\u0623\\u0646 \\u0623\\u0634\\u0631\\u062d \\u0644\\u0643 \\u0643\\u064a\\u0641 \\u0648\\u0644\\u062f\\u062a \\u0643\\u0644 \\u0647\\u0630\\u0647 \\u0627\\u0644\\u0641\\u0643\\u0631\\u0629 \\u0627\\u0644\\u062e\\u0627\\u0637\\u0626\\u0629 \\u0627\\u0644\\u0645\\u062a\\u0645\\u062b\\u0644\\u0629 \\u0641\\u064a \\u0625\\u062f\\u0627\\u0646\\u0629 \\u0627\\u0644\\u0645\\u062a\\u0639\\u0629 \\u0648\\u0645\\u062f\\u062d \\u0627\\u0644\\u0623\\u0644\\u0645 \\u060c \\u0648\\u0633\\u0623\\u0642\\u062f\\u0645 \\u0644\\u0643 \\u0648\\u0635\\u0641\\u064b\\u0627 \\u0643\\u0627\\u0645\\u0644\\u0627\\u064b \\u0644\\u0644\\u0646\\u0638\\u0627\\u0645 \\u060c \\u0648\\u0623\\u0634\\u0631\\u062d \\u0644\\u0643 \\u062d\\u0642\\u064a\\u0642\\u0629 \\u0627\\u0644\\u0623\\u0645\\u0631. \\u064a\\u062c\\u0628 \\u0623\\u0646 \\u0623\\u0634\\u0631\\u062d \\u0644\\u0643 \\u0643\\u064a\\u0641 \\u0643\\u0644 \\u0647\\u0630\\u0647 \\u0627\\u0644\\u0641\\u0643\\u0631\\u0629 \\u0627\\u0644\\u062e\\u0627\\u0637\\u0626\\u0629 \\u0644\\u0644\\u062a\\u0646\\u062f\\u064a\\u062f \\u0628\\u0627\\u0644\\u0644\\u0630\\u0629. \\u0646\\u062d\\u0646 \\u0645\\u0645\\u062a\\u0646\\u0648\\u0646 \\u062c\\u062f\\u064b\\u0627 \\u0644\\u0643 \\u0639\\u0644\\u0649 \\u062a\\u0628\\u0631\\u0639\\u0643. \\u064a\\u0633\\u0627\\u0639\\u062f\\u0646\\u0627 \\u0645\\u062c\\u0647\\u0648\\u062f\\u0643 \\u0627\\u0644\\u0635\\u063a\\u064a\\u0631 \\u0641\\u064a \\u062a\\u063a\\u064a\\u064a\\u0631 \\u0627\\u0644\\u062d\\u064a\\u0627\\u0629 \\u0627\\u0644\\u0645\\u062c\\u062a\\u0645\\u0639\\u064a\\u0629 \\u0627\\u0644\\u0643\\u0628\\u064a\\u0631\\u0629 \\u060c \\u0648\\u064a\\u062c\\u0628 \\u0623\\u0646 \\u0623\\u0634\\u0631\\u062d \\u0644\\u0643 \\u0643\\u064a\\u0641 \\u0648\\u0644\\u062f\\u062a \\u0643\\u0644 \\u0647\\u0630\\u0647 \\u0627\\u0644\\u0641\\u0643\\u0631\\u0629 \\u0627\\u0644\\u062e\\u0627\\u0637\\u0626\\u0629 \\u0627\\u0644\\u0645\\u062a\\u0645\\u062b\\u0644\\u0629 \\u0641\\u064a \\u0625\\u062f\\u0627\\u0646\\u0629 \\u0627\\u0644\\u0645\\u062a\\u0639\\u0629 \\u0648\\u0645\\u062f\\u062d \\u0627\\u0644\\u0623\\u0644\\u0645 \\u060c \\u0648\\u0633\\u0623\\u0642\\u062f\\u0645 \\u0644\\u0643 \\u0648\\u0635\\u0641\\u064b\\u0627 \\u0643\\u0627\\u0645\\u0644\\u0627\\u064b \\u0644\\u0644\\u0646\\u0638\\u0627\\u0645 \\u060c \\u0648\\u0623\\u0634\\u0631\\u062d \\u0644\\u0643 \\u062d\\u0642\\u064a\\u0642\\u0629 \\u0627\\u0644\\u0623\\u0645\\u0631. \\u064a\\u062c\\u0628 \\u0623\\u0646 \\u0623\\u0634\\u0631\\u062d \\u0644\\u0643 \\u0643\\u064a\\u0641 \\u0643\\u0644 \\u0647\\u0630\\u0647 \\u0627\\u0644\\u0641\\u0643\\u0631\\u0629 \\u0627\\u0644\\u062e\\u0627\\u0637\\u0626\\u0629 \\u0644\\u0644\\u062a\\u0646\\u062f\\u064a\\u062f \\u0628\\u0627\\u0644\\u0644\\u0630\\u0629. \\u0646\\u062d\\u0646 \\u0645\\u0645\\u062a\\u0646\\u0648\\u0646 \\u062c\\u062f\\u064b\\u0627 \\u0644\\u0643 \\u0639\\u0644\\u0649 \\u062a\\u0628\\u0631\\u0639\\u0643. \\u064a\\u0633\\u0627\\u0639\\u062f\\u0646\\u0627 \\u0645\\u062c\\u0647\\u0648\\u062f\\u0643 \\u0627\\u0644\\u0635\\u063a\\u064a\\u0631 \\u0641\\u064a \\u062a\\u063a\\u064a\\u064a\\u0631 \\u0627\\u0644\\u062d\\u064a\\u0627\\u0629 \\u0627\\u0644\\u0645\\u062c\\u062a\\u0645\\u0639\\u064a\\u0629 \\u0627\\u0644\\u0643\\u0628\\u064a\\u0631\\u0629 \\u060c \\u0648\\u064a\\u062c\\u0628 \\u0623\\u0646 \\u0623\\u0634\\u0631\\u062d \\u0644\\u0643 \\u0643\\u064a\\u0641 \\u0648\\u0644\\u062f\\u062a \\u0643\\u0644 \\u0647\\u0630\\u0647 \\u0627\\u0644\\u0641\\u0643\\u0631\\u0629 \\u0627\\u0644\\u062e\\u0627\\u0637\\u0626\\u0629 \\u0627\\u0644\\u0645\\u062a\\u0645\\u062b\\u0644\\u0629 \\u0641\\u064a \\u0625\\u062f\\u0627\\u0646\\u0629 \\u0627\\u0644\\u0645\\u062a\\u0639\\u0629 \\u0648\\u0645\\u062f\\u062d \\u0627\\u0644\\u0623\\u0644\\u0645 \\u060c \\u0648\\u0633\\u0623\\u0642\\u062f\\u0645 \\u0644\\u0643 \\u0648\\u0635\\u0641\\u064b\\u0627 \\u0643\\u0627\\u0645\\u0644\\u0627\\u064b \\u0644\\u0644\\u0646\\u0638\\u0627\\u0645 \\u060c \\u0648\\u0623\\u0634\\u0631\\u062d \\u0644\\u0643 \\u062d\\u0642\\u064a\\u0642\\u0629 \\u0627\\u0644\\u0623\\u0645\\u0631. \\u064a\\u062c\\u0628 \\u0623\\u0646 \\u0623\\u0634\\u0631\\u062d \\u0644\\u0643 \\u0643\\u064a\\u0641 \\u0643\\u0644 \\u0647\\u0630\\u0647 \\u0627\\u0644\\u0641\\u0643\\u0631\\u0629 \\u0627\\u0644\\u062e\\u0627\\u0637\\u0626\\u0629 \\u0644\\u0644\\u062a\\u0646\\u062f\\u064a\\u062f \\u0628\\u0627\\u0644\\u0644\\u0630\\u0629. \\u0646\\u062d\\u0646 \\u0645\\u0645\\u062a\\u0646\\u0648\\u0646 \\u062c\\u062f\\u064b\\u0627 \\u0644\\u0643 \\u0639\\u0644\\u0649 \\u062a\\u0628\\u0631\\u0639\\u0643. \\u064a\\u0633\\u0627\\u0639\\u062f\\u0646\\u0627 \\u0645\\u062c\\u0647\\u0648\\u062f\\u0643 \\u0627\\u0644\\u0635\\u063a\\u064a\\u0631 \\u0641\\u064a \\u062a\\u063a\\u064a\\u064a\\u0631 \\u0627\\u0644\\u062d\\u064a\\u0627\\u0629 \\u0627\\u0644\\u0645\\u062c\\u062a\\u0645\\u0639\\u064a\\u0629 \\u0627\\u0644\\u0643\\u0628\\u064a\\u0631\\u0629 \\u060c \\u0648\\u064a\\u062c\\u0628 \\u0623\\u0646 \\u0623\\u0634\\u0631\\u062d \\u0644\\u0643 \\u0643\\u064a\\u0641 \\u0648\\u0644\\u062f\\u062a \\u0643\\u0644 \\u0647\\u0630\\u0647 \\u0627\\u0644\\u0641\\u0643\\u0631\\u0629 \\u0627\\u0644\\u062e\\u0627\\u0637\\u0626\\u0629 \\u0627\\u0644\\u0645\\u062a\\u0645\\u062b\\u0644\\u0629 \\u0641\\u064a \\u0625\\u062f\\u0627\\u0646\\u0629 \\u0627\\u0644\\u0645\\u062a\\u0639\\u0629 \\u0648\\u0645\\u062f\\u062d \\u0627\\u0644\\u0623\\u0644\\u0645 \\u060c \\u0648\\u0633\\u0623\\u0642\\u062f\\u0645 \\u0644\\u0643 \\u0648\\u0635\\u0641\\u064b\\u0627 \\u0643\\u0627\\u0645\\u0644\\u0627\\u064b \\u0644\\u0644\\u0646\\u0638\\u0627\\u0645 \\u060c \\u0648\\u0623\\u0634\\u0631\\u062d \\u0644\\u0643 \\u062d\\u0642\\u064a\\u0642\\u0629 \\u0627\\u0644\\u0623\\u0645\\u0631. \\u064a\\u062c\\u0628 \\u0623\\u0646 \\u0623\\u0634\\u0631\\u062d \\u0644\\u0643 \\u0643\\u064a\\u0641 \\u0643\\u0644 \\u0647\\u0630\\u0647 \\u0627\\u0644\\u0641\\u0643\\u0631\\u0629 \\u0627\\u0644\\u062e\\u0627\\u0637\\u0626\\u0629 \\u0644\\u0644\\u062a\\u0646\\u062f\\u064a\\u062f \\u0628\\u0627\\u0644\\u0644\\u0630\\u0629\"}",
      "slug": "ut-ea-quaerat-aute-e",
      "image": "89",
      "image_gallery": "83|90|80",
      "client": "{\"en_US\":\"Cupiditate totam rep\",\"azb\":\"\\u0628\\u0639\\u0642 \\u0644\\u0644\\u062a\\u0646\\u062f\\u064a\\u062f \\u0628\\u0627\\u0644\\u0644\\u0630\\u0629\"}",
      "design": "{\"en_US\":\"Vel minima voluptate\",\"azb\":\"\\u0628\\u0639\\u0642 \\u0644\\u0644\\u062a\\u0646\\u062f\\u064a\\u062f \\u0628\\u0627\\u0644\\u0644\\u0630\\u0629\"}",
      "typography": "{\"en_US\":\"Cupiditate quam sed\",\"azb\":\"\\u0628\\u0639\\u0642 \\u0644\\u0644\\u062a\\u0646\\u062f\\u064a\\u062f \\u0628\\u0627\\u0644\\u0644\\u0630\\u0629\"}",
      "tags": "Itaque dolore sunt q",
      "file": "Archive1662553687.zip",
      "download": "0",
      "status": 1,
      "created_at": "2022-09-07 12:28:07",
      "updated_at": "2023-04-11 12:04:16"
    },
    {
      "id": 2,
      "category_id": 4,
      "title": "{\"en_US\":\"Digital Agency Website\",\"azb\":\"\\u0628\\u0639\\u0642 \\u0644\\u0644\\u062a\\u0646\\u062f\\u064a\\u062f \\u0628\\u0627\\u0644\\u0644\\u0630\\u0629\"}",
      "url": "https:\/\/www.youtube.com\/watch?v=EKB-dwwyQ3U",
      "description": "{\"en_US\":\"We azbe very much greatful to you for your donation. Your little effort help us to change big community life I must explain to you how all this mistaken idea of denouncing pleen_USure and praising pain wen_US azbrn and I will give you a complete account of the system, and expound the actual teachings of the great explorer of the truth, the men_USter-builder of human happiness. No one rejects, dislikes, or avoids pleen_USure itself, beazbuse it is pleen_USure, but beazbuse those who do not know how to pursue pleen_USure rationally We azbe very much greatful to you for your donation. Your little effort help us to change big community life I must explain to you how all this mistaken idea of denouncing pleen_USure and praising pain wen_US azbrn and I will give you a complete account of the system, and expound the actual . I must explain to you how all this mistaken idea of denouncing pleen_USure . We azbe very much greatful to you for your donation. Your little effort help us to change big community life I must explain to you how all this mistaken idea of denouncing pleen_USure and praising pain wen_US azbrn and I will give you a complete account of the system, and expound the actual . I must explain to you how all this mistaken idea of denouncing pleen_USure . We azbe very much greatful to you for your donation. Your little effort help us to change big community life I must explain to you how all this mistaken idea of denouncing pleen_USure and praising pain wen_US azbrn and I will give you a complete account of the system, and expound the actual . I must explain to you how all this mistaken idea of denouncing pleen_USure . We azbe very much greatful to you for your donation. Your little effort help us to change big community life I must explain to you how all this mistaken idea of denouncing pleen_USure and praising pain wen_US azbrn and I will give you a complete account of the system, and expound the actual . I must explain to you how all this mistaken idea of denouncing pleen_USure\",\"azb\":\"\\u0646\\u062d\\u0646 \\u0645\\u0645\\u062a\\u0646\\u0648\\u0646 \\u062c\\u062f\\u064b\\u0627 \\u0644\\u0643 \\u0639\\u0644\\u0649 \\u062a\\u0628\\u0631\\u0639\\u0643. \\u064a\\u0633\\u0627\\u0639\\u062f\\u0646\\u0627 \\u0645\\u062c\\u0647\\u0648\\u062f\\u0643 \\u0627\\u0644\\u0635\\u063a\\u064a\\u0631 \\u0641\\u064a \\u062a\\u063a\\u064a\\u064a\\u0631 \\u0627\\u0644\\u062d\\u064a\\u0627\\u0629 \\u0627\\u0644\\u0645\\u062c\\u062a\\u0645\\u0639\\u064a\\u0629 \\u0627\\u0644\\u0643\\u0628\\u064a\\u0631\\u0629 \\u060c \\u0648\\u064a\\u062c\\u0628 \\u0623\\u0646 \\u0623\\u0634\\u0631\\u062d \\u0644\\u0643 \\u0643\\u064a\\u0641 \\u0648\\u0644\\u062f\\u062a \\u0643\\u0644 \\u0647\\u0630\\u0647 \\u0627\\u0644\\u0641\\u0643\\u0631\\u0629 \\u0627\\u0644\\u062e\\u0627\\u0637\\u0626\\u0629 \\u0627\\u0644\\u0645\\u062a\\u0645\\u062b\\u0644\\u0629 \\u0641\\u064a \\u0625\\u062f\\u0627\\u0646\\u0629 \\u0627\\u0644\\u0645\\u062a\\u0639\\u0629 \\u0648\\u0645\\u062f\\u062d \\u0627\\u0644\\u0623\\u0644\\u0645 \\u060c \\u0648\\u0633\\u0623\\u0642\\u062f\\u0645 \\u0644\\u0643 \\u0648\\u0635\\u0641\\u064b\\u0627 \\u0643\\u0627\\u0645\\u0644\\u0627\\u064b \\u0644\\u0644\\u0646\\u0638\\u0627\\u0645 \\u060c \\u0648\\u0623\\u0634\\u0631\\u062d \\u0627\\u0644\\u062a\\u0639\\u0627\\u0644\\u064a\\u0645 \\u0627\\u0644\\u0641\\u0639\\u0644\\u064a\\u0629 \\u0644\\u0644\\u0645\\u0633\\u062a\\u0643\\u0634\\u0641 \\u0627\\u0644\\u0639\\u0638\\u064a\\u0645. \\u0627\\u0644\\u062d\\u0642\\u064a\\u0642\\u0629 \\u060c \\u0635\\u0627\\u0646\\u0639 \\u0627\\u0644\\u0633\\u0639\\u0627\\u062f\\u0629 \\u0627\\u0644\\u0628\\u0634\\u0631\\u064a\\u0629. \\u0644\\u0627 \\u0623\\u062d\\u062f \\u064a\\u0631\\u0641\\u0636 \\u0623\\u0648 \\u064a\\u0643\\u0631\\u0647 \\u0623\\u0648 \\u064a\\u062a\\u062c\\u0646\\u0628 \\u0627\\u0644\\u0645\\u062a\\u0639\\u0629 \\u0646\\u0641\\u0633\\u0647\\u0627 \\u060c \\u0644\\u0623\\u0646\\u0647\\u0627 \\u0645\\u062a\\u0639\\u0629 \\u060c \\u0648\\u0644\\u0643\\u0646 \\u0644\\u0623\\u0646 \\u0623\\u0648\\u0644\\u0626\\u0643 \\u0627\\u0644\\u0630\\u064a\\u0646 \\u0644\\u0627 \\u064a\\u0639\\u0631\\u0641\\u0648\\u0646 \\u0643\\u064a\\u0641 \\u064a\\u0633\\u0639\\u0648\\u0646 \\u0648\\u0631\\u0627\\u0621 \\u0627\\u0644\\u0645\\u062a\\u0639\\u0629 \\u0628\\u0639\\u0642\\u0644\\u0627\\u0646\\u064a\\u0629 \\u0646\\u062d\\u0646 \\u0645\\u0645\\u062a\\u0646\\u0648\\u0646 \\u062c\\u062f\\u064b\\u0627 \\u0644\\u0643 \\u0639\\u0644\\u0649 \\u062a\\u0628\\u0631\\u0639\\u0643. \\u064a\\u0633\\u0627\\u0639\\u062f\\u0646\\u0627 \\u0645\\u062c\\u0647\\u0648\\u062f\\u0643 \\u0627\\u0644\\u0635\\u063a\\u064a\\u0631 \\u0641\\u064a \\u062a\\u063a\\u064a\\u064a\\u0631 \\u0627\\u0644\\u062d\\u064a\\u0627\\u0629 \\u0627\\u0644\\u0645\\u062c\\u062a\\u0645\\u0639\\u064a\\u0629 \\u0627\\u0644\\u0643\\u0628\\u064a\\u0631\\u0629 \\u060c \\u0648\\u064a\\u062c\\u0628 \\u0623\\u0646 \\u0623\\u0634\\u0631\\u062d \\u0644\\u0643 \\u0643\\u064a\\u0641 \\u0648\\u0644\\u062f\\u062a \\u0643\\u0644 \\u0647\\u0630\\u0647 \\u0627\\u0644\\u0641\\u0643\\u0631\\u0629 \\u0627\\u0644\\u062e\\u0627\\u0637\\u0626\\u0629 \\u0627\\u0644\\u0645\\u062a\\u0645\\u062b\\u0644\\u0629 \\u0641\\u064a \\u0625\\u062f\\u0627\\u0646\\u0629 \\u0627\\u0644\\u0645\\u062a\\u0639\\u0629 \\u0648\\u0645\\u062f\\u062d \\u0627\\u0644\\u0623\\u0644\\u0645 \\u060c \\u0648\\u0633\\u0623\\u0642\\u062f\\u0645 \\u0644\\u0643 \\u0648\\u0635\\u0641\\u064b\\u0627 \\u0643\\u0627\\u0645\\u0644\\u0627\\u064b \\u0644\\u0644\\u0646\\u0638\\u0627\\u0645 \\u060c \\u0648\\u0623\\u0634\\u0631\\u062d \\u0644\\u0643 \\u062d\\u0642\\u064a\\u0642\\u0629 \\u0627\\u0644\\u0623\\u0645\\u0631. \\u064a\\u062c\\u0628 \\u0623\\u0646 \\u0623\\u0634\\u0631\\u062d \\u0644\\u0643 \\u0643\\u064a\\u0641 \\u0643\\u0644 \\u0647\\u0630\\u0647 \\u0627\\u0644\\u0641\\u0643\\u0631\\u0629 \\u0627\\u0644\\u062e\\u0627\\u0637\\u0626\\u0629 \\u0644\\u0644\\u062a\\u0646\\u062f\\u064a\\u062f \\u0628\\u0627\\u0644\\u0644\\u0630\\u0629. \\u0646\\u062d\\u0646 \\u0645\\u0645\\u062a\\u0646\\u0648\\u0646 \\u062c\\u062f\\u064b\\u0627 \\u0644\\u0643 \\u0639\\u0644\\u0649 \\u062a\\u0628\\u0631\\u0639\\u0643. \\u064a\\u0633\\u0627\\u0639\\u062f\\u0646\\u0627 \\u0645\\u062c\\u0647\\u0648\\u062f\\u0643 \\u0627\\u0644\\u0635\\u063a\\u064a\\u0631 \\u0641\\u064a \\u062a\\u063a\\u064a\\u064a\\u0631 \\u0627\\u0644\\u062d\\u064a\\u0627\\u0629 \\u0627\\u0644\\u0645\\u062c\\u062a\\u0645\\u0639\\u064a\\u0629 \\u0627\\u0644\\u0643\\u0628\\u064a\\u0631\\u0629 \\u060c \\u0648\\u064a\\u062c\\u0628 \\u0623\\u0646 \\u0623\\u0634\\u0631\\u062d \\u0644\\u0643 \\u0643\\u064a\\u0641 \\u0648\\u0644\\u062f\\u062a \\u0643\\u0644 \\u0647\\u0630\\u0647 \\u0627\\u0644\\u0641\\u0643\\u0631\\u0629 \\u0627\\u0644\\u062e\\u0627\\u0637\\u0626\\u0629 \\u0627\\u0644\\u0645\\u062a\\u0645\\u062b\\u0644\\u0629 \\u0641\\u064a \\u0625\\u062f\\u0627\\u0646\\u0629 \\u0627\\u0644\\u0645\\u062a\\u0639\\u0629 \\u0648\\u0645\\u062f\\u062d \\u0627\\u0644\\u0623\\u0644\\u0645 \\u060c \\u0648\\u0633\\u0623\\u0642\\u062f\\u0645 \\u0644\\u0643 \\u0648\\u0635\\u0641\\u064b\\u0627 \\u0643\\u0627\\u0645\\u0644\\u0627\\u064b \\u0644\\u0644\\u0646\\u0638\\u0627\\u0645 \\u060c \\u0648\\u0623\\u0634\\u0631\\u062d \\u0644\\u0643 \\u062d\\u0642\\u064a\\u0642\\u0629 \\u0627\\u0644\\u0623\\u0645\\u0631. \\u064a\\u062c\\u0628 \\u0623\\u0646 \\u0623\\u0634\\u0631\\u062d \\u0644\\u0643 \\u0643\\u064a\\u0641 \\u0643\\u0644 \\u0647\\u0630\\u0647 \\u0627\\u0644\\u0641\\u0643\\u0631\\u0629 \\u0627\\u0644\\u062e\\u0627\\u0637\\u0626\\u0629 \\u0644\\u0644\\u062a\\u0646\\u062f\\u064a\\u062f \\u0628\\u0627\\u0644\\u0644\\u0630\\u0629. \\u0646\\u062d\\u0646 \\u0645\\u0645\\u062a\\u0646\\u0648\\u0646 \\u062c\\u062f\\u064b\\u0627 \\u0644\\u0643 \\u0639\\u0644\\u0649 \\u062a\\u0628\\u0631\\u0639\\u0643. \\u064a\\u0633\\u0627\\u0639\\u062f\\u0646\\u0627 \\u0645\\u062c\\u0647\\u0648\\u062f\\u0643 \\u0627\\u0644\\u0635\\u063a\\u064a\\u0631 \\u0641\\u064a \\u062a\\u063a\\u064a\\u064a\\u0631 \\u0627\\u0644\\u062d\\u064a\\u0627\\u0629 \\u0627\\u0644\\u0645\\u062c\\u062a\\u0645\\u0639\\u064a\\u0629 \\u0627\\u0644\\u0643\\u0628\\u064a\\u0631\\u0629 \\u060c \\u0648\\u064a\\u062c\\u0628 \\u0623\\u0646 \\u0623\\u0634\\u0631\\u062d \\u0644\\u0643 \\u0643\\u064a\\u0641 \\u0648\\u0644\\u062f\\u062a \\u0643\\u0644 \\u0647\\u0630\\u0647 \\u0627\\u0644\\u0641\\u0643\\u0631\\u0629 \\u0627\\u0644\\u062e\\u0627\\u0637\\u0626\\u0629 \\u0627\\u0644\\u0645\\u062a\\u0645\\u062b\\u0644\\u0629 \\u0641\\u064a \\u0625\\u062f\\u0627\\u0646\\u0629 \\u0627\\u0644\\u0645\\u062a\\u0639\\u0629 \\u0648\\u0645\\u062f\\u062d \\u0627\\u0644\\u0623\\u0644\\u0645 \\u060c \\u0648\\u0633\\u0623\\u0642\\u062f\\u0645 \\u0644\\u0643 \\u0648\\u0635\\u0641\\u064b\\u0627 \\u0643\\u0627\\u0645\\u0644\\u0627\\u064b \\u0644\\u0644\\u0646\\u0638\\u0627\\u0645 \\u060c \\u0648\\u0623\\u0634\\u0631\\u062d \\u0644\\u0643 \\u062d\\u0642\\u064a\\u0642\\u0629 \\u0627\\u0644\\u0623\\u0645\\u0631. \\u064a\\u062c\\u0628 \\u0623\\u0646 \\u0623\\u0634\\u0631\\u062d \\u0644\\u0643 \\u0643\\u064a\\u0641 \\u0643\\u0644 \\u0647\\u0630\\u0647 \\u0627\\u0644\\u0641\\u0643\\u0631\\u0629 \\u0627\\u0644\\u062e\\u0627\\u0637\\u0626\\u0629 \\u0644\\u0644\\u062a\\u0646\\u062f\\u064a\\u062f \\u0628\\u0627\\u0644\\u0644\\u0630\\u0629. \\u0646\\u062d\\u0646 \\u0645\\u0645\\u062a\\u0646\\u0648\\u0646 \\u062c\\u062f\\u064b\\u0627 \\u0644\\u0643 \\u0639\\u0644\\u0649 \\u062a\\u0628\\u0631\\u0639\\u0643. \\u064a\\u0633\\u0627\\u0639\\u062f\\u0646\\u0627 \\u0645\\u062c\\u0647\\u0648\\u062f\\u0643 \\u0627\\u0644\\u0635\\u063a\\u064a\\u0631 \\u0641\\u064a \\u062a\\u063a\\u064a\\u064a\\u0631 \\u0627\\u0644\\u062d\\u064a\\u0627\\u0629 \\u0627\\u0644\\u0645\\u062c\\u062a\\u0645\\u0639\\u064a\\u0629 \\u0627\\u0644\\u0643\\u0628\\u064a\\u0631\\u0629 \\u060c \\u0648\\u064a\\u062c\\u0628 \\u0623\\u0646 \\u0623\\u0634\\u0631\\u062d \\u0644\\u0643 \\u0643\\u064a\\u0641 \\u0648\\u0644\\u062f\\u062a \\u0643\\u0644 \\u0647\\u0630\\u0647 \\u0627\\u0644\\u0641\\u0643\\u0631\\u0629 \\u0627\\u0644\\u062e\\u0627\\u0637\\u0626\\u0629 \\u0627\\u0644\\u0645\\u062a\\u0645\\u062b\\u0644\\u0629 \\u0641\\u064a \\u0625\\u062f\\u0627\\u0646\\u0629 \\u0627\\u0644\\u0645\\u062a\\u0639\\u0629 \\u0648\\u0645\\u062f\\u062d \\u0627\\u0644\\u0623\\u0644\\u0645 \\u060c \\u0648\\u0633\\u0623\\u0642\\u062f\\u0645 \\u0644\\u0643 \\u0648\\u0635\\u0641\\u064b\\u0627 \\u0643\\u0627\\u0645\\u0644\\u0627\\u064b \\u0644\\u0644\\u0646\\u0638\\u0627\\u0645 \\u060c \\u0648\\u0623\\u0634\\u0631\\u062d \\u0644\\u0643 \\u062d\\u0642\\u064a\\u0642\\u0629 \\u0627\\u0644\\u0623\\u0645\\u0631. \\u064a\\u062c\\u0628 \\u0623\\u0646 \\u0623\\u0634\\u0631\\u062d \\u0644\\u0643 \\u0643\\u064a\\u0641 \\u0643\\u0644 \\u0647\\u0630\\u0647 \\u0627\\u0644\\u0641\\u0643\\u0631\\u0629 \\u0627\\u0644\\u062e\\u0627\\u0637\\u0626\\u0629 \\u0644\\u0644\\u062a\\u0646\\u062f\\u064a\\u062f \\u0628\\u0627\\u0644\\u0644\\u0630\\u0629\"}",
      "slug": "digital-agency-website",
      "image": "87",
      "image_gallery": "88|87",
      "client": "{\"en_US\":\"Kevin petersen\",\"azb\":\"\\u0628\\u0639\\u0642 \\u0644\\u0644\\u062a\\u0646\\u062f\\u064a\\u062f \\u0628\\u0627\\u0644\\u0644\\u0630\\u0629\"}",
      "design": "{\"en_US\":\"test\",\"azb\":\"\\u0628\\u0639\\u0642 \\u0644\\u0644\\u062a\\u0646\\u062f\\u064a\\u062f \\u0628\\u0627\\u0644\\u0644\\u0630\\u0629\"}",
      "typography": "{\"en_US\":\"test\",\"azb\":\"\\u0628\\u0639\\u0642 \\u0644\\u0644\\u062a\\u0646\\u062f\\u064a\\u062f \\u0628\\u0627\\u0644\\u0644\\u0630\\u0629\"}",
      "tags": "blog,new,affiliation",
      "file": "Archive1662554396.zip",
      "download": "0",
      "status": 1,
      "created_at": "2022-09-07 12:39:56",
      "updated_at": "2023-04-11 12:04:16"
    },
    {
      "id": 14,
      "category_id": 4,
      "title": "{\"en\":\"Digital Agency Website\",\"en_US\":\"New system color\",\"azb\":\"\\u0628\\u0639\\u0642 \\u0644\\u0644\\u062a\\u0646\\u062f\\u064a\\u062f \\u0628\\u0627\\u0644\\u0644\\u0630\\u0629\"}",
      "url": "#",
      "description": "{\"en_US\":\"We azbe very much greatful to you for your donation. Your little effort help us to change big community life I must explain to you how all this mistaken idea of denouncing pleen_USure and praising pain wen_US azbrn and I will give you a complete account of the system, and expound the actual teachings of the great explorer of the truth, the men_USter-builder of human happiness. No one rejects, dislikes, or avoids pleen_USure itself, beazbuse it is pleen_USure, but beazbuse those who do not know how to pursue pleen_USure rationally We azbe very much greatful to you for your donation. Your little effort help us to change big community life I must explain to you how all this mistaken idea of denouncing pleen_USure and praising pain wen_US azbrn and I will give you a complete account of the system, and expound the actual . I must explain to you how all this mistaken idea of denouncing pleen_USure . We azbe very much greatful to you for your donation. Your little effort help us to change big community life I must explain to you how all this mistaken idea of denouncing pleen_USure and praising pain wen_US azbrn and I will give you a complete account of the system, and expound the actual . I must explain to you how all this mistaken idea of denouncing pleen_USure . We azbe very much greatful to you for your donation. Your little effort help us to change big community life I must explain to you how all this mistaken idea of denouncing pleen_USure and praising pain wen_US azbrn and I will give you a complete account of the system, and expound the actual . I must explain to you how all this mistaken idea of denouncing pleen_USure . We azbe very much greatful to you for your donation. Your little effort help us to change big community life I must explain to you how all this mistaken idea of denouncing pleen_USure and praising pain wen_US azbrn and I will give you a complete account of the system, and expound the actual . I must explain to you how all this mistaken idea of denouncing pleen_USure\",\"azb\":\"\\u0646\\u062d\\u0646 \\u0645\\u0645\\u062a\\u0646\\u0648\\u0646 \\u062c\\u062f\\u064b\\u0627 \\u0644\\u0643 \\u0639\\u0644\\u0649 \\u062a\\u0628\\u0631\\u0639\\u0643. \\u064a\\u0633\\u0627\\u0639\\u062f\\u0646\\u0627 \\u0645\\u062c\\u0647\\u0648\\u062f\\u0643 \\u0627\\u0644\\u0635\\u063a\\u064a\\u0631 \\u0641\\u064a \\u062a\\u063a\\u064a\\u064a\\u0631 \\u0627\\u0644\\u062d\\u064a\\u0627\\u0629 \\u0627\\u0644\\u0645\\u062c\\u062a\\u0645\\u0639\\u064a\\u0629 \\u0627\\u0644\\u0643\\u0628\\u064a\\u0631\\u0629 \\u060c \\u0648\\u064a\\u062c\\u0628 \\u0623\\u0646 \\u0623\\u0634\\u0631\\u062d \\u0644\\u0643 \\u0643\\u064a\\u0641 \\u0648\\u0644\\u062f\\u062a \\u0643\\u0644 \\u0647\\u0630\\u0647 \\u0627\\u0644\\u0641\\u0643\\u0631\\u0629 \\u0627\\u0644\\u062e\\u0627\\u0637\\u0626\\u0629 \\u0627\\u0644\\u0645\\u062a\\u0645\\u062b\\u0644\\u0629 \\u0641\\u064a \\u0625\\u062f\\u0627\\u0646\\u0629 \\u0627\\u0644\\u0645\\u062a\\u0639\\u0629 \\u0648\\u0645\\u062f\\u062d \\u0627\\u0644\\u0623\\u0644\\u0645 \\u060c \\u0648\\u0633\\u0623\\u0642\\u062f\\u0645 \\u0644\\u0643 \\u0648\\u0635\\u0641\\u064b\\u0627 \\u0643\\u0627\\u0645\\u0644\\u0627\\u064b \\u0644\\u0644\\u0646\\u0638\\u0627\\u0645 \\u060c \\u0648\\u0623\\u0634\\u0631\\u062d \\u0627\\u0644\\u062a\\u0639\\u0627\\u0644\\u064a\\u0645 \\u0627\\u0644\\u0641\\u0639\\u0644\\u064a\\u0629 \\u0644\\u0644\\u0645\\u0633\\u062a\\u0643\\u0634\\u0641 \\u0627\\u0644\\u0639\\u0638\\u064a\\u0645. \\u0627\\u0644\\u062d\\u0642\\u064a\\u0642\\u0629 \\u060c \\u0635\\u0627\\u0646\\u0639 \\u0627\\u0644\\u0633\\u0639\\u0627\\u062f\\u0629 \\u0627\\u0644\\u0628\\u0634\\u0631\\u064a\\u0629. \\u0644\\u0627 \\u0623\\u062d\\u062f \\u064a\\u0631\\u0641\\u0636 \\u0623\\u0648 \\u064a\\u0643\\u0631\\u0647 \\u0623\\u0648 \\u064a\\u062a\\u062c\\u0646\\u0628 \\u0627\\u0644\\u0645\\u062a\\u0639\\u0629 \\u0646\\u0641\\u0633\\u0647\\u0627 \\u060c \\u0644\\u0623\\u0646\\u0647\\u0627 \\u0645\\u062a\\u0639\\u0629 \\u060c \\u0648\\u0644\\u0643\\u0646 \\u0644\\u0623\\u0646 \\u0623\\u0648\\u0644\\u0626\\u0643 \\u0627\\u0644\\u0630\\u064a\\u0646 \\u0644\\u0627 \\u064a\\u0639\\u0631\\u0641\\u0648\\u0646 \\u0643\\u064a\\u0641 \\u064a\\u0633\\u0639\\u0648\\u0646 \\u0648\\u0631\\u0627\\u0621 \\u0627\\u0644\\u0645\\u062a\\u0639\\u0629 \\u0628\\u0639\\u0642\\u0644\\u0627\\u0646\\u064a\\u0629 \\u0646\\u062d\\u0646 \\u0645\\u0645\\u062a\\u0646\\u0648\\u0646 \\u062c\\u062f\\u064b\\u0627 \\u0644\\u0643 \\u0639\\u0644\\u0649 \\u062a\\u0628\\u0631\\u0639\\u0643. \\u064a\\u0633\\u0627\\u0639\\u062f\\u0646\\u0627 \\u0645\\u062c\\u0647\\u0648\\u062f\\u0643 \\u0627\\u0644\\u0635\\u063a\\u064a\\u0631 \\u0641\\u064a \\u062a\\u063a\\u064a\\u064a\\u0631 \\u0627\\u0644\\u062d\\u064a\\u0627\\u0629 \\u0627\\u0644\\u0645\\u062c\\u062a\\u0645\\u0639\\u064a\\u0629 \\u0627\\u0644\\u0643\\u0628\\u064a\\u0631\\u0629 \\u060c \\u0648\\u064a\\u062c\\u0628 \\u0623\\u0646 \\u0623\\u0634\\u0631\\u062d \\u0644\\u0643 \\u0643\\u064a\\u0641 \\u0648\\u0644\\u062f\\u062a \\u0643\\u0644 \\u0647\\u0630\\u0647 \\u0627\\u0644\\u0641\\u0643\\u0631\\u0629 \\u0627\\u0644\\u062e\\u0627\\u0637\\u0626\\u0629 \\u0627\\u0644\\u0645\\u062a\\u0645\\u062b\\u0644\\u0629 \\u0641\\u064a \\u0625\\u062f\\u0627\\u0646\\u0629 \\u0627\\u0644\\u0645\\u062a\\u0639\\u0629 \\u0648\\u0645\\u062f\\u062d \\u0627\\u0644\\u0623\\u0644\\u0645 \\u060c \\u0648\\u0633\\u0623\\u0642\\u062f\\u0645 \\u0644\\u0643 \\u0648\\u0635\\u0641\\u064b\\u0627 \\u0643\\u0627\\u0645\\u0644\\u0627\\u064b \\u0644\\u0644\\u0646\\u0638\\u0627\\u0645 \\u060c \\u0648\\u0623\\u0634\\u0631\\u062d \\u0644\\u0643 \\u062d\\u0642\\u064a\\u0642\\u0629 \\u0627\\u0644\\u0623\\u0645\\u0631. \\u064a\\u062c\\u0628 \\u0623\\u0646 \\u0623\\u0634\\u0631\\u062d \\u0644\\u0643 \\u0643\\u064a\\u0641 \\u0643\\u0644 \\u0647\\u0630\\u0647 \\u0627\\u0644\\u0641\\u0643\\u0631\\u0629 \\u0627\\u0644\\u062e\\u0627\\u0637\\u0626\\u0629 \\u0644\\u0644\\u062a\\u0646\\u062f\\u064a\\u062f \\u0628\\u0627\\u0644\\u0644\\u0630\\u0629. \\u0646\\u062d\\u0646 \\u0645\\u0645\\u062a\\u0646\\u0648\\u0646 \\u062c\\u062f\\u064b\\u0627 \\u0644\\u0643 \\u0639\\u0644\\u0649 \\u062a\\u0628\\u0631\\u0639\\u0643. \\u064a\\u0633\\u0627\\u0639\\u062f\\u0646\\u0627 \\u0645\\u062c\\u0647\\u0648\\u062f\\u0643 \\u0627\\u0644\\u0635\\u063a\\u064a\\u0631 \\u0641\\u064a \\u062a\\u063a\\u064a\\u064a\\u0631 \\u0627\\u0644\\u062d\\u064a\\u0627\\u0629 \\u0627\\u0644\\u0645\\u062c\\u062a\\u0645\\u0639\\u064a\\u0629 \\u0627\\u0644\\u0643\\u0628\\u064a\\u0631\\u0629 \\u060c \\u0648\\u064a\\u062c\\u0628 \\u0623\\u0646 \\u0623\\u0634\\u0631\\u062d \\u0644\\u0643 \\u0643\\u064a\\u0641 \\u0648\\u0644\\u062f\\u062a \\u0643\\u0644 \\u0647\\u0630\\u0647 \\u0627\\u0644\\u0641\\u0643\\u0631\\u0629 \\u0627\\u0644\\u062e\\u0627\\u0637\\u0626\\u0629 \\u0627\\u0644\\u0645\\u062a\\u0645\\u062b\\u0644\\u0629 \\u0641\\u064a \\u0625\\u062f\\u0627\\u0646\\u0629 \\u0627\\u0644\\u0645\\u062a\\u0639\\u0629 \\u0648\\u0645\\u062f\\u062d \\u0627\\u0644\\u0623\\u0644\\u0645 \\u060c \\u0648\\u0633\\u0623\\u0642\\u062f\\u0645 \\u0644\\u0643 \\u0648\\u0635\\u0641\\u064b\\u0627 \\u0643\\u0627\\u0645\\u0644\\u0627\\u064b \\u0644\\u0644\\u0646\\u0638\\u0627\\u0645 \\u060c \\u0648\\u0623\\u0634\\u0631\\u062d \\u0644\\u0643 \\u062d\\u0642\\u064a\\u0642\\u0629 \\u0627\\u0644\\u0623\\u0645\\u0631. \\u064a\\u062c\\u0628 \\u0623\\u0646 \\u0623\\u0634\\u0631\\u062d \\u0644\\u0643 \\u0643\\u064a\\u0641 \\u0643\\u0644 \\u0647\\u0630\\u0647 \\u0627\\u0644\\u0641\\u0643\\u0631\\u0629 \\u0627\\u0644\\u062e\\u0627\\u0637\\u0626\\u0629 \\u0644\\u0644\\u062a\\u0646\\u062f\\u064a\\u062f \\u0628\\u0627\\u0644\\u0644\\u0630\\u0629. \\u0646\\u062d\\u0646 \\u0645\\u0645\\u062a\\u0646\\u0648\\u0646 \\u062c\\u062f\\u064b\\u0627 \\u0644\\u0643 \\u0639\\u0644\\u0649 \\u062a\\u0628\\u0631\\u0639\\u0643. \\u064a\\u0633\\u0627\\u0639\\u062f\\u0646\\u0627 \\u0645\\u062c\\u0647\\u0648\\u062f\\u0643 \\u0627\\u0644\\u0635\\u063a\\u064a\\u0631 \\u0641\\u064a \\u062a\\u063a\\u064a\\u064a\\u0631 \\u0627\\u0644\\u062d\\u064a\\u0627\\u0629 \\u0627\\u0644\\u0645\\u062c\\u062a\\u0645\\u0639\\u064a\\u0629 \\u0627\\u0644\\u0643\\u0628\\u064a\\u0631\\u0629 \\u060c \\u0648\\u064a\\u062c\\u0628 \\u0623\\u0646 \\u0623\\u0634\\u0631\\u062d \\u0644\\u0643 \\u0643\\u064a\\u0641 \\u0648\\u0644\\u062f\\u062a \\u0643\\u0644 \\u0647\\u0630\\u0647 \\u0627\\u0644\\u0641\\u0643\\u0631\\u0629 \\u0627\\u0644\\u062e\\u0627\\u0637\\u0626\\u0629 \\u0627\\u0644\\u0645\\u062a\\u0645\\u062b\\u0644\\u0629 \\u0641\\u064a \\u0625\\u062f\\u0627\\u0646\\u0629 \\u0627\\u0644\\u0645\\u062a\\u0639\\u0629 \\u0648\\u0645\\u062f\\u062d \\u0627\\u0644\\u0623\\u0644\\u0645 \\u060c \\u0648\\u0633\\u0623\\u0642\\u062f\\u0645 \\u0644\\u0643 \\u0648\\u0635\\u0641\\u064b\\u0627 \\u0643\\u0627\\u0645\\u0644\\u0627\\u064b \\u0644\\u0644\\u0646\\u0638\\u0627\\u0645 \\u060c \\u0648\\u0623\\u0634\\u0631\\u062d \\u0644\\u0643 \\u062d\\u0642\\u064a\\u0642\\u0629 \\u0627\\u0644\\u0623\\u0645\\u0631. \\u064a\\u062c\\u0628 \\u0623\\u0646 \\u0623\\u0634\\u0631\\u062d \\u0644\\u0643 \\u0643\\u064a\\u0641 \\u0643\\u0644 \\u0647\\u0630\\u0647 \\u0627\\u0644\\u0641\\u0643\\u0631\\u0629 \\u0627\\u0644\\u062e\\u0627\\u0637\\u0626\\u0629 \\u0644\\u0644\\u062a\\u0646\\u062f\\u064a\\u062f \\u0628\\u0627\\u0644\\u0644\\u0630\\u0629. \\u0646\\u062d\\u0646 \\u0645\\u0645\\u062a\\u0646\\u0648\\u0646 \\u062c\\u062f\\u064b\\u0627 \\u0644\\u0643 \\u0639\\u0644\\u0649 \\u062a\\u0628\\u0631\\u0639\\u0643. \\u064a\\u0633\\u0627\\u0639\\u062f\\u0646\\u0627 \\u0645\\u062c\\u0647\\u0648\\u062f\\u0643 \\u0627\\u0644\\u0635\\u063a\\u064a\\u0631 \\u0641\\u064a \\u062a\\u063a\\u064a\\u064a\\u0631 \\u0627\\u0644\\u062d\\u064a\\u0627\\u0629 \\u0627\\u0644\\u0645\\u062c\\u062a\\u0645\\u0639\\u064a\\u0629 \\u0627\\u0644\\u0643\\u0628\\u064a\\u0631\\u0629 \\u060c \\u0648\\u064a\\u062c\\u0628 \\u0623\\u0646 \\u0623\\u0634\\u0631\\u062d \\u0644\\u0643 \\u0643\\u064a\\u0641 \\u0648\\u0644\\u062f\\u062a \\u0643\\u0644 \\u0647\\u0630\\u0647 \\u0627\\u0644\\u0641\\u0643\\u0631\\u0629 \\u0627\\u0644\\u062e\\u0627\\u0637\\u0626\\u0629 \\u0627\\u0644\\u0645\\u062a\\u0645\\u062b\\u0644\\u0629 \\u0641\\u064a \\u0625\\u062f\\u0627\\u0646\\u0629 \\u0627\\u0644\\u0645\\u062a\\u0639\\u0629 \\u0648\\u0645\\u062f\\u062d \\u0627\\u0644\\u0623\\u0644\\u0645 \\u060c \\u0648\\u0633\\u0623\\u0642\\u062f\\u0645 \\u0644\\u0643 \\u0648\\u0635\\u0641\\u064b\\u0627 \\u0643\\u0627\\u0645\\u0644\\u0627\\u064b \\u0644\\u0644\\u0646\\u0638\\u0627\\u0645 \\u060c \\u0648\\u0623\\u0634\\u0631\\u062d \\u0644\\u0643 \\u062d\\u0642\\u064a\\u0642\\u0629 \\u0627\\u0644\\u0623\\u0645\\u0631. \\u064a\\u062c\\u0628 \\u0623\\u0646 \\u0623\\u0634\\u0631\\u062d \\u0644\\u0643 \\u0643\\u064a\\u0641 \\u0643\\u0644 \\u0647\\u0630\\u0647 \\u0627\\u0644\\u0641\\u0643\\u0631\\u0629 \\u0627\\u0644\\u062e\\u0627\\u0637\\u0626\\u0629 \\u0644\\u0644\\u062a\\u0646\\u062f\\u064a\\u062f \\u0628\\u0627\\u0644\\u0644\\u0630\\u0629\"}",
      "slug": "new-system-color",
      "image": "88",
      "image_gallery": "88|87",
      "client": "{\"en\":\"Kevin petersen\",\"en_US\":\"Kevin petersen\",\"azb\":\"\\u0628\\u0639\\u0642 \\u0644\\u0644\\u062a\\u0646\\u062f\\u064a\\u062f \\u0628\\u0627\\u0644\\u0644\\u0630\\u0629\"}",
      "design": "{\"en\":\"test\",\"en_US\":\"test\",\"azb\":\"\\u0628\\u0639\\u0642 \\u0644\\u0644\\u062a\\u0646\\u062f\\u064a\\u062f \\u0628\\u0627\\u0644\\u0644\\u0630\\u0629\"}",
      "typography": "{\"en\":\"test\",\"en_US\":\"test\",\"azb\":\"\\u0628\\u0639\\u0642 \\u0644\\u0644\\u062a\\u0646\\u062f\\u064a\\u062f \\u0628\\u0627\\u0644\\u0644\\u0630\\u0629\"}",
      "tags": "blog,new,affiliation",
      "file": null,
      "download": null,
      "status": 1,
      "created_at": "2022-10-02 12:02:55",
      "updated_at": "2023-04-11 12:04:16"
    },
    {
      "id": 15,
      "category_id": 4,
      "title": "{\"en\":\"New system color\",\"en_US\":\"System analitics tool am\",\"azb\":\"\\u0628\\u0639\\u0642 \\u0644\\u0644\\u062a\\u0646\\u062f\\u064a\\u062f \\u0628\\u0627\\u0644\\u0644\\u0630\\u0629\"}",
      "url": "#",
      "description": "{\"en_US\":\"We azbe very much greatful to you for your donation. Your little effort help us to change big community life I must explain to you how all this mistaken idea of denouncing pleen_USure and praising pain wen_US azbrn and I will give you a complete account of the system, and expound the actual teachings of the great explorer of the truth, the men_USter-builder of human happiness. No one rejects, dislikes, or avoids pleen_USure itself, beazbuse it is pleen_USure, but beazbuse those who do not know how to pursue pleen_USure rationally We azbe very much greatful to you for your donation. Your little effort help us to change big community life I must explain to you how all this mistaken idea of denouncing pleen_USure and praising pain wen_US azbrn and I will give you a complete account of the system, and expound the actual . I must explain to you how all this mistaken idea of denouncing pleen_USure . We azbe very much greatful to you for your donation. Your little effort help us to change big community life I must explain to you how all this mistaken idea of denouncing pleen_USure and praising pain wen_US azbrn and I will give you a complete account of the system, and expound the actual . I must explain to you how all this mistaken idea of denouncing pleen_USure . We azbe very much greatful to you for your donation. Your little effort help us to change big community life I must explain to you how all this mistaken idea of denouncing pleen_USure and praising pain wen_US azbrn and I will give you a complete account of the system, and expound the actual . I must explain to you how all this mistaken idea of denouncing pleen_USure . We azbe very much greatful to you for your donation. Your little effort help us to change big community life I must explain to you how all this mistaken idea of denouncing pleen_USure and praising pain wen_US azbrn and I will give you a complete account of the system, and expound the actual . I must explain to you how all this mistaken idea of denouncing pleen_USure\",\"azb\":\"\\u0646\\u062d\\u0646 \\u0645\\u0645\\u062a\\u0646\\u0648\\u0646 \\u062c\\u062f\\u064b\\u0627 \\u0644\\u0643 \\u0639\\u0644\\u0649 \\u062a\\u0628\\u0631\\u0639\\u0643. \\u064a\\u0633\\u0627\\u0639\\u062f\\u0646\\u0627 \\u0645\\u062c\\u0647\\u0648\\u062f\\u0643 \\u0627\\u0644\\u0635\\u063a\\u064a\\u0631 \\u0641\\u064a \\u062a\\u063a\\u064a\\u064a\\u0631 \\u0627\\u0644\\u062d\\u064a\\u0627\\u0629 \\u0627\\u0644\\u0645\\u062c\\u062a\\u0645\\u0639\\u064a\\u0629 \\u0627\\u0644\\u0643\\u0628\\u064a\\u0631\\u0629 \\u060c \\u0648\\u064a\\u062c\\u0628 \\u0623\\u0646 \\u0623\\u0634\\u0631\\u062d \\u0644\\u0643 \\u0643\\u064a\\u0641 \\u0648\\u0644\\u062f\\u062a \\u0643\\u0644 \\u0647\\u0630\\u0647 \\u0627\\u0644\\u0641\\u0643\\u0631\\u0629 \\u0627\\u0644\\u062e\\u0627\\u0637\\u0626\\u0629 \\u0627\\u0644\\u0645\\u062a\\u0645\\u062b\\u0644\\u0629 \\u0641\\u064a \\u0625\\u062f\\u0627\\u0646\\u0629 \\u0627\\u0644\\u0645\\u062a\\u0639\\u0629 \\u0648\\u0645\\u062f\\u062d \\u0627\\u0644\\u0623\\u0644\\u0645 \\u060c \\u0648\\u0633\\u0623\\u0642\\u062f\\u0645 \\u0644\\u0643 \\u0648\\u0635\\u0641\\u064b\\u0627 \\u0643\\u0627\\u0645\\u0644\\u0627\\u064b \\u0644\\u0644\\u0646\\u0638\\u0627\\u0645 \\u060c \\u0648\\u0623\\u0634\\u0631\\u062d \\u0627\\u0644\\u062a\\u0639\\u0627\\u0644\\u064a\\u0645 \\u0627\\u0644\\u0641\\u0639\\u0644\\u064a\\u0629 \\u0644\\u0644\\u0645\\u0633\\u062a\\u0643\\u0634\\u0641 \\u0627\\u0644\\u0639\\u0638\\u064a\\u0645. \\u0627\\u0644\\u062d\\u0642\\u064a\\u0642\\u0629 \\u060c \\u0635\\u0627\\u0646\\u0639 \\u0627\\u0644\\u0633\\u0639\\u0627\\u062f\\u0629 \\u0627\\u0644\\u0628\\u0634\\u0631\\u064a\\u0629. \\u0644\\u0627 \\u0623\\u062d\\u062f \\u064a\\u0631\\u0641\\u0636 \\u0623\\u0648 \\u064a\\u0643\\u0631\\u0647 \\u0623\\u0648 \\u064a\\u062a\\u062c\\u0646\\u0628 \\u0627\\u0644\\u0645\\u062a\\u0639\\u0629 \\u0646\\u0641\\u0633\\u0647\\u0627 \\u060c \\u0644\\u0623\\u0646\\u0647\\u0627 \\u0645\\u062a\\u0639\\u0629 \\u060c \\u0648\\u0644\\u0643\\u0646 \\u0644\\u0623\\u0646 \\u0623\\u0648\\u0644\\u0626\\u0643 \\u0627\\u0644\\u0630\\u064a\\u0646 \\u0644\\u0627 \\u064a\\u0639\\u0631\\u0641\\u0648\\u0646 \\u0643\\u064a\\u0641 \\u064a\\u0633\\u0639\\u0648\\u0646 \\u0648\\u0631\\u0627\\u0621 \\u0627\\u0644\\u0645\\u062a\\u0639\\u0629 \\u0628\\u0639\\u0642\\u0644\\u0627\\u0646\\u064a\\u0629 \\u0646\\u062d\\u0646 \\u0645\\u0645\\u062a\\u0646\\u0648\\u0646 \\u062c\\u062f\\u064b\\u0627 \\u0644\\u0643 \\u0639\\u0644\\u0649 \\u062a\\u0628\\u0631\\u0639\\u0643. \\u064a\\u0633\\u0627\\u0639\\u062f\\u0646\\u0627 \\u0645\\u062c\\u0647\\u0648\\u062f\\u0643 \\u0627\\u0644\\u0635\\u063a\\u064a\\u0631 \\u0641\\u064a \\u062a\\u063a\\u064a\\u064a\\u0631 \\u0627\\u0644\\u062d\\u064a\\u0627\\u0629 \\u0627\\u0644\\u0645\\u062c\\u062a\\u0645\\u0639\\u064a\\u0629 \\u0627\\u0644\\u0643\\u0628\\u064a\\u0631\\u0629 \\u060c \\u0648\\u064a\\u062c\\u0628 \\u0623\\u0646 \\u0623\\u0634\\u0631\\u062d \\u0644\\u0643 \\u0643\\u064a\\u0641 \\u0648\\u0644\\u062f\\u062a \\u0643\\u0644 \\u0647\\u0630\\u0647 \\u0627\\u0644\\u0641\\u0643\\u0631\\u0629 \\u0627\\u0644\\u062e\\u0627\\u0637\\u0626\\u0629 \\u0627\\u0644\\u0645\\u062a\\u0645\\u062b\\u0644\\u0629 \\u0641\\u064a \\u0625\\u062f\\u0627\\u0646\\u0629 \\u0627\\u0644\\u0645\\u062a\\u0639\\u0629 \\u0648\\u0645\\u062f\\u062d \\u0627\\u0644\\u0623\\u0644\\u0645 \\u060c \\u0648\\u0633\\u0623\\u0642\\u062f\\u0645 \\u0644\\u0643 \\u0648\\u0635\\u0641\\u064b\\u0627 \\u0643\\u0627\\u0645\\u0644\\u0627\\u064b \\u0644\\u0644\\u0646\\u0638\\u0627\\u0645 \\u060c \\u0648\\u0623\\u0634\\u0631\\u062d \\u0644\\u0643 \\u062d\\u0642\\u064a\\u0642\\u0629 \\u0627\\u0644\\u0623\\u0645\\u0631. \\u064a\\u062c\\u0628 \\u0623\\u0646 \\u0623\\u0634\\u0631\\u062d \\u0644\\u0643 \\u0643\\u064a\\u0641 \\u0643\\u0644 \\u0647\\u0630\\u0647 \\u0627\\u0644\\u0641\\u0643\\u0631\\u0629 \\u0627\\u0644\\u062e\\u0627\\u0637\\u0626\\u0629 \\u0644\\u0644\\u062a\\u0646\\u062f\\u064a\\u062f \\u0628\\u0627\\u0644\\u0644\\u0630\\u0629. \\u0646\\u062d\\u0646 \\u0645\\u0645\\u062a\\u0646\\u0648\\u0646 \\u062c\\u062f\\u064b\\u0627 \\u0644\\u0643 \\u0639\\u0644\\u0649 \\u062a\\u0628\\u0631\\u0639\\u0643. \\u064a\\u0633\\u0627\\u0639\\u062f\\u0646\\u0627 \\u0645\\u062c\\u0647\\u0648\\u062f\\u0643 \\u0627\\u0644\\u0635\\u063a\\u064a\\u0631 \\u0641\\u064a \\u062a\\u063a\\u064a\\u064a\\u0631 \\u0627\\u0644\\u062d\\u064a\\u0627\\u0629 \\u0627\\u0644\\u0645\\u062c\\u062a\\u0645\\u0639\\u064a\\u0629 \\u0627\\u0644\\u0643\\u0628\\u064a\\u0631\\u0629 \\u060c \\u0648\\u064a\\u062c\\u0628 \\u0623\\u0646 \\u0623\\u0634\\u0631\\u062d \\u0644\\u0643 \\u0643\\u064a\\u0641 \\u0648\\u0644\\u062f\\u062a \\u0643\\u0644 \\u0647\\u0630\\u0647 \\u0627\\u0644\\u0641\\u0643\\u0631\\u0629 \\u0627\\u0644\\u062e\\u0627\\u0637\\u0626\\u0629 \\u0627\\u0644\\u0645\\u062a\\u0645\\u062b\\u0644\\u0629 \\u0641\\u064a \\u0625\\u062f\\u0627\\u0646\\u0629 \\u0627\\u0644\\u0645\\u062a\\u0639\\u0629 \\u0648\\u0645\\u062f\\u062d \\u0627\\u0644\\u0623\\u0644\\u0645 \\u060c \\u0648\\u0633\\u0623\\u0642\\u062f\\u0645 \\u0644\\u0643 \\u0648\\u0635\\u0641\\u064b\\u0627 \\u0643\\u0627\\u0645\\u0644\\u0627\\u064b \\u0644\\u0644\\u0646\\u0638\\u0627\\u0645 \\u060c \\u0648\\u0623\\u0634\\u0631\\u062d \\u0644\\u0643 \\u062d\\u0642\\u064a\\u0642\\u0629 \\u0627\\u0644\\u0623\\u0645\\u0631. \\u064a\\u062c\\u0628 \\u0623\\u0646 \\u0623\\u0634\\u0631\\u062d \\u0644\\u0643 \\u0643\\u064a\\u0641 \\u0643\\u0644 \\u0647\\u0630\\u0647 \\u0627\\u0644\\u0641\\u0643\\u0631\\u0629 \\u0627\\u0644\\u062e\\u0627\\u0637\\u0626\\u0629 \\u0644\\u0644\\u062a\\u0646\\u062f\\u064a\\u062f \\u0628\\u0627\\u0644\\u0644\\u0630\\u0629. \\u0646\\u062d\\u0646 \\u0645\\u0645\\u062a\\u0646\\u0648\\u0646 \\u062c\\u062f\\u064b\\u0627 \\u0644\\u0643 \\u0639\\u0644\\u0649 \\u062a\\u0628\\u0631\\u0639\\u0643. \\u064a\\u0633\\u0627\\u0639\\u062f\\u0646\\u0627 \\u0645\\u062c\\u0647\\u0648\\u062f\\u0643 \\u0627\\u0644\\u0635\\u063a\\u064a\\u0631 \\u0641\\u064a \\u062a\\u063a\\u064a\\u064a\\u0631 \\u0627\\u0644\\u062d\\u064a\\u0627\\u0629 \\u0627\\u0644\\u0645\\u062c\\u062a\\u0645\\u0639\\u064a\\u0629 \\u0627\\u0644\\u0643\\u0628\\u064a\\u0631\\u0629 \\u060c \\u0648\\u064a\\u062c\\u0628 \\u0623\\u0646 \\u0623\\u0634\\u0631\\u062d \\u0644\\u0643 \\u0643\\u064a\\u0641 \\u0648\\u0644\\u062f\\u062a \\u0643\\u0644 \\u0647\\u0630\\u0647 \\u0627\\u0644\\u0641\\u0643\\u0631\\u0629 \\u0627\\u0644\\u062e\\u0627\\u0637\\u0626\\u0629 \\u0627\\u0644\\u0645\\u062a\\u0645\\u062b\\u0644\\u0629 \\u0641\\u064a \\u0625\\u062f\\u0627\\u0646\\u0629 \\u0627\\u0644\\u0645\\u062a\\u0639\\u0629 \\u0648\\u0645\\u062f\\u062d \\u0627\\u0644\\u0623\\u0644\\u0645 \\u060c \\u0648\\u0633\\u0623\\u0642\\u062f\\u0645 \\u0644\\u0643 \\u0648\\u0635\\u0641\\u064b\\u0627 \\u0643\\u0627\\u0645\\u0644\\u0627\\u064b \\u0644\\u0644\\u0646\\u0638\\u0627\\u0645 \\u060c \\u0648\\u0623\\u0634\\u0631\\u062d \\u0644\\u0643 \\u062d\\u0642\\u064a\\u0642\\u0629 \\u0627\\u0644\\u0623\\u0645\\u0631. \\u064a\\u062c\\u0628 \\u0623\\u0646 \\u0623\\u0634\\u0631\\u062d \\u0644\\u0643 \\u0643\\u064a\\u0641 \\u0643\\u0644 \\u0647\\u0630\\u0647 \\u0627\\u0644\\u0641\\u0643\\u0631\\u0629 \\u0627\\u0644\\u062e\\u0627\\u0637\\u0626\\u0629 \\u0644\\u0644\\u062a\\u0646\\u062f\\u064a\\u062f \\u0628\\u0627\\u0644\\u0644\\u0630\\u0629. \\u0646\\u062d\\u0646 \\u0645\\u0645\\u062a\\u0646\\u0648\\u0646 \\u062c\\u062f\\u064b\\u0627 \\u0644\\u0643 \\u0639\\u0644\\u0649 \\u062a\\u0628\\u0631\\u0639\\u0643. \\u064a\\u0633\\u0627\\u0639\\u062f\\u0646\\u0627 \\u0645\\u062c\\u0647\\u0648\\u062f\\u0643 \\u0627\\u0644\\u0635\\u063a\\u064a\\u0631 \\u0641\\u064a \\u062a\\u063a\\u064a\\u064a\\u0631 \\u0627\\u0644\\u062d\\u064a\\u0627\\u0629 \\u0627\\u0644\\u0645\\u062c\\u062a\\u0645\\u0639\\u064a\\u0629 \\u0627\\u0644\\u0643\\u0628\\u064a\\u0631\\u0629 \\u060c \\u0648\\u064a\\u062c\\u0628 \\u0623\\u0646 \\u0623\\u0634\\u0631\\u062d \\u0644\\u0643 \\u0643\\u064a\\u0641 \\u0648\\u0644\\u062f\\u062a \\u0643\\u0644 \\u0647\\u0630\\u0647 \\u0627\\u0644\\u0641\\u0643\\u0631\\u0629 \\u0627\\u0644\\u062e\\u0627\\u0637\\u0626\\u0629 \\u0627\\u0644\\u0645\\u062a\\u0645\\u062b\\u0644\\u0629 \\u0641\\u064a \\u0625\\u062f\\u0627\\u0646\\u0629 \\u0627\\u0644\\u0645\\u062a\\u0639\\u0629 \\u0648\\u0645\\u062f\\u062d \\u0627\\u0644\\u0623\\u0644\\u0645 \\u060c \\u0648\\u0633\\u0623\\u0642\\u062f\\u0645 \\u0644\\u0643 \\u0648\\u0635\\u0641\\u064b\\u0627 \\u0643\\u0627\\u0645\\u0644\\u0627\\u064b \\u0644\\u0644\\u0646\\u0638\\u0627\\u0645 \\u060c \\u0648\\u0623\\u0634\\u0631\\u062d \\u0644\\u0643 \\u062d\\u0642\\u064a\\u0642\\u0629 \\u0627\\u0644\\u0623\\u0645\\u0631. \\u064a\\u062c\\u0628 \\u0623\\u0646 \\u0623\\u0634\\u0631\\u062d \\u0644\\u0643 \\u0643\\u064a\\u0641 \\u0643\\u0644 \\u0647\\u0630\\u0647 \\u0627\\u0644\\u0641\\u0643\\u0631\\u0629 \\u0627\\u0644\\u062e\\u0627\\u0637\\u0626\\u0629 \\u0644\\u0644\\u062a\\u0646\\u062f\\u064a\\u062f \\u0628\\u0627\\u0644\\u0644\\u0630\\u0629\"}",
      "slug": "system-analitics-tool-am",
      "image": "89",
      "image_gallery": "88|87",
      "client": "{\"en\":\"Kevin petersen\",\"en_US\":\"Kevin petersen\",\"azb\":\"\\u0628\\u0639\\u0642 \\u0644\\u0644\\u062a\\u0646\\u062f\\u064a\\u062f \\u0628\\u0627\\u0644\\u0644\\u0630\\u0629\"}",
      "design": "{\"en\":\"test\",\"en_US\":\"test\",\"azb\":\"\\u0628\\u0639\\u0642 \\u0644\\u0644\\u062a\\u0646\\u062f\\u064a\\u062f \\u0628\\u0627\\u0644\\u0644\\u0630\\u0629\"}",
      "typography": "{\"en\":\"test\",\"en_US\":\"test\",\"azb\":\"\\u0628\\u0639\\u0642 \\u0644\\u0644\\u062a\\u0646\\u062f\\u064a\\u062f \\u0628\\u0627\\u0644\\u0644\\u0630\\u0629\"}",
      "tags": "blog,new,affiliation",
      "file": null,
      "download": null,
      "status": 1,
      "created_at": "2022-10-03 05:11:21",
      "updated_at": "2023-04-11 12:04:16"
    },
    {
      "id": 16,
      "category_id": 1,
      "title": "{\"en\":\"System analitics tool am\",\"en_US\":\"Test\",\"azb\":\"\\u0628\\u0639\\u0642 \\u0644\\u0644\\u062a\\u0646\\u062f\\u064a\\u062f \\u0628\\u0627\\u0644\\u0644\\u0630\\u0629\"}",
      "url": "#",
      "description": "{\"en_US\":\"We azbe very much greatful to you for your donation. Your little effort help us to change big community life I must explain to you how all this mistaken idea of denouncing pleen_USure and praising pain wen_US azbrn and I will give you a complete account of the system, and expound the actual teachings of the great explorer of the truth, the men_USter-builder of human happiness. No one rejects, dislikes, or avoids pleen_USure itself, beazbuse it is pleen_USure, but beazbuse those who do not know how to pursue pleen_USure rationally We azbe very much greatful to you for your donation. Your little effort help us to change big community life I must explain to you how all this mistaken idea of denouncing pleen_USure and praising pain wen_US azbrn and I will give you a complete account of the system, and expound the actual . I must explain to you how all this mistaken idea of denouncing pleen_USure . We azbe very much greatful to you for your donation. Your little effort help us to change big community life I must explain to you how all this mistaken idea of denouncing pleen_USure and praising pain wen_US azbrn and I will give you a complete account of the system, and expound the actual . I must explain to you how all this mistaken idea of denouncing pleen_USure . We azbe very much greatful to you for your donation. Your little effort help us to change big community life I must explain to you how all this mistaken idea of denouncing pleen_USure and praising pain wen_US azbrn and I will give you a complete account of the system, and expound the actual . I must explain to you how all this mistaken idea of denouncing pleen_USure . We azbe very much greatful to you for your donation. Your little effort help us to change big community life I must explain to you how all this mistaken idea of denouncing pleen_USure and praising pain wen_US azbrn and I will give you a complete account of the system, and expound the actual . I must explain to you how all this mistaken idea of denouncing pleen_USure\",\"azb\":\"\\u0646\\u062d\\u0646 \\u0645\\u0645\\u062a\\u0646\\u0648\\u0646 \\u062c\\u062f\\u064b\\u0627 \\u0644\\u0643 \\u0639\\u0644\\u0649 \\u062a\\u0628\\u0631\\u0639\\u0643. \\u064a\\u0633\\u0627\\u0639\\u062f\\u0646\\u0627 \\u0645\\u062c\\u0647\\u0648\\u062f\\u0643 \\u0627\\u0644\\u0635\\u063a\\u064a\\u0631 \\u0641\\u064a \\u062a\\u063a\\u064a\\u064a\\u0631 \\u0627\\u0644\\u062d\\u064a\\u0627\\u0629 \\u0627\\u0644\\u0645\\u062c\\u062a\\u0645\\u0639\\u064a\\u0629 \\u0627\\u0644\\u0643\\u0628\\u064a\\u0631\\u0629 \\u060c \\u0648\\u064a\\u062c\\u0628 \\u0623\\u0646 \\u0623\\u0634\\u0631\\u062d \\u0644\\u0643 \\u0643\\u064a\\u0641 \\u0648\\u0644\\u062f\\u062a \\u0643\\u0644 \\u0647\\u0630\\u0647 \\u0627\\u0644\\u0641\\u0643\\u0631\\u0629 \\u0627\\u0644\\u062e\\u0627\\u0637\\u0626\\u0629 \\u0627\\u0644\\u0645\\u062a\\u0645\\u062b\\u0644\\u0629 \\u0641\\u064a \\u0625\\u062f\\u0627\\u0646\\u0629 \\u0627\\u0644\\u0645\\u062a\\u0639\\u0629 \\u0648\\u0645\\u062f\\u062d \\u0627\\u0644\\u0623\\u0644\\u0645 \\u060c \\u0648\\u0633\\u0623\\u0642\\u062f\\u0645 \\u0644\\u0643 \\u0648\\u0635\\u0641\\u064b\\u0627 \\u0643\\u0627\\u0645\\u0644\\u0627\\u064b \\u0644\\u0644\\u0646\\u0638\\u0627\\u0645 \\u060c \\u0648\\u0623\\u0634\\u0631\\u062d \\u0627\\u0644\\u062a\\u0639\\u0627\\u0644\\u064a\\u0645 \\u0627\\u0644\\u0641\\u0639\\u0644\\u064a\\u0629 \\u0644\\u0644\\u0645\\u0633\\u062a\\u0643\\u0634\\u0641 \\u0627\\u0644\\u0639\\u0638\\u064a\\u0645. \\u0627\\u0644\\u062d\\u0642\\u064a\\u0642\\u0629 \\u060c \\u0635\\u0627\\u0646\\u0639 \\u0627\\u0644\\u0633\\u0639\\u0627\\u062f\\u0629 \\u0627\\u0644\\u0628\\u0634\\u0631\\u064a\\u0629. \\u0644\\u0627 \\u0623\\u062d\\u062f \\u064a\\u0631\\u0641\\u0636 \\u0623\\u0648 \\u064a\\u0643\\u0631\\u0647 \\u0623\\u0648 \\u064a\\u062a\\u062c\\u0646\\u0628 \\u0627\\u0644\\u0645\\u062a\\u0639\\u0629 \\u0646\\u0641\\u0633\\u0647\\u0627 \\u060c \\u0644\\u0623\\u0646\\u0647\\u0627 \\u0645\\u062a\\u0639\\u0629 \\u060c \\u0648\\u0644\\u0643\\u0646 \\u0644\\u0623\\u0646 \\u0623\\u0648\\u0644\\u0626\\u0643 \\u0627\\u0644\\u0630\\u064a\\u0646 \\u0644\\u0627 \\u064a\\u0639\\u0631\\u0641\\u0648\\u0646 \\u0643\\u064a\\u0641 \\u064a\\u0633\\u0639\\u0648\\u0646 \\u0648\\u0631\\u0627\\u0621 \\u0627\\u0644\\u0645\\u062a\\u0639\\u0629 \\u0628\\u0639\\u0642\\u0644\\u0627\\u0646\\u064a\\u0629 \\u0646\\u062d\\u0646 \\u0645\\u0645\\u062a\\u0646\\u0648\\u0646 \\u062c\\u062f\\u064b\\u0627 \\u0644\\u0643 \\u0639\\u0644\\u0649 \\u062a\\u0628\\u0631\\u0639\\u0643. \\u064a\\u0633\\u0627\\u0639\\u062f\\u0646\\u0627 \\u0645\\u062c\\u0647\\u0648\\u062f\\u0643 \\u0627\\u0644\\u0635\\u063a\\u064a\\u0631 \\u0641\\u064a \\u062a\\u063a\\u064a\\u064a\\u0631 \\u0627\\u0644\\u062d\\u064a\\u0627\\u0629 \\u0627\\u0644\\u0645\\u062c\\u062a\\u0645\\u0639\\u064a\\u0629 \\u0627\\u0644\\u0643\\u0628\\u064a\\u0631\\u0629 \\u060c \\u0648\\u064a\\u062c\\u0628 \\u0623\\u0646 \\u0623\\u0634\\u0631\\u062d \\u0644\\u0643 \\u0643\\u064a\\u0641 \\u0648\\u0644\\u062f\\u062a \\u0643\\u0644 \\u0647\\u0630\\u0647 \\u0627\\u0644\\u0641\\u0643\\u0631\\u0629 \\u0627\\u0644\\u062e\\u0627\\u0637\\u0626\\u0629 \\u0627\\u0644\\u0645\\u062a\\u0645\\u062b\\u0644\\u0629 \\u0641\\u064a \\u0625\\u062f\\u0627\\u0646\\u0629 \\u0627\\u0644\\u0645\\u062a\\u0639\\u0629 \\u0648\\u0645\\u062f\\u062d \\u0627\\u0644\\u0623\\u0644\\u0645 \\u060c \\u0648\\u0633\\u0623\\u0642\\u062f\\u0645 \\u0644\\u0643 \\u0648\\u0635\\u0641\\u064b\\u0627 \\u0643\\u0627\\u0645\\u0644\\u0627\\u064b \\u0644\\u0644\\u0646\\u0638\\u0627\\u0645 \\u060c \\u0648\\u0623\\u0634\\u0631\\u062d \\u0644\\u0643 \\u062d\\u0642\\u064a\\u0642\\u0629 \\u0627\\u0644\\u0623\\u0645\\u0631. \\u064a\\u062c\\u0628 \\u0623\\u0646 \\u0623\\u0634\\u0631\\u062d \\u0644\\u0643 \\u0643\\u064a\\u0641 \\u0643\\u0644 \\u0647\\u0630\\u0647 \\u0627\\u0644\\u0641\\u0643\\u0631\\u0629 \\u0627\\u0644\\u062e\\u0627\\u0637\\u0626\\u0629 \\u0644\\u0644\\u062a\\u0646\\u062f\\u064a\\u062f \\u0628\\u0627\\u0644\\u0644\\u0630\\u0629. \\u0646\\u062d\\u0646 \\u0645\\u0645\\u062a\\u0646\\u0648\\u0646 \\u062c\\u062f\\u064b\\u0627 \\u0644\\u0643 \\u0639\\u0644\\u0649 \\u062a\\u0628\\u0631\\u0639\\u0643. \\u064a\\u0633\\u0627\\u0639\\u062f\\u0646\\u0627 \\u0645\\u062c\\u0647\\u0648\\u062f\\u0643 \\u0627\\u0644\\u0635\\u063a\\u064a\\u0631 \\u0641\\u064a \\u062a\\u063a\\u064a\\u064a\\u0631 \\u0627\\u0644\\u062d\\u064a\\u0627\\u0629 \\u0627\\u0644\\u0645\\u062c\\u062a\\u0645\\u0639\\u064a\\u0629 \\u0627\\u0644\\u0643\\u0628\\u064a\\u0631\\u0629 \\u060c \\u0648\\u064a\\u062c\\u0628 \\u0623\\u0646 \\u0623\\u0634\\u0631\\u062d \\u0644\\u0643 \\u0643\\u064a\\u0641 \\u0648\\u0644\\u062f\\u062a \\u0643\\u0644 \\u0647\\u0630\\u0647 \\u0627\\u0644\\u0641\\u0643\\u0631\\u0629 \\u0627\\u0644\\u062e\\u0627\\u0637\\u0626\\u0629 \\u0627\\u0644\\u0645\\u062a\\u0645\\u062b\\u0644\\u0629 \\u0641\\u064a \\u0625\\u062f\\u0627\\u0646\\u0629 \\u0627\\u0644\\u0645\\u062a\\u0639\\u0629 \\u0648\\u0645\\u062f\\u062d \\u0627\\u0644\\u0623\\u0644\\u0645 \\u060c \\u0648\\u0633\\u0623\\u0642\\u062f\\u0645 \\u0644\\u0643 \\u0648\\u0635\\u0641\\u064b\\u0627 \\u0643\\u0627\\u0645\\u0644\\u0627\\u064b \\u0644\\u0644\\u0646\\u0638\\u0627\\u0645 \\u060c \\u0648\\u0623\\u0634\\u0631\\u062d \\u0644\\u0643 \\u062d\\u0642\\u064a\\u0642\\u0629 \\u0627\\u0644\\u0623\\u0645\\u0631. \\u064a\\u062c\\u0628 \\u0623\\u0646 \\u0623\\u0634\\u0631\\u062d \\u0644\\u0643 \\u0643\\u064a\\u0641 \\u0643\\u0644 \\u0647\\u0630\\u0647 \\u0627\\u0644\\u0641\\u0643\\u0631\\u0629 \\u0627\\u0644\\u062e\\u0627\\u0637\\u0626\\u0629 \\u0644\\u0644\\u062a\\u0646\\u062f\\u064a\\u062f \\u0628\\u0627\\u0644\\u0644\\u0630\\u0629. \\u0646\\u062d\\u0646 \\u0645\\u0645\\u062a\\u0646\\u0648\\u0646 \\u062c\\u062f\\u064b\\u0627 \\u0644\\u0643 \\u0639\\u0644\\u0649 \\u062a\\u0628\\u0631\\u0639\\u0643. \\u064a\\u0633\\u0627\\u0639\\u062f\\u0646\\u0627 \\u0645\\u062c\\u0647\\u0648\\u062f\\u0643 \\u0627\\u0644\\u0635\\u063a\\u064a\\u0631 \\u0641\\u064a \\u062a\\u063a\\u064a\\u064a\\u0631 \\u0627\\u0644\\u062d\\u064a\\u0627\\u0629 \\u0627\\u0644\\u0645\\u062c\\u062a\\u0645\\u0639\\u064a\\u0629 \\u0627\\u0644\\u0643\\u0628\\u064a\\u0631\\u0629 \\u060c \\u0648\\u064a\\u062c\\u0628 \\u0623\\u0646 \\u0623\\u0634\\u0631\\u062d \\u0644\\u0643 \\u0643\\u064a\\u0641 \\u0648\\u0644\\u062f\\u062a \\u0643\\u0644 \\u0647\\u0630\\u0647 \\u0627\\u0644\\u0641\\u0643\\u0631\\u0629 \\u0627\\u0644\\u062e\\u0627\\u0637\\u0626\\u0629 \\u0627\\u0644\\u0645\\u062a\\u0645\\u062b\\u0644\\u0629 \\u0641\\u064a \\u0625\\u062f\\u0627\\u0646\\u0629 \\u0627\\u0644\\u0645\\u062a\\u0639\\u0629 \\u0648\\u0645\\u062f\\u062d \\u0627\\u0644\\u0623\\u0644\\u0645 \\u060c \\u0648\\u0633\\u0623\\u0642\\u062f\\u0645 \\u0644\\u0643 \\u0648\\u0635\\u0641\\u064b\\u0627 \\u0643\\u0627\\u0645\\u0644\\u0627\\u064b \\u0644\\u0644\\u0646\\u0638\\u0627\\u0645 \\u060c \\u0648\\u0623\\u0634\\u0631\\u062d \\u0644\\u0643 \\u062d\\u0642\\u064a\\u0642\\u0629 \\u0627\\u0644\\u0623\\u0645\\u0631. \\u064a\\u062c\\u0628 \\u0623\\u0646 \\u0623\\u0634\\u0631\\u062d \\u0644\\u0643 \\u0643\\u064a\\u0641 \\u0643\\u0644 \\u0647\\u0630\\u0647 \\u0627\\u0644\\u0641\\u0643\\u0631\\u0629 \\u0627\\u0644\\u062e\\u0627\\u0637\\u0626\\u0629 \\u0644\\u0644\\u062a\\u0646\\u062f\\u064a\\u062f \\u0628\\u0627\\u0644\\u0644\\u0630\\u0629. \\u0646\\u062d\\u0646 \\u0645\\u0645\\u062a\\u0646\\u0648\\u0646 \\u062c\\u062f\\u064b\\u0627 \\u0644\\u0643 \\u0639\\u0644\\u0649 \\u062a\\u0628\\u0631\\u0639\\u0643. \\u064a\\u0633\\u0627\\u0639\\u062f\\u0646\\u0627 \\u0645\\u062c\\u0647\\u0648\\u062f\\u0643 \\u0627\\u0644\\u0635\\u063a\\u064a\\u0631 \\u0641\\u064a \\u062a\\u063a\\u064a\\u064a\\u0631 \\u0627\\u0644\\u062d\\u064a\\u0627\\u0629 \\u0627\\u0644\\u0645\\u062c\\u062a\\u0645\\u0639\\u064a\\u0629 \\u0627\\u0644\\u0643\\u0628\\u064a\\u0631\\u0629 \\u060c \\u0648\\u064a\\u062c\\u0628 \\u0623\\u0646 \\u0623\\u0634\\u0631\\u062d \\u0644\\u0643 \\u0643\\u064a\\u0641 \\u0648\\u0644\\u062f\\u062a \\u0643\\u0644 \\u0647\\u0630\\u0647 \\u0627\\u0644\\u0641\\u0643\\u0631\\u0629 \\u0627\\u0644\\u062e\\u0627\\u0637\\u0626\\u0629 \\u0627\\u0644\\u0645\\u062a\\u0645\\u062b\\u0644\\u0629 \\u0641\\u064a \\u0625\\u062f\\u0627\\u0646\\u0629 \\u0627\\u0644\\u0645\\u062a\\u0639\\u0629 \\u0648\\u0645\\u062f\\u062d \\u0627\\u0644\\u0623\\u0644\\u0645 \\u060c \\u0648\\u0633\\u0623\\u0642\\u062f\\u0645 \\u0644\\u0643 \\u0648\\u0635\\u0641\\u064b\\u0627 \\u0643\\u0627\\u0645\\u0644\\u0627\\u064b \\u0644\\u0644\\u0646\\u0638\\u0627\\u0645 \\u060c \\u0648\\u0623\\u0634\\u0631\\u062d \\u0644\\u0643 \\u062d\\u0642\\u064a\\u0642\\u0629 \\u0627\\u0644\\u0623\\u0645\\u0631. \\u064a\\u062c\\u0628 \\u0623\\u0646 \\u0623\\u0634\\u0631\\u062d \\u0644\\u0643 \\u0643\\u064a\\u0641 \\u0643\\u0644 \\u0647\\u0630\\u0647 \\u0627\\u0644\\u0641\\u0643\\u0631\\u0629 \\u0627\\u0644\\u062e\\u0627\\u0637\\u0626\\u0629 \\u0644\\u0644\\u062a\\u0646\\u062f\\u064a\\u062f \\u0628\\u0627\\u0644\\u0644\\u0630\\u0629\"}",
      "slug": "test",
      "image": "80",
      "image_gallery": "88|87",
      "client": "{\"en\":\"Kevin petersen\",\"en_US\":\"Kevin petersen\",\"azb\":\"\\u0628\\u0639\\u0642 \\u0644\\u0644\\u062a\\u0646\\u062f\\u064a\\u062f \\u0628\\u0627\\u0644\\u0644\\u0630\\u0629\"}",
      "design": "{\"en\":\"test\",\"en_US\":\"test\",\"azb\":\"\\u0628\\u0639\\u0642 \\u0644\\u0644\\u062a\\u0646\\u062f\\u064a\\u062f \\u0628\\u0627\\u0644\\u0644\\u0630\\u0629\"}",
      "typography": "{\"en\":\"test\",\"en_US\":\"test\",\"azb\":\"\\u0628\\u0639\\u0642 \\u0644\\u0644\\u062a\\u0646\\u062f\\u064a\\u062f \\u0628\\u0627\\u0644\\u0644\\u0630\\u0629\"}",
      "tags": "blog,new,affiliation",
      "file": null,
      "download": null,
      "status": 1,
      "created_at": "2022-10-03 05:14:48",
      "updated_at": "2023-04-11 12:04:16"
    }
  ]
}