{"data":[{"id":1,"title":"{\"en_US\":\"Blog\",\"azb\":\" \\u0628\\u0627\\u0644\\u0644\\u0630\\u0629\"}","status":1,"created_at":"2022-09-07 10:10:50","updated_at":"2023-04-11 12:04:16"},{"id":2,"title":"{\"en_US\":\"Ecommerce\",\"azb\":\" \\u0628\\u0627\\u0644\\u0644\\u0630\\u0629\"}","status":1,"created_at":"2022-09-07 10:11:04","updated_at":"2023-04-11 12:04:16"},{"id":3,"title":"{\"en_US\":\"Ticketing System\",\"azb\":\" \\u0628\\u0627\\u0644\\u0644\\u0630\\u0629\"}","status":1,"created_at":"2022-09-07 10:11:19","updated_at":"2023-04-11 12:04:16"},{"id":4,"title":"{\"en_US\":\"Affiliation\",\"azb\":\" \\u0628\\u0627\\u0644\\u0644\\u0630\\u0629\"}","status":1,"created_at":"2022-09-07 10:11:32","updated_at":"2023-04-11 12:04:16"},{"id":5,"title":"{\"en_US\":\"Service\",\"azb\":\" \\u0628\\u0627\\u0644\\u0644\\u0630\\u0629\"}","status":1,"created_at":"2022-09-07 10:11:43","updated_at":"2023-04-11 12:04:16"},{"id":6,"title":"{\"en_US\":\"Resturent Mangement\",\"azb\":\" \\u0628\\u0627\\u0644\\u0644\\u0630\\u0629\"}","status":1,"created_at":"2022-09-07 10:12:00","updated_at":"2023-04-11 12:04:16"}]}