{"data":[{"id":1,"title":"{\"en_US\":\"Contact\",\"azb\":\"\\u0628\\u0639\\u0642 \\u0644\\u0644\\u062a\\u0646\\u062f\\u064a\\u062f \\u0628\\u0627\\u0644\\u0644\\u0630\\u0629\"}","slug":"contact","page_content":"{\"en_US\":\"<p>ss<\/p>\",\"ar\":null}","visibility":0,"breadcrumb":1,"page_builder":1,"status":1,"navbar_variant":null,"footer_variant":null,"created_at":"2022-08-31 04:43:23","updated_at":"2023-03-12 13:40:48"},{"id":2,"title":"{\"en_US\":\"Aazbut Us\",\"azb\":\"\\u0628\\u0639\\u0642 \\u0644\\u0644\\u062a\\u0646\\u062f\\u064a\\u062f \\u0628\\u0627\\u0644\\u0644\\u0630\\u0629\"}","slug":"about-us","page_content":"{\"ar\":null}","visibility":0,"breadcrumb":1,"page_builder":1,"status":1,"navbar_variant":null,"footer_variant":null,"created_at":"2022-08-31 10:20:28","updated_at":"2023-03-12 13:40:48"},{"id":3,"title":"{\"en_US\":\"Faq\",\"azb\":\" \\u0628\\u0639\\u0642 \\u0644\\u0644\\u062a\\u0646\\u062f\\u064a\\u062f \\u0628\\u0627\\u0644\\u0644\\u0630\\u0629\"}","slug":"faq","page_content":"{\"ar\":null}","visibility":0,"breadcrumb":1,"page_builder":1,"status":1,"navbar_variant":null,"footer_variant":null,"created_at":"2022-09-03 12:37:12","updated_at":"2023-03-12 13:40:48"},{"id":4,"title":"{\"en_US\":\"Testimonial\",\"azb\":\" \\u0628\\u0639\\u0642 \\u0644\\u0644\\u062a\\u0646\\u062f\\u064a\\u062f \\u0628\\u0627\\u0644\\u0644\\u0630\\u0629\"}","slug":"testimonial","page_content":"{\"ar\":null}","visibility":0,"breadcrumb":1,"page_builder":1,"status":1,"navbar_variant":null,"footer_variant":null,"created_at":"2022-09-03 12:37:39","updated_at":"2023-03-12 13:40:48"},{"id":5,"title":"{\"en_US\":\"Video Gallery\",\"azb\":\" \\u0628\\u0639\\u0642 \\u0644\\u0644\\u062a\\u0646\\u062f\\u064a\\u062f \\u0628\\u0627\\u0644\\u0644\\u0630\\u0629\"}","slug":"video","page_content":"{\"ar\":null}","visibility":0,"breadcrumb":1,"page_builder":1,"status":1,"navbar_variant":null,"footer_variant":null,"created_at":"2022-09-03 12:38:02","updated_at":"2023-03-12 13:40:48"},{"id":6,"title":"{\"en_US\":\"Team\",\"azb\":\" \\u0628\\u0639\\u0642 \\u0644\\u0644\\u062a\\u0646\\u062f\\u064a\\u062f \\u0628\\u0627\\u0644\\u0644\\u0630\\u0629\"}","slug":"team","page_content":"{\"ar\":null}","visibility":0,"breadcrumb":1,"page_builder":1,"status":1,"navbar_variant":null,"footer_variant":null,"created_at":"2022-09-03 12:38:08","updated_at":"2023-03-12 13:40:48"},{"id":7,"title":"{\"en_US\":\"Portfolio\",\"azb\":\" \\u0628\\u0639\\u0642 \\u0644\\u0644\\u062a\\u0646\\u062f\\u064a\\u062f \\u0628\\u0627\\u0644\\u0644\\u0630\\u0629\"}","slug":"portfolio","page_content":"{\"ar\":null}","visibility":0,"breadcrumb":1,"page_builder":1,"status":1,"navbar_variant":null,"footer_variant":null,"created_at":"2022-09-03 12:38:18","updated_at":"2023-03-12 13:40:48"},{"id":8,"title":"{\"en_US\":\"Gallery\",\"azb\":\" \\u0628\\u0639\\u0642 \\u0644\\u0644\\u062a\\u0646\\u062f\\u064a\\u062f \\u0628\\u0627\\u0644\\u0644\\u0630\\u0629\"}","slug":"image-gallery","page_content":"{\"ar\":null}","visibility":0,"breadcrumb":1,"page_builder":1,"status":1,"navbar_variant":null,"footer_variant":null,"created_at":"2022-09-06 11:33:01","updated_at":"2023-03-12 13:40:48"},{"id":9,"title":"{\"en_US\":\"Blog\",\"azb\":\" \\u0628\\u0639\\u0642 \\u0644\\u0644\\u062a\\u0646\\u062f\\u064a\\u062f \\u0628\\u0627\\u0644\\u0644\\u0630\\u0629\"}","slug":"blog","page_content":"{\"ar\":null}","visibility":0,"breadcrumb":1,"page_builder":1,"status":1,"navbar_variant":null,"footer_variant":null,"created_at":"2022-10-04 12:25:10","updated_at":"2023-03-12 13:40:48"},{"id":10,"title":"{\"en_US\":\"Services\",\"azb\":\" \\u0628\\u0639\\u0642 \\u0644\\u0644\\u062a\\u0646\\u062f\\u064a\\u062f \\u0628\\u0627\\u0644\\u0644\\u0630\\u0629\"}","slug":"services","page_content":"{\"ar\":null}","visibility":0,"breadcrumb":1,"page_builder":1,"status":1,"navbar_variant":null,"footer_variant":null,"created_at":"2022-10-12 09:48:58","updated_at":"2023-03-12 13:40:48"},{"id":11,"title":"{\"en_US\":\"Home Page (Donation)\",\"azb\":\" \\u0628\\u0639\\u0642 \\u0644\\u0644\\u062a\\u0646\\u062f\\u064a\\u062f \\u0628\\u0627\\u0644\\u0644\\u0630\\u0629\"}","slug":"home-page-donation","page_content":"{\"ar\":null}","theme_slug":"donation","visibility":0,"breadcrumb":0,"page_builder":1,"status":1,"navbar_variant":null,"footer_variant":null,"created_at":"2022-10-13 05:21:59","updated_at":"2023-03-12 13:40:48"},{"id":12,"title":"{\"en_US\":\"Donation\",\"azb\":\" \\u0628\\u0639\\u0642 \\u0644\\u0644\\u062a\\u0646\\u062f\\u064a\\u062f \\u0628\\u0627\\u0644\\u0644\\u0630\\u0629\"}","slug":"donation","page_content":"{\"ar\":null}","visibility":0,"breadcrumb":1,"page_builder":1,"status":1,"navbar_variant":null,"footer_variant":null,"created_at":"2022-10-18 07:17:18","updated_at":"2023-03-12 13:40:48"},{"id":13,"title":"{\"en_US\":\"Home Page (Event)\",\"azb\":\" \\u0628\\u0639\\u0642 \\u0644\\u0644\\u062a\\u0646\\u062f\\u064a\\u062f \\u0628\\u0627\\u0644\\u0644\\u0630\\u0629\"}","slug":"home-page-event","page_content":"{\"ar\":null}","theme_slug":"event","visibility":0,"breadcrumb":0,"page_builder":1,"status":1,"navbar_variant":null,"footer_variant":null,"created_at":"2022-10-25 04:59:15","updated_at":"2023-03-12 13:40:48"},{"id":14,"title":"{\"en_US\":\"Job\",\"azb\":\" \u0628\u0639\u0642 \u0644\u0644\u062a\u0646\u062f\u064a\u062f \u0628\u0627\u0644\u0644\u0630\u0629\"}","slug":"job","page_content":"{\"ar\":null}","visibility":0,"breadcrumb":1,"page_builder":1,"status":1,"navbar_variant":null,"footer_variant":null,"created_at":"2022-11-06 13:32:47","updated_at":"2023-03-12 13:40:48"},{"id":15,"title":"{\"en_US\":\"Home Page (Job)\",\"azb\":\" \u0628\u0639\u0642 \u0644\u0644\u062a\u0646\u062f\u064a\u062f \u0628\u0627\u0644\u0644\u0630\u0629\"}","slug":"home-page-job","page_content":"{\"ar\":null}","theme_slug":"job-find","visibility":0,"breadcrumb":0,"page_builder":1,"status":1,"navbar_variant":null,"footer_variant":null,"created_at":"2022-11-06 13:33:02","updated_at":"2023-03-12 13:40:48"},{"id":16,"title":"{\"en_US\":\"Event\",\"azb\":\" \\u0628\\u0639\\u0642 \\u0644\\u0644\\u062a\\u0646\\u062f\\u064a\\u062f \\u0628\\u0627\\u0644\\u0644\\u0630\\u0629\"}","slug":"event","page_content":"{\"ar\":null}","visibility":0,"breadcrumb":1,"page_builder":1,"status":1,"navbar_variant":null,"footer_variant":null,"created_at":"2022-11-07 05:08:01","updated_at":"2023-03-12 13:40:48"},{"id":17,"title":"{\"en_US\":\"Knowledgebazbe\",\"azb\":\" \\u0628\\u0639\\u0642 \\u0644\\u0644\\u062a\\u0646\\u062f\\u064a\\u062f \\u0628\\u0627\\u0644\\u0644\\u0630\\u0629\"}","slug":"knowledgebase","page_content":"{\"ar\":null}","visibility":0,"breadcrumb":1,"page_builder":1,"status":1,"navbar_variant":null,"footer_variant":null,"created_at":"2022-11-07 12:12:12","updated_at":"2023-03-12 13:40:48"},{"id":18,"title":"{\"en_US\":\"Home Page (Knowledgebazbe)\",\"azb\":\" \\u0628\\u0639\\u0642 \\u0644\\u0644\\u062a\\u0646\\u062f\\u064a\\u062f \\u0628\\u0627\\u0644\\u0644\\u0630\\u0629\"}","slug":"home-page-knowledgebase","page_content":"{\"ar\":null}","theme_slug":"article-listing","visibility":0,"breadcrumb":0,"page_builder":1,"status":1,"navbar_variant":null,"footer_variant":null,"created_at":"2022-11-07 12:12:32","updated_at":"2023-03-12 13:40:48"},{"id":19,"title":"{\"en_US\":\"Home Page (Support Ticekt)\",\"azb\":\" \\u0628\\u0639\\u0642 \\u0644\\u0644\\u062a\\u0646\\u062f\\u064a\\u062f \\u0628\\u0627\\u0644\\u0644\\u0630\\u0629\"}","slug":"home-page-support-ticekt","page_content":"{\"ar\":null}","theme_slug":"support-ticketing","visibility":0,"breadcrumb":0,"page_builder":1,"status":1,"navbar_variant":null,"footer_variant":null,"created_at":"2022-11-09 04:34:12","updated_at":"2023-03-12 13:40:48"},{"id":20,"title":"{\"en_US\":\"Home Page (Ecommerce)\",\"azb\":\" \\u0628\\u0639\\u0642 \\u0644\\u0644\\u062a\\u0646\\u062f\\u064a\\u062f \\u0628\\u0627\\u0644\\u0644\\u0630\\u0629\"}","slug":"home-page","page_content":"{\"ar\":null}","theme_slug":"eCommerce","visibility":0,"breadcrumb":0,"page_builder":1,"status":1,"navbar_variant":null,"footer_variant":null,"created_at":"2022-12-19 09:15:00","updated_at":"2023-03-12 13:40:48"},{"id":21,"title":"{\"en_US\":\"Shop\",\"azb\":\" \\u0628\\u0639\\u0642 \\u0644\\u0644\\u062a\\u0646\\u062f\\u064a\\u062f \\u0628\\u0627\\u0644\\u0644\\u0630\\u0629\"}","slug":"shop","page_content":"{\"en_US\":null}","visibility":0,"breadcrumb":1,"page_builder":0,"status":1,"navbar_variant":null,"footer_variant":null,"created_at":"2022-12-26 09:50:56","updated_at":"2023-03-12 13:40:48"},{"id":22,"title":"{\"en_US\":\"Termns &amp; Condition One\",\"azb\":\" \\u0628\\u0639\\u0642 \\u0644\\u0644\\u062a\\u0646\\u062f\\u064a\\u062f \\u0628\\u0627\\u0644\\u0644\\u0630\\u0629\"}","slug":"termns-condition-one","page_content":"{\"en_US\":\"<h1 style=\"outline: none; -webkit-font-smoothing: antialiased; margin-bottom: 17px; font-weight: 600; font-size: 18px; font-family: var(--heading-font); color: var(--heading-color);\">We are very much greatful<\/h1><p class=\"pera\" style=\"outline: none; -webkit-font-smoothing: antialiased; margin-bottom: 30px; color: rgb(145, 145, 145); font-family: &quot;Open Sans&quot;, sans-serif; hyphens: auto; line-height: 1.6; font-size: 16px;\">We are very much greatful to you for your donation. Your little effort help us to change big community life I must explain to you how all this mistaken idea of denouncing pleasure and praising pain was born and I will give you a complete account of the system, and expound the actual teachings of the great explorer of the truth, the master-builder of human happiness. No one rejects, dislikes, or avoids pleasure itself, because it is pleasure, but because those who do not know how to pursue pleasure rationally<\/p><p class=\"pera\" style=\"outline: none; -webkit-font-smoothing: antialiased; margin-bottom: 30px; color: rgb(145, 145, 145); font-family: &quot;Open Sans&quot;, sans-serif; hyphens: auto; line-height: 1.6; font-size: 16px;\">We are very much greatful to you for your donation. Your little effort help us to change big community life I must explain to you how all this mistaken idea of denouncing pleasure and praising pain was born and I will give you a complete account of the system, and expound the actual . I must explain to you how all this mistaken idea of denouncing pleasure .<\/p><p class=\"pera\" style=\"outline: none; -webkit-font-smoothing: antialiased; margin-bottom: 30px; color: rgb(145, 145, 145); font-family: &quot;Open Sans&quot;, sans-serif; hyphens: auto; line-height: 1.6; font-size: 16px;\">We are very much greatful to you for your donation. Your little effort help us to change big community life I must explain to you how all this mistaken idea of denouncing pleasure and praising pain was born and I will give you a complete account of the system, and expound the actual . I must explain to you how all this mistaken idea of denouncing pleasure .<\/p>\"}","visibility":0,"breadcrumb":0,"page_builder":0,"status":1,"navbar_variant":null,"footer_variant":null,"created_at":"2023-01-08 13:09:15","updated_at":"2023-03-12 13:40:48"},{"id":23,"title":"{\"en_US\":\"Terms &amp; Condition Two\",\"azb\":\" \\u0628\\u0639\\u0642 \\u0644\\u0644\\u062a\\u0646\\u062f\\u064a\\u062f \\u0628\\u0627\\u0644\\u0644\\u0630\\u0629\"}","slug":"terms-condition-two","page_content":"{\"en_US\":\"<h1 style=\"margin-bottom: 17px; font-weight: 600; font-size: 18px; font-family: var(--heading-font); color: var(--heading-color); outline: none; -webkit-font-smoothing: antialiased;\">We are very much greatful 2<\/h1><p class=\"pera\" style=\"margin-bottom: 30px; font-size: 16px; line-height: 1.6; outline: none; -webkit-font-smoothing: antialiased; color: rgb(145, 145, 145); font-family: &quot;Open Sans&quot;, sans-serif; hyphens: auto;\">We are very much greatful to you for your donation. Your little effort help us to change big community life I must explain to you how all this mistaken idea of denouncing pleasure and praising pain was born and I will give you a complete account of the system, and expound the actual teachings of the great explorer of the truth, the master-builder of human happiness. No one rejects, dislikes, or avoids pleasure itself, because it is pleasure, but because those who do not know how to pursue pleasure rationally<\/p><p class=\"pera\" style=\"margin-bottom: 30px; font-size: 16px; line-height: 1.6; outline: none; -webkit-font-smoothing: antialiased; color: rgb(145, 145, 145); font-family: &quot;Open Sans&quot;, sans-serif; hyphens: auto;\">We are very much greatful to you for your donation. Your little effort help us to change big community life I must explain to you how all this mistaken idea of denouncing pleasure and praising pain was born and I will give you a complete account of the system, and expound the actual . I must explain to you how all this mistaken idea of denouncing pleasure .<\/p><p class=\"pera\" style=\"margin-bottom: 30px; font-size: 16px; line-height: 1.6; outline: none; -webkit-font-smoothing: antialiased; color: rgb(145, 145, 145); font-family: &quot;Open Sans&quot;, sans-serif; hyphens: auto;\">We are very much greatful to you for your donation. Your little effort help us to change big community life I must explain to you how all this mistaken idea of denouncing pleasure and praising pain was born and I will give you a complete account of the system, and expound the actual . I must explain to you how all this mistaken idea of denouncing pleasure .<\/p>\"}","visibility":0,"breadcrumb":0,"page_builder":0,"status":1,"navbar_variant":null,"footer_variant":null,"created_at":"2023-01-08 13:09:34","updated_at":"2023-03-12 13:40:48"},{"id":24,"title":"{\"en_US\":\"Privacy Policy One\",\"azb\":\" \\u0628\\u0639\\u0642 \\u0644\\u0644\\u062a\\u0646\\u062f\\u064a\\u062f \\u0628\\u0627\\u0644\\u0644\\u0630\\u0629\"}","slug":"privacy-policy-one","page_content":"{\"en_US\":\"<h1 style=\"margin-bottom: 17px; font-weight: 600; font-size: 18px; font-family: var(--heading-font); color: var(--heading-color); outline: none; -webkit-font-smoothing: antialiased;\">We are very much greatful Policy 1<\/h1><p class=\"pera\" style=\"margin-bottom: 30px; font-size: 16px; line-height: 1.6; outline: none; -webkit-font-smoothing: antialiased; color: rgb(145, 145, 145); font-family: &quot;Open Sans&quot;, sans-serif; hyphens: auto;\">We are very much greatful to you for your donation. Your little effort help us to change big community life I must explain to you how all this mistaken idea of denouncing pleasure and praising pain was born and I will give you a complete account of the system, and expound the actual teachings of the great explorer of the truth, the master-builder of human happiness. No one rejects, dislikes, or avoids pleasure itself, because it is pleasure, but because those who do not know how to pursue pleasure rationally<\/p><p class=\"pera\" style=\"margin-bottom: 30px; font-size: 16px; line-height: 1.6; outline: none; -webkit-font-smoothing: antialiased; color: rgb(145, 145, 145); font-family: &quot;Open Sans&quot;, sans-serif; hyphens: auto;\">We are very much greatful to you for your donation. Your little effort help us to change big community life I must explain to you how all this mistaken idea of denouncing pleasure and praising pain was born and I will give you a complete account of the system, and expound the actual . I must explain to you how all this mistaken idea of denouncing pleasure .<\/p><p class=\"pera\" style=\"margin-bottom: 30px; font-size: 16px; line-height: 1.6; outline: none; -webkit-font-smoothing: antialiased; color: rgb(145, 145, 145); font-family: &quot;Open Sans&quot;, sans-serif; hyphens: auto;\">We are very much greatful to you for your donation. Your little effort help us to change big community life I must explain to you how all this mistaken idea of denouncing pleasure and praising pain was born and I will give you a complete account of the system, and expound the actual . I must explain to you how all this mistaken idea of denouncing pleasure .<\/p>\"}","visibility":0,"breadcrumb":0,"page_builder":0,"status":1,"navbar_variant":null,"footer_variant":null,"created_at":"2023-01-08 13:09:52","updated_at":"2023-03-12 13:40:48"},{"id":25,"title":"{\"en_US\":\"Privacy Policy 2\",\"azb\":\" \\u0628\\u0639\\u0642 \\u0644\\u0644\\u062a\\u0646\\u062f\\u064a\\u062f \\u0628\\u0627\\u0644\\u0644\\u0630\\u0629\"}","slug":"privacy-policy-2","page_content":"{\"en_US\":\"<h1 style=\"margin-bottom: 17px; font-weight: 600; font-size: 18px; font-family: var(--heading-font); color: var(--heading-color); outline: none; -webkit-font-smoothing: antialiased;\">We are very much greatful Policy 2<\/h1><p class=\"pera\" style=\"margin-bottom: 30px; font-size: 16px; line-height: 1.6; outline: none; -webkit-font-smoothing: antialiased; color: rgb(145, 145, 145); font-family: &quot;Open Sans&quot;, sans-serif; hyphens: auto;\">We are very much greatful to you for your donation. Your little effort help us to change big community life I must explain to you how all this mistaken idea of denouncing pleasure and praising pain was born and I will give you a complete account of the system, and expound the actual teachings of the great explorer of the truth, the master-builder of human happiness. No one rejects, dislikes, or avoids pleasure itself, because it is pleasure, but because those who do not know how to pursue pleasure rationally<\/p><p class=\"pera\" style=\"margin-bottom: 30px; font-size: 16px; line-height: 1.6; outline: none; -webkit-font-smoothing: antialiased; color: rgb(145, 145, 145); font-family: &quot;Open Sans&quot;, sans-serif; hyphens: auto;\">We are very much greatful to you for your donation. Your little effort help us to change big community life I must explain to you how all this mistaken idea of denouncing pleasure and praising pain was born and I will give you a complete account of the system, and expound the actual . I must explain to you how all this mistaken idea of denouncing pleasure .<\/p><p class=\"pera\" style=\"margin-bottom: 30px; font-size: 16px; line-height: 1.6; outline: none; -webkit-font-smoothing: antialiased; color: rgb(145, 145, 145); font-family: &quot;Open Sans&quot;, sans-serif; hyphens: auto;\">We are very much greatful to you for your donation. Your little effort help us to change big community life I must explain to you how all this mistaken idea of denouncing pleasure and praising pain was born and I will give you a complete account of the system, and expound the actual . I must explain to you how all this mistaken idea of denouncing pleasure .<\/p>\"}","visibility":0,"breadcrumb":0,"page_builder":0,"status":1,"navbar_variant":null,"footer_variant":null,"created_at":"2023-01-08 13:10:04","updated_at":"2023-03-12 13:40:48"},{"id":26,"title":"{\"en_US\":\"Campaign\",\"azb\":\" \\u0628\\u0639\\u0642 \\u0644\\u0644\\u062a\\u0646\\u062f\\u064a\\u062f \\u0628\\u0627\\u0644\\u0644\\u0630\\u0629\"}","slug":"campaign","page_content":"{\"en_US\":null}","visibility":0,"breadcrumb":1,"page_builder":1,"status":1,"navbar_variant":null,"footer_variant":null,"created_at":"2023-01-08 13:31:30","updated_at":"2023-03-12 13:40:48"},{"id":27,"title":"{\"en_US\":\"Home Page (Agency)\",\"azb\":\" \\u0628\\u0639\\u0642 \\u0644\\u0644\\u062a\\u0646\\u062f\\u064a\\u062f \\u0628\\u0627\\u0644\\u0644\\u0630\\u0629\"}","slug":"agency","page_content":"{\"ar\":null}","theme_slug":"agency","visibility":0,"breadcrumb":0,"page_builder":1,"status":1,"navbar_variant":null,"footer_variant":null,"created_at":"2023-01-12 18:01:40","updated_at":"2023-03-12 13:40:48"},{"id":28,"title":"{\"en_US\":\"Home Page (Newspaper)\",\"azb\":\" \\u0628\\u0639\\u0642 \\u0644\\u0644\\u062a\\u0646\\u062f\\u064a\\u062f \\u0628\\u0627\\u0644\\u0644\\u0630\\u0629\"}","slug":"home-page-newspaper","page_content":"{\"en_US\":null}","theme_slug":"newspaper","visibility":0,"breadcrumb":0,"page_builder":1,"status":1,"navbar_variant":null,"footer_variant":null,"created_at":"2023-01-15 11:51:44","updated_at":"2023-03-12 13:40:48"},{"id":29,"title":"{\"en_US\":\"Home Page (Construction)\",\"azb\":\" \\u0628\\u0639\\u0642 \\u0644\\u0644\\u062a\\u0646\\u062f\\u064a\\u062f \\u0628\\u0627\\u0644\\u0644\\u0630\\u0629\"}","slug":"home-page-construct","page_content":"{\"en_US\":null}","theme_slug":"construction","visibility":0,"breadcrumb":0,"page_builder":1,"status":1,"navbar_variant":null,"footer_variant":null,"created_at":"2023-01-22 13:18:22","updated_at":"2023-03-12 13:40:48"},{"id":30,"title":"{\"en_US\":\"Home Page (Consultancy)\",\"azb\":\" \\u0628\\u0639\\u0642 \\u0644\\u0644\\u062a\\u0646\\u062f\\u064a\\u062f \\u0628\\u0627\\u0644\\u0644\\u0630\\u0629\"}","slug":"home-page-consultancy","page_content":"{\"en_US\":null}","theme_slug":"consultancy","visibility":0,"breadcrumb":0,"page_builder":1,"status":1,"navbar_variant":null,"footer_variant":null,"created_at":"2023-01-25 06:18:53","updated_at":"2023-03-12 13:40:48"},{"id":31,"title":"{\"en_US\":\"Home Page (Wedding)\",\"azb\":\" \\u0628\\u0639\\u0642 \\u0644\\u0644\\u062a\\u0646\\u062f\\u064a\\u062f \\u0628\\u0627\\u0644\\u0644\\u0630\\u0629\"}","slug":"home-page-wedding","page_content":"{\"en_US\":null}","theme_slug":"wedding","visibility":0,"breadcrumb":0,"page_builder":1,"status":1,"navbar_variant":null,"footer_variant":null,"created_at":"2023-02-01 16:51:04","updated_at":"2023-03-12 13:40:48"},{"id":32,"title":"{\"en_US\":\"Home Page (Photography)\",\"azb\":\" \\u0628\\u0639\\u0642 \\u0644\\u0644\\u062a\\u0646\\u062f\\u064a\\u062f \\u0628\\u0627\\u0644\\u0644\\u0630\\u0629\"}","slug":"home-page-photography","page_content":"{\"en_US\":null}","theme_slug":"photography","visibility":0,"breadcrumb":0,"page_builder":1,"status":1,"navbar_variant":null,"footer_variant":null,"created_at":"2023-02-15 11:52:33","updated_at":"2023-03-12 13:40:48"},{"id":33,"title":"{\"en_US\":\"Home Page (Portfolio)\",\"azb\":\" \\u0628\\u0639\\u0642 \\u0644\\u0644\\u062a\\u0646\\u062f\\u064a\\u062f \\u0628\\u0627\\u0644\\u0644\\u0630\\u0629\"}","slug":"home-page-portfolio","page_content":"{\"en_US\":null}","theme_slug":"portfolio","visibility":0,"breadcrumb":0,"page_builder":1,"status":1,"navbar_variant":null,"footer_variant":null,"created_at":"2023-02-19 05:07:25","updated_at":"2023-03-12 13:40:48"},{"id":34,"title":"{\"en_US\":\"Home Page (Softwazbe Business)\",\"azb\":\" \\u0628\\u0639\\u0642 \\u0644\\u0644\\u062a\\u0646\\u062f\\u064a\\u062f \\u0628\\u0627\\u0644\\u0644\\u0630\\u0629\"}","slug":"home-page-software-business","page_content":"{\"en_US\":null}","theme_slug":"software-business","visibility":0,"breadcrumb":0,"page_builder":1,"status":1,"navbar_variant":null,"footer_variant":null,"created_at":"2023-02-20 11:00:32","updated_at":"2023-03-12 13:40:48"},{"id":35,"title":"{\"en_US\":\"Home Page (Bazbber Shop)\"}","slug":"home-page-barber-shop","page_content":"{\"en_US\":null}","theme_slug":"barber-shop","visibility":0,"breadcrumb":0,"page_builder":1,"status":1,"navbar_variant":null,"footer_variant":null,"created_at":"2023-05-21 15:47:44","updated_at":"2023-05-21 15:47:44"},{"id":37,"title":"{\"en_US\":\"Home Page (Restaurant)\",\"azb\":\" \\u0628\\u0639\\u0642 \\u0644\\u0644\\u062a\\u0646\\u062f\\u064a\\u062f \\u0628\\u0627\\u0644\\u0644\\u0630\\u0629\"}","slug":"home-page-restaurant","page_content":"{\"en_US\":null}","theme_slug":"restaurant","visibility":0,"breadcrumb":0,"page_builder":1,"status":1,"navbar_variant":null,"footer_variant":null,"created_at":"2023-02-01 16:51:04","updated_at":"2023-03-12 13:40:48"},{"id":36,"title":"{\"en_US\":\"Home Page (HotelBooking)\",\"azb\":\" \\u0628\\u0639\\u0642 \\u0644\\u0644\\u062a\\u0646\\u062f\\u064a\\u062f \\u0628\\u0627\\u0644\\u0644\\u0630\\u0629\"}","slug":"home-page-hotel-booking","page_content":"{\"en_US\":null}","theme_slug":"hotel-booking","visibility":0,"breadcrumb":0,"page_builder":1,"status":1,"navbar_variant":null,"footer_variant":null,"created_at":"2023-02-01 16:51:04","updated_at":"2023-03-12 13:40:48"}]}