{
  "data": [
      {
        "id": 1,
        "title": "Primary Menu",
        "content": "[{\"ptype\":\"custom\",\"id\":2,\"antarget\":\"\",\"icon\":\"\",\"pname\":\"Home\",\"purl\":\"\"},{\"ptype\":\"pages\",\"id\":3,\"antarget\":\"\",\"icon\":\"\",\"menulabel\":\"\",\"pid\":2},{\"ptype\":\"pages\",\"id\":4,\"antarget\":\"\",\"icon\":\"\",\"menulabel\":\"\",\"pid\":10},{\"ptype\":\"custom\",\"id\":5,\"antarget\":\"\",\"icon\":\"\",\"pname\":\"Pages\",\"purl\":\"#\",\"children\":[{\"ptype\":\"pages\",\"pid\":26,\"id\":139},{\"ptype\":\"pages\",\"id\":6,\"antarget\":\"\",\"icon\":\"\",\"menulabel\":\"\",\"pid\":12},{},{},{\"ptype\":\"pages\",\"id\":8,\"antarget\":\"\",\"icon\":\"\",\"menulabel\":\"\",\"pid\":16},{},{},{\"ptype\":\"pages\",\"id\":10,\"antarget\":\"\",\"icon\":\"\",\"menulabel\":\"\",\"pid\":14},{},{},{\"ptype\":\"pages\",\"id\":12,\"antarget\":\"\",\"icon\":\"\",\"menulabel\":\"\",\"pid\":4},{},{},{},{},{},{},{},{},{},{},{},{},{},{},{},{},{},{},{\"ptype\":\"pages\",\"id\":30,\"antarget\":\"\",\"icon\":\"\",\"menulabel\":\"\",\"pid\":17},{},{},{\"ptype\":\"pages\",\"id\":32,\"antarget\":\"\",\"icon\":\"\",\"menulabel\":\"\",\"pid\":8},{},{},{},{},{},{},{},{},{},{},{},{},{},{},{},{},{},{},{},{},{},{\"ptype\":\"pages\",\"id\":53,\"antarget\":\"\",\"icon\":\"\",\"menulabel\":\"\",\"pid\":3},{},{},{},{},{},{},{},{},{},{},{},{},{},{},{},{},{},{},{},{},{},{},{},{},{\"ptype\":\"pages\",\"id\":77,\"antarget\":\"\",\"icon\":\"\",\"menulabel\":\"\",\"pid\":5},{},{},{},{},{},{},{},{},{},{},{},{},{},{},{},{},{},{},{},{},{},{},{},{\"ptype\":\"pages\",\"id\":100,\"antarget\":\"\",\"icon\":\"\",\"menulabel\":\"\",\"pid\":6},{},{},{},{},{},{},{},{},{},{},{},{},{},{},{},{},{},{},{},{},{},{},{},{},{},{},{}]},{\"ptype\":\"pages\",\"id\":127,\"antarget\":\"\",\"icon\":\"\",\"menulabel\":\"\",\"pid\":21},{\"ptype\":\"pages\",\"id\":128,\"antarget\":\"\",\"icon\":\"\",\"menulabel\":\"\",\"pid\":7},{\"ptype\":\"pages\",\"id\":129,\"antarget\":\"\",\"icon\":\"\",\"menulabel\":\"\",\"pid\":9},{\"ptype\":\"pages\",\"id\":130,\"antarget\":\"\",\"icon\":\"\",\"menulabel\":\"\",\"pid\":1}]",
        "status": "default",
        "created_at": "2022-08-09 16:09:42",
        "updated_at": "2023-01-08 13:33:14"
      },
      {
        "id": 2,
        "title": "Secondary Menu",
        "content": "[{\"ptype\":\"pages\",\"id\":2,\"antarget\":\"\",\"icon\":\"\",\"menulabel\":\"\",\"pid\":12},{\"ptype\":\"pages\",\"id\":3,\"antarget\":\"\",\"icon\":\"\",\"menulabel\":\"\",\"pid\":2},{\"ptype\":\"pages\",\"id\":4,\"antarget\":\"\",\"icon\":\"\",\"menulabel\":\"\",\"pid\":6},{\"ptype\":\"pages\",\"id\":5,\"antarget\":\"\",\"icon\":\"\",\"menulabel\":\"\",\"pid\":3},{\"ptype\":\"pages\",\"pid\":10,\"id\":7},{\"ptype\":\"pages\",\"id\":6,\"antarget\":\"\",\"icon\":\"\",\"menulabel\":\"\",\"pid\":7},{\"ptype\":\"pages\",\"id\":7,\"antarget\":\"\",\"icon\":\"\",\"menulabel\":\"\",\"pid\":1}]",
        "status": null,
        "created_at": "2022-11-10 05:40:06",
        "updated_at": "2022-11-10 05:42:08"
      }
  ]
}


