{
  "data": [
    {
      "id": 1,
      "addon_name": "ContactAreaOne",
      "addon_type": "update",
      "addon_location": "dynamic_page",
      "addon_order": 1,
      "addon_page_id": 1,
      "addon_page_type": "dynamic_page",
      "addon_settings": "{\"id\":\"1\",\"addon_name\":\"ContactAreaOne\",\"addon_namespace\":\"UGx1Z2luc1xQYWdlQnVpbGRlclxBZGRvbnNcVGVuYW50c1xDb250YWN0XENvbnRhY3RBcmVhT25l\",\"addon_type\":\"update\",\"addon_location\":\"dynamic_page\",\"addon_order\":\"1\",\"addon_page_id\":\"1\",\"addon_page_type\":\"dynamic_page\",\"title_en_US\":\"Sent us a Message\",\"title_ar\":\"أرسل لنا رسالة\",\"facebook_url\":\"#\",\"instagram_url\":\"#\",\"linkedin_url\":\"#\",\"twitter_url\":\"#\",\"contact_tenant_repeater\":{\"repeater_title_en_US\":[\"Our Email Address\",\"Contact Number\",\"Our Address\",\"Opening Hour\"],\"repeater_info_en_US\":[\"manhhachkt08@gmail.com\",\"+62 821 42358990\",\"Dr. Richardson, California\",\"08.00am - 10.00pm\"],\"repeater_icon_en_US\":[\"las la-envelope\",\"las la-phone-alt\",\"las la-map-marker-alt\",\"las la-clock\"],\"repeater_title_ar\":[\"عنوان بريدنا الإلكتروني\",\"عنوان بريدنا الإلكتروني\",\"عنواننا\",\"عنواننا\"],\"repeater_info_ar\":[\"manhhachkt08@gmail.com\",\"+62 821 42358990\",\"Dr. Richardson, California\",\"08.00am - 10.00pm\"],\"repeater_icon_ar\":[\"las la-envelope\",\"las la-phone-alt\",\"las la-map-marker-alt\",\"las la-clock\"]},\"location\":\"Dhaka, Bangladesh\",\"map_height\":\"317\",\"custom_form_id\":\"1\",\"padding_top\":\"110\",\"padding_bottom\":\"110\"}",
      "addon_namespace": "Plugins\\PageBuilder\\Addons\\Tenants\\Common\\Contact\\ContactAreaOne",
      "created_at": "2022-12-19 12:03:32",
      "updated_at": "2022-12-19 12:03:32"
    },
    {
      "id": 2,
      "addon_name": "AboutUsOne",
      "addon_type": "update",
      "addon_location": "dynamic_page",
      "addon_order": 1,
      "addon_page_id": 2,
      "addon_page_type": "dynamic_page",
      "addon_settings": "{\"id\":\"3\",\"addon_name\":\"AboutUsOne\",\"addon_namespace\":\"UGx1Z2luc1xQYWdlQnVpbGRlclxBZGRvbnNcVGVuYW50c1xDb21tb25cYWJvdXRcQWJvdXRVc09uZQ==\",\"addon_type\":\"update\",\"addon_location\":\"dynamic_page\",\"addon_order\":\"1\",\"addon_page_id\":\"2\",\"addon_page_type\":\"dynamic_page\",\"title_en_US\":\"About us\",\"description_en_US\":\"Sed ut perspiciatis unde omnis iste natus error sit voluptatem accusantium doloremque laudantium, totam rem aperiam, eaqipsa quae ab illo inventore veritatis et quasi architecto beatavitae dicta sunt explicabo.\",\"title_ar\":\"معلومات عنا\",\"description_ar\":\"هذا هو الخطأ الذي يحدث في كل مكان.هذا هو الخطأ الذي يحدث في كل مكان.\",\"right_image\":\"60\",\"image_alignment\":\"right\",\"about_us_repeater\":{\"repeater_title_en_US\":[\"The working and minima veniam, quis nostr\",\"The working and minima veniam, quis nostr\",\"The working and minima veniam, quis nostr\",\"The working and minima veniam, quis nostr\"],\"repeater_url_en_US\":[\"#\",\"#\",\"#\",\"#\"],\"repeater_title_ar\":[\"هذه تفاصيل خاصة جيدة جدا\",\"هذه تفاصيل خاصة جيدة جدا\",\"هذه تفاصيل خاصة جيدة جدا\",\"هذه تفاصيل خاصة جيدة جدا\"],\"repeater_url_ar\":[\"#\",\"#\",\"#\",\"#\"]},\"padding_top\":\"0\",\"padding_bottom\":\"0\"}",
      "addon_namespace": "Plugins\\PageBuilder\\Addons\\Tenants\\Common\\about\\AboutUsOne",
      "created_at": "2022-12-19 12:03:32",
      "updated_at": "2022-12-19 12:03:32"
    },
    {
      "id": 3,
      "addon_name": "TeamMemberOne",
      "addon_type": "update",
      "addon_location": "dynamic_page",
      "addon_order": 2,
      "addon_page_id": 2,
      "addon_page_type": "dynamic_page",
      "addon_settings": "{\"id\":\"4\",\"addon_name\":\"TeamMemberOne\",\"addon_namespace\":\"UGx1Z2luc1xQYWdlQnVpbGRlclxBZGRvbnNcVGVuYW50c1xDb21tb25cbWlzY1xUZWFtTWVtYmVyT25l\",\"addon_type\":\"update\",\"addon_location\":\"dynamic_page\",\"addon_order\":\"2\",\"addon_page_id\":\"2\",\"addon_page_type\":\"dynamic_page\",\"title_en_US\":\"Our Team\",\"title_ar\":\"فريقنا\",\"team_member_repeater\":{\"repeater_name_en_US\":[\"Brooklyn Simmons\",\"Andy Franklin\",\"Lina Hernandez\",\"Rooney Coleman\",\"Amanda Hall\"],\"repeater_designation_en_US\":[\"Design Expert\",\"Developer\",\"Script Writer\",\"Engineer\",\"Graphics Designer\"],\"repeater_facebook_url_en_US\":[\"#\",\"#\",\"#\",\"#\",\"#\"],\"repeater_twitter_url_en_US\":[\"#\",\"#\",\"#\",\"#\",\"#\"],\"repeater_instagram_url_en_US\":[\"#\",\"#\",\"#\",\"#\",\"#\"],\"repeater_image_en_US\":[\"66\",\"65\",\"64\",\"63\",\"62\"],\"repeater_name_ar\":[\"بروكلين سيمونز\",\"بروكلين سيمونز\",\"بروكلين سيمونز\",\"بروكلين سيمونز\",\"بروكلين سيمونز\"],\"repeater_designation_ar\":[\"خبير التصميم\",\"خبير التصميم\",\"خبير التصميم\",\"خبير التصميم\",\"خبير التصميم\"],\"repeater_facebook_url_ar\":[\"#\",\"#\",\"#\",\"#\",\"#\"],\"repeater_twitter_url_ar\":[\"#\",\"#\",\"#\",\"#\",\"#\"],\"repeater_instagram_url_ar\":[\"#\",\"#\",\"#\",\"#\",\"#\"],\"repeater_image_ar\":[\"63\",\"65\",\"64\",\"63\",\"62\"]},\"padding_top\":\"0\",\"padding_bottom\":\"0\"}",
      "addon_namespace": "Plugins\\PageBuilder\\Addons\\Tenants\\Common\\misc\\TeamMemberOne",
      "created_at": "2022-12-19 12:03:32",
      "updated_at": "2022-12-19 12:03:32"
    },
    {
      "id": 4,
      "addon_name": "AboutUsOne",
      "addon_type": "update",
      "addon_location": "dynamic_page",
      "addon_order": 3,
      "addon_page_id": 2,
      "addon_page_type": "dynamic_page",
      "addon_settings": "{\"id\":\"5\",\"addon_name\":\"AboutUsOne\",\"addon_namespace\":\"UGx1Z2luc1xQYWdlQnVpbGRlclxBZGRvbnNcVGVuYW50c1xDb21tb25cYWJvdXRcQWJvdXRVc09uZQ==\",\"addon_type\":\"update\",\"addon_location\":\"dynamic_page\",\"addon_order\":\"3\",\"addon_page_id\":\"2\",\"addon_page_type\":\"dynamic_page\",\"title_en_US\":\"We Provide Best Service\",\"description_en_US\":\"Sed ut perspiciatis unde omnis iste natus error sit voluptatem accusantium doloremque laudantium, totam rem aperiam, eaqipsa quae ab illo inventore veritatis et quasi architecto beatavitae dicta sunt explicabo.\",\"title_ar\":\"نحن نقدم أفضل خدمة\",\"description_ar\":\"هذا هو الخطأ الذي يحدث في كل مكان.\",\"right_image\":\"68\",\"image_alignment\":\"left\",\"about_us_repeater\":{\"repeater_title_en_US\":[\"Ut enim ad minima veniam, quis nostr\",\"Ut enim ad minima veniam, quis nostr\",\"Ut enim ad minima veniam, quis nostr\",\"Ut enim ad minima veniam, quis nostr\"],\"repeater_url_en_US\":[\"#\",\"#\",\"#\",\"#\"],\"repeater_title_ar\":[\"ميزة فقط للتعويض\",\"ميزة فقط للتعويض\",\"ميزة فقط للتعويض\",\"ميزة فقط للتعويض\"],\"repeater_url_ar\":[\"#\",\"#\",\"#\",\"#\"]},\"padding_top\":\"0\",\"padding_bottom\":\"0\"}",
      "addon_namespace": "Plugins\\PageBuilder\\Addons\\Tenants\\Common\\about\\AboutUsOne",
      "created_at": "2022-12-19 12:03:32",
      "updated_at": "2022-12-19 12:03:32"
    },
    {
      "id": 5,
      "addon_name": "MissionAreaOne",
      "addon_type": "update",
      "addon_location": "dynamic_page",
      "addon_order": 4,
      "addon_page_id": 2,
      "addon_page_type": "dynamic_page",
      "addon_settings": "{\"id\":\"6\",\"addon_name\":\"MissionAreaOne\",\"addon_namespace\":\"UGx1Z2luc1xQYWdlQnVpbGRlclxBZGRvbnNcVGVuYW50c1xDb21tb25cYWJvdXRcTWlzc2lvbkFyZWFPbmU=\",\"addon_type\":\"update\",\"addon_location\":\"dynamic_page\",\"addon_order\":\"4\",\"addon_page_id\":\"2\",\"addon_page_type\":\"dynamic_page\",\"title_en_US\":\"Our Mission\",\"description_en_US\":\"At vero eos et accusamus et iusto odio dignissimos ducimus qui blanditiis praesentium voluptatum deleniti atque corrupti quos dolores et quas molestias excepturi sint occaecati cupiditate non provident, similique sunt in culpa qui officia deserunt mollitia animi.\",\"title_ar\":\"مهمتنا\",\"description_ar\":\"هذا الشيء المتطور للغاية الذي فعلته في حياتي الجميلة\",\"image\":\"69\",\"padding_top\":\"0\",\"padding_bottom\":\"0\"}",
      "addon_namespace": "Plugins\\PageBuilder\\Addons\\Tenants\\Common\\about\\MissionAreaOne",
      "created_at": "2022-12-19 12:03:32",
      "updated_at": "2022-12-19 12:03:32"
    },
    {
      "id": 6,
      "addon_name": "AboutUsOne",
      "addon_type": "update",
      "addon_location": "dynamic_page",
      "addon_order": 5,
      "addon_page_id": 2,
      "addon_page_type": "dynamic_page",
      "addon_settings": "{\"id\":\"6\",\"addon_name\":\"AboutUsOne\",\"addon_namespace\":\"UGx1Z2luc1xQYWdlQnVpbGRlclxBZGRvbnNcVGVuYW50c1xDb21tb25cYWJvdXRcQWJvdXRVc09uZQ==\",\"addon_type\":\"update\",\"addon_location\":\"dynamic_page\",\"addon_order\":\"5\",\"addon_page_id\":\"2\",\"addon_page_type\":\"dynamic_page\",\"title_en_US\":\"Our Vission\",\"description_en_US\":\"Sed ut perspiciatis unde omnis iste natus error sit voluptatem accusantium doloremque laudantium, totam rem aperiam, eaqipsa quae ab illo inventore veritatis et quasi architecto beatavitae dicta sunt explicabo.Sed ut perspiciatis unde omnis iste natus error sit voluptatem accusantium doloremque laudantium, totam rem aperiam, eaqipsa quae ab illo inventore veritatis et quasi architecto beatae vitae dicta sunt explicabo.\",\"title_ar\":null,\"description_ar\":null,\"right_image\":\"387\",\"image_alignment\":\"right\",\"about_us_repeater\":{\"repeater_title_en_US\":[\"Ut enim ad minima veniam, quis nostr\",\"Ut enim ad minima veniam, quis nostr\",\"Ut enim ad minima veniam, quis nostr\",\"Ut enim ad minima veniam, quis nostr\"],\"repeater_url_en_US\":[\"#\",\"#\",\"#\",\"#\"],\"repeater_title_ar\":[\"\u0644\u062e\u0637\u0623 \u0627\u0644\u0630\u064a \u064a\u062d\u062f\u062b \u0641\u064a \u0643\u0644 \u0645\u0643\u0627\u0646 \u060c \u062d\",\"\u0644\u062e\u0637\u0623 \u0627\u0644\u0630\u064a \u064a\u062d\u062f\u062b \u0641\u064a \u0643\u0644 \u0645\u0643\u0627\u0646 \u060c \u062d\",\"\u0644\u062e\u0637\u0623 \u0627\u0644\u0630\u064a \u064a\u062d\u062f\u062b \u0641\u064a \u0643\u0644 \u0645\u0643\u0627\u0646 \u060c \u062d\",\"\u0644\u062e\u0637\u0623 \u0627\u0644\u0630\u064a \u064a\u062d\u062f\u062b \u0641\u064a \u0643\u0644 \u0645\u0643\u0627\u0646 \u060c \u062d\"],\"repeater_url_ar\":[\"#\",\"#\",\"#\",\"#\"]},\"padding_top\":\"0\",\"padding_bottom\":\"0\"}",
      "addon_namespace": "Plugins\\PageBuilder\\Addons\\Tenants\\Common\\about\\AboutUsOne",
      "created_at": "2023-01-29 12:26:00",
      "updated_at": "2023-01-29 14:00:52"
    },
    {
      "id": 7,
      "addon_name": "TestimonialOne",
      "addon_type": "update",
      "addon_location": "dynamic_page",
      "addon_order": 6,
      "addon_page_id": 2,
      "addon_page_type": "dynamic_page",
      "addon_settings": "{\"id\":\"8\",\"addon_name\":\"TestimonialOne\",\"addon_namespace\":\"UGx1Z2luc1xQYWdlQnVpbGRlclxBZGRvbnNcVGVuYW50c1xDb21tb25cbWlzY1xUZXN0aW1vbmlhbE9uZQ==\",\"addon_type\":\"update\",\"addon_location\":\"dynamic_page\",\"addon_order\":\"6\",\"addon_page_id\":\"2\",\"addon_page_type\":\"dynamic_page\",\"title_en_US\":\"Our Participate\",\"title_ar\":\"مشاركتنا\",\"item\":\"5\",\"order_by\":\"id\",\"order\":\"asc\",\"padding_top\":\"0\",\"padding_bottom\":\"0\"}",
      "addon_namespace": "Plugins\\PageBuilder\\Addons\\Tenants\\Common\\misc\\TestimonialOne",
      "created_at": "2022-12-19 12:03:32",
      "updated_at": "2022-12-19 12:03:32"
    },
    {
      "id": 8,
      "addon_name": "BrandOne",
      "addon_type": "update",
      "addon_location": "dynamic_page",
      "addon_order": 7,
      "addon_page_id": 2,
      "addon_page_type": "dynamic_page",
      "addon_settings": "{\"id\":\"9\",\"addon_name\":\"BrandOne\",\"addon_namespace\":\"UGx1Z2luc1xQYWdlQnVpbGRlclxBZGRvbnNcVGVuYW50c1xDb21tb25cbWlzY1xCcmFuZE9uZQ==\",\"addon_type\":\"update\",\"addon_location\":\"dynamic_page\",\"addon_order\":\"7\",\"addon_page_id\":\"2\",\"addon_page_type\":\"dynamic_page\",\"title_en_US\":\"Our Trusted Company and Sponsor\",\"title_ar\":\"الشركة الراعية والشركة الموثوق بها\",\"item_show\":\"7\",\"padding_top\":\"0\",\"padding_bottom\":\"0\"}",
      "addon_namespace": "Plugins\\PageBuilder\\Addons\\Tenants\\Common\\misc\\BrandOne",
      "created_at": "2022-12-19 12:03:32",
      "updated_at": "2022-12-19 12:03:32"
    },
    {
      "id": 9,
      "addon_name": "FaqOne",
      "addon_type": "update",
      "addon_location": "dynamic_page",
      "addon_order": 1,
      "addon_page_id": 3,
      "addon_page_type": "dynamic_page",
      "addon_settings": "{\"id\":\"10\",\"addon_name\":\"FaqOne\",\"addon_namespace\":\"UGx1Z2luc1xQYWdlQnVpbGRlclxBZGRvbnNcVGVuYW50c1xDb21tb25cbWlzY1xGYXFPbmU=\",\"addon_type\":\"update\",\"addon_location\":\"dynamic_page\",\"addon_order\":\"1\",\"addon_page_id\":\"3\",\"addon_page_type\":\"dynamic_page\",\"heading_titleen_US\":\"Freequently {h}asked{/h} Question\",\"left_title-en_US\":\"Do you have any Question?\",\"button_text_en_US\":\"Submit your quistion?\",\"heading_titlear\":\"أسئلة شائعة\",\"left_title-ar\":\"هل لديك اي سؤال؟\",\"button_text_ar\":\"هل لديك اي سؤال؟\",\"order_by\":\"id\",\"order\":\"asc\",\"category_items\":\"4\",\"padding_top\":\"0\",\"padding_bottom\":\"0\"}",
      "addon_namespace": "Plugins\\PageBuilder\\Addons\\Tenants\\Common\\misc\\FaqOne",
      "created_at": "2022-12-19 12:03:32",
      "updated_at": "2022-12-19 12:03:32"
    },
    {
      "id": 10,
      "addon_name": "ImageGalleryOne",
      "addon_type": "update",
      "addon_location": "dynamic_page",
      "addon_order": 1,
      "addon_page_id": 8,
      "addon_page_type": "dynamic_page",
      "addon_settings": "{\"id\":\"11\",\"addon_name\":\"ImageGalleryOne\",\"addon_namespace\":\"UGx1Z2luc1xQYWdlQnVpbGRlclxBZGRvbnNcVGVuYW50c1xDb21tb25cbWlzY1xJbWFnZUdhbGxlcnlPbmU=\",\"addon_type\":\"update\",\"addon_location\":\"dynamic_page\",\"addon_order\":\"1\",\"addon_page_id\":\"8\",\"addon_page_type\":\"dynamic_page\",\"order_by\":\"id\",\"order\":\"asc\",\"category_items\":\"5\",\"padding_top\":\"0\",\"padding_bottom\":\"0\"}",
      "addon_namespace": "Plugins\\PageBuilder\\Addons\\Tenants\\Common\\misc\\ImageGalleryOne",
      "created_at": "2022-12-19 12:03:32",
      "updated_at": "2022-12-19 12:03:32"
    },
    {
      "id": 11,
      "addon_name": "VideoGalleryOne",
      "addon_type": "update",
      "addon_location": "dynamic_page",
      "addon_order": 1,
      "addon_page_id": 5,
      "addon_page_type": "dynamic_page",
      "addon_settings": "{\"id\":\"12\",\"addon_name\":\"VideoGalleryOne\",\"addon_namespace\":\"UGx1Z2luc1xQYWdlQnVpbGRlclxBZGRvbnNcVGVuYW50c1xDb21tb25cbWlzY1xWaWRlb0dhbGxlcnlPbmU=\",\"addon_type\":\"update\",\"addon_location\":\"dynamic_page\",\"addon_order\":\"1\",\"addon_page_id\":\"5\",\"addon_page_type\":\"dynamic_page\",\"title_en_US\":\"The veritatis et quasi architecto dicta sunt explicabo.\",\"subtitle_en_US\":\"Sed ut perspiciatis unde omnis iste natus error sit voluptatem accusan doloremque laudantium, totam rem aperiam perspiciatis unde omnis iste natus error .Nemo enim ipsam sit.\",\"title_ar\":\"إن القول المأثور وشبه المعماري هو شرح واضح.\",\"subtitle_ar\":\"إن القول المأثور وشبه المعماري هو شرح واضح.\",\"video_gallery_repeater\":{\"repeater_url_\":[\"https://www.youtube.com/watch?v=rqUPmN-rGhw\",\"https://www.youtube.com/watch?v=HinJ62cPDz8\",\"https://www.youtube.com/watch?v=b54oABKKV7E\",\"https://www.youtube.com/watch?v=Ci0WbaUH3no\"],\"repeater_thumbnail_\":[\"37\",\"45\",\"50\",\"79\"]},\"padding_top\":\"0\",\"padding_bottom\":\"0\"}",
      "addon_namespace": "Plugins\\PageBuilder\\Addons\\Tenants\\Common\\misc\\VideoGalleryOne",
      "created_at": "2022-12-19 12:03:32",
      "updated_at": "2022-12-19 12:03:32"
    },
    {
      "id": 12,
      "addon_name": "TeamMemberTwo",
      "addon_type": "update",
      "addon_location": "dynamic_page",
      "addon_order": 1,
      "addon_page_id": 6,
      "addon_page_type": "dynamic_page",
      "addon_settings": "{\"id\":\"14\",\"addon_name\":\"TeamMemberTwo\",\"addon_namespace\":\"UGx1Z2luc1xQYWdlQnVpbGRlclxBZGRvbnNcVGVuYW50c1xDb21tb25cbWlzY1xUZWFtTWVtYmVyVHdv\",\"addon_type\":\"update\",\"addon_location\":\"dynamic_page\",\"addon_order\":\"1\",\"addon_page_id\":\"6\",\"addon_page_type\":\"dynamic_page\",\"team_member_repeater\":{\"repeater_name_en_US\":[\"Brooklyn Simmons\",\"Andy Franklin\",\"Lina Hernandez\",\"Rooney Coleman\",\"Amanda Hall\",\"Amanda Hall\",\"Amanda Hall\",\"Leona Meme\"],\"repeater_designation_en_US\":[\"Design Expert\",\"Developer\",\"Script Writer\",\"Engineer\",\"Graphics Designer\",\"Graphics Designer\",\"Graphics Designer\",\"Graphics Designer\"],\"repeater_facebook_url_en_US\":[\"#\",\"#\",\"#\",\"#\",\"#\",\"#\",\"#\",\"#\"],\"repeater_twitter_url_en_US\":[\"#\",\"#\",\"#\",\"#\",\"#\",\"#\",\"#\",\"#\"],\"repeater_instagram_url_en_US\":[\"#\",\"#\",\"#\",\"#\",\"#\",\"#\",\"#\",\"#\"],\"repeater_image_en_US\":[\"66\",\"65\",\"64\",\"63\",\"62\",\"63\",\"64\",\"66\"],\"repeater_name_ar\":[\"بروكلين سيمونز\",\"بروكلين سيمونز\",\"بروكلين سيمونز\",\"بروكلين سيمونز\",\"بروكلين سيمونز\",\"بروكلين سيمونز\",\"بروكلين سيمونز\",\"بروكلين سيمونز\"],\"repeater_designation_ar\":[\"بروكلين سيمونز\",\"بروكلين سيمونز\",\"بروكلين سيمونز\",\"بروكلين سيمونز\",\"بروكلين سيمونز\",\"بروكلين سيمونز\",\"بروكلين سيمونز\",\"بروكلين سيمونز\"],\"repeater_facebook_url_ar\":[\"#\",\"#\",\"#\",\"#\",\"#\",\"#\",\"#\",\"#\"],\"repeater_twitter_url_ar\":[\"#\",\"#\",\"#\",\"#\",\"#\",\"#\",\"#\",\"#\"],\"repeater_instagram_url_ar\":[\"#\",\"#\",\"#\",\"#\",\"#\",\"#\",\"#\",\"#\"],\"repeater_image_ar\":[\"66\",\"65\",\"64\",\"63\",\"62\",\"62\",\"62\",\"62\"]},\"padding_top\":\"0\",\"padding_bottom\":\"0\"}",
      "addon_namespace": "Plugins\\PageBuilder\\Addons\\Tenants\\Common\\misc\\TeamMemberTwo",
      "created_at": "2022-12-19 12:03:32",
      "updated_at": "2022-12-19 12:03:32"
    },
    {
      "id": 13,
      "addon_name": "TestimonialTwo",
      "addon_type": "update",
      "addon_location": "dynamic_page",
      "addon_order": 1,
      "addon_page_id": 4,
      "addon_page_type": "dynamic_page",
      "addon_settings": "{\"id\":\"15\",\"addon_name\":\"TestimonialTwo\",\"addon_namespace\":\"UGx1Z2luc1xQYWdlQnVpbGRlclxBZGRvbnNcVGVuYW50c1xDb21tb25cbWlzY1xUZXN0aW1vbmlhbFR3bw==\",\"addon_type\":\"update\",\"addon_location\":\"dynamic_page\",\"addon_order\":\"1\",\"addon_page_id\":\"4\",\"addon_page_type\":\"dynamic_page\",\"item\":\"6\",\"order_by\":\"id\",\"order\":\"asc\",\"columns\":\"col-lg-3\",\"pagination_status\":\"on\",\"pagination_alignment\":\"justify-content-left\",\"padding_top\":\"0\",\"padding_bottom\":\"0\"}",
      "addon_namespace": "Plugins\\PageBuilder\\Addons\\Tenants\\Common\\misc\\TestimonialTwo",
      "created_at": "2022-12-19 12:03:32",
      "updated_at": "2022-12-19 12:03:32"
    },
    {
      "id": 14,
      "addon_name": "PortfolioOne",
      "addon_type": "update",
      "addon_location": "dynamic_page",
      "addon_order": 1,
      "addon_page_id": 7,
      "addon_page_type": "dynamic_page",
      "addon_settings": "{\"id\":\"16\",\"addon_name\":\"PortfolioOne\",\"addon_namespace\":\"UGx1Z2luc1xQYWdlQnVpbGRlclxBZGRvbnNcVGVuYW50c1xDb21tb25cbWlzY1xQb3J0Zm9saW9PbmU=\",\"addon_type\":\"update\",\"addon_location\":\"dynamic_page\",\"addon_order\":\"1\",\"addon_page_id\":\"7\",\"addon_page_type\":\"dynamic_page\",\"item\":\"4\",\"order_by\":\"id\",\"order\":\"asc\",\"padding_top\":\"0\",\"padding_bottom\":\"0\"}",
      "addon_namespace": "Plugins\\PageBuilder\\Addons\\Tenants\\Common\\misc\\PortfolioOne",
      "created_at": "2022-12-19 12:03:32",
      "updated_at": "2022-12-19 12:03:32"
    },
    {
      "id": 15,
      "addon_name": "BlogOne",
      "addon_type": "update",
      "addon_location": "dynamic_page",
      "addon_order": 1,
      "addon_page_id": 9,
      "addon_page_type": "dynamic_page",
      "addon_settings": "{\"id\":\"15\",\"addon_name\":\"BlogOne\",\"addon_namespace\":\"UGx1Z2luc1xQYWdlQnVpbGRlclxBZGRvbnNcVGVuYW50c1xDb21tb25cbWlzY1xCbG9nT25l\",\"addon_type\":\"update\",\"addon_location\":\"dynamic_page\",\"addon_order\":\"1\",\"addon_page_id\":\"9\",\"addon_page_type\":\"dynamic_page\",\"categories\":\"5\",\"order_by\":\"id\",\"order\":\"asc\",\"items\":\"10\",\"padding_top\":\"0\",\"padding_bottom\":\"0\"}",
      "addon_namespace": "Plugins\\PageBuilder\\Addons\\Tenants\\Common\\misc\\BlogOne",
      "created_at": "2022-12-19 12:03:32",
      "updated_at": "2023-01-02 15:59:12"
    },
    {
      "id": 16,
      "addon_name": "ServiceOne",
      "addon_type": "update",
      "addon_location": "dynamic_page",
      "addon_order": 1,
      "addon_page_id": 10,
      "addon_page_type": "dynamic_page",
      "addon_settings": "{\"id\":\"18\",\"addon_name\":\"ServiceOne\",\"addon_namespace\":\"UGx1Z2luc1xQYWdlQnVpbGRlclxBZGRvbnNcVGVuYW50c1xDb21tb25cbWlzY1xTZXJ2aWNlT25l\",\"addon_type\":\"update\",\"addon_location\":\"dynamic_page\",\"addon_order\":\"1\",\"addon_page_id\":\"10\",\"addon_page_type\":\"dynamic_page\",\"item\":\"4\",\"order_by\":\"id\",\"order\":\"asc\",\"padding_top\":\"0\",\"padding_bottom\":\"0\"}",
      "addon_namespace": "Plugins\\PageBuilder\\Addons\\Tenants\\Common\\misc\\ServiceOne",
      "created_at": "2022-12-19 12:03:32",
      "updated_at": "2022-12-19 12:03:32"
    },

    {
      "id": 49,
      "addon_name": "TestimonialFour",
      "addon_type": "update",
      "addon_location": "dynamic_page",
      "addon_order": 4,
      "addon_page_id": 18,
      "addon_page_type": "dynamic_page",
      "addon_settings": "{\"id\":\"57\",\"addon_name\":\"TestimonialFour\",\"addon_namespace\":\"UGx1Z2luc1xQYWdlQnVpbGRlclxBZGRvbnNcVGVuYW50c1xDb21tb25cbWlzY1xUZXN0aW1vbmlhbEZvdXI=\",\"addon_type\":\"update\",\"addon_location\":\"dynamic_page\",\"addon_order\":\"4\",\"addon_page_id\":\"18\",\"addon_page_type\":\"dynamic_page\",\"title_en_US\":\"Our Customer {h}Review{/h}\",\"title_ar\":\"مراجعة العملاء لدينا\",\"item\":\"5\",\"order_by\":\"id\",\"order\":\"asc\",\"padding_top\":\"0\",\"padding_bottom\":\"0\"}",
      "addon_namespace": "Plugins\\PageBuilder\\Addons\\Tenants\\Common\\misc\\TestimonialFour",
      "created_at": "2022-12-19 12:03:32",
      "updated_at": "2022-12-19 12:03:32"
    },
    {
      "id": 50,
      "addon_name": "FaqTwo",
      "addon_type": "update",
      "addon_location": "dynamic_page",
      "addon_order": 5,
      "addon_page_id": 18,
      "addon_page_type": "dynamic_page",
      "addon_settings": "{\"id\":\"58\",\"addon_name\":\"FaqTwo\",\"addon_namespace\":\"UGx1Z2luc1xQYWdlQnVpbGRlclxBZGRvbnNcVGVuYW50c1xDb21tb25cbWlzY1xGYXFUd28=\",\"addon_type\":\"update\",\"addon_location\":\"dynamic_page\",\"addon_order\":\"5\",\"addon_page_id\":\"18\",\"addon_page_type\":\"dynamic_page\",\"heading_titleen_US\":\"Freequently asked {h}Question{/h}\",\"left_title-en_US\":\"Do you have any Question?\",\"button_text_en_US\":\"Submit your quistion\",\"heading_titlear\":\"أسئلة شائعة\",\"left_title-ar\":\"هل لديك اي سؤال؟\",\"button_text_ar\":\"يُقدِّم\",\"order_by\":\"id\",\"order\":\"asc\",\"category_items\":\"5\",\"padding_top\":\"0\",\"padding_bottom\":\"0\"}",
      "addon_namespace": "Plugins\\PageBuilder\\Addons\\Tenants\\Common\\misc\\FaqTwo",
      "created_at": "2022-12-19 12:03:32",
      "updated_at": "2022-12-19 12:03:32"
    },
    {
      "id": 55,
      "addon_name": "TestimonialFive",
      "addon_type": "update",
      "addon_location": "dynamic_page",
      "addon_order": 4,
      "addon_page_id": 19,
      "addon_page_type": "dynamic_page",
      "addon_settings": "{\"id\":\"63\",\"addon_name\":\"TestimonialFive\",\"addon_namespace\":\"UGx1Z2luc1xQYWdlQnVpbGRlclxBZGRvbnNcVGVuYW50c1xDb21tb25cbWlzY1xUZXN0aW1vbmlhbEZpdmU=\",\"addon_type\":\"update\",\"addon_location\":\"dynamic_page\",\"addon_order\":\"4\",\"addon_page_id\":\"19\",\"addon_page_type\":\"dynamic_page\",\"title_en_US\":\"Our Customer {h}Review{/h}\",\"title_ar\":\"مراجعة العملاء لدينا\",\"item\":\"5\",\"order_by\":\"id\",\"order\":\"asc\",\"padding_top\":\"0\",\"padding_bottom\":\"0\"}",
      "addon_namespace": "Plugins\\PageBuilder\\Addons\\Tenants\\Common\\misc\\TestimonialFive",
      "created_at": "2022-12-19 12:03:32",
      "updated_at": "2022-12-19 12:03:32"
    },
    {
      "id": 56,
      "addon_name": "FaqThree",
      "addon_type": "update",
      "addon_location": "dynamic_page",
      "addon_order": 5,
      "addon_page_id": 19,
      "addon_page_type": "dynamic_page",
      "addon_settings": "{\"id\":\"64\",\"addon_name\":\"FaqThree\",\"addon_namespace\":\"UGx1Z2luc1xQYWdlQnVpbGRlclxBZGRvbnNcVGVuYW50c1xDb21tb25cbWlzY1xGYXFUaHJlZQ==\",\"addon_type\":\"update\",\"addon_location\":\"dynamic_page\",\"addon_order\":\"5\",\"addon_page_id\":\"19\",\"addon_page_type\":\"dynamic_page\",\"heading_titleen_US\":\"{h}Freequently{/h} Asked Question\",\"heading_titlear\":\"أسئلة شائعة\",\"order_by\":\"id\",\"order\":\"asc\",\"category_items\":\"6\",\"padding_top\":\"0\",\"padding_bottom\":\"0\"}",
      "addon_namespace": "Plugins\\PageBuilder\\Addons\\Tenants\\Common\\misc\\FaqThree",
      "created_at": "2022-12-19 12:03:32",
      "updated_at": "2022-12-19 12:03:32"
    }

  ]
}