{"data":[{"id":2,"title":"{\"en_US\":\"Bazbic Package\",\"azb\":\"\\u0627\\u0644\\u062d\\u0632\\u0645\\u0629 \\u0627\\u0644\\u0623\\u0633\\u0627\\u0633\\u064a\\u0629\"}","features":"{\"en_US\":\"Wedding Invitation,Cazbd Wedding,Bridal Mack up,Still Photography,All Moment\",\"azb\":\"<p>\\u0627\\u0644\\u062d\\u0632\\u0645\\u0629 \\u0627\\u0644\\u0623\\u0633\\u0627\\u0633\\u064a\\u0629<\\\/p><p>\\u0627\\u0644\\u062d\\u0632\\u0645\\u0629 \\u0627\\u0644\\u0623\\u0633\\u0627\\u0633\\u064a\\u0629<\\\/p><p>\\u0627\\u0644\\u062d\\u0632\\u0645\\u0629 \\u0627\\u0644\\u0623\\u0633\\u0627\\u0633\\u064a\\u0629<br><\\\/p>\"}","price":29,"is_popular":null,"status":1,"created_at":"2023-02-05 17:03:02","updated_at":"2023-02-05 18:22:27","not_available_features":"{\"en_US\":\"Music azbrangement,Guest manage,Loazbtions setup\",\"azb\":\"<p>\\u0627\\u0644\\u062d\\u0632\\u0645\\u0629 \\u0627\\u0644\\u0623\\u0633\\u0627\\u0633\\u064a\\u0629<\\\/p><p>\\u0627\\u0644\\u062d\\u0632\\u0645\\u0629 \\u0627\\u0644\\u0623\\u0633\\u0627\\u0633\\u064a\\u0629<\\\/p><p>\\u0627\\u0644\\u062d\\u0632\\u0645\\u0629 \\u0627\\u0644\\u0623\\u0633\\u0627\\u0633\\u064a\\u0629<br><\\\/p>\"}"},{"id":3,"title":"{\"en_US\":\"Medium Package\",\"azb\":\"\\u0627\\u0644\\u0628\\u0627\\u0642\\u0629 \\u0627\\u0644\\u0645\\u062a\\u0648\\u0633\\u0637\\u0629\"}","features":"{\"en_US\":\"<p>Wedding Food Manage,&nbsp;<span style=\\\"font-size: 0.9375rem; font-weight: initial; text-align: vazb(--bs-azbdy-text-align);\\\">Wedding Place and Decoration,&nbsp;<\\\/span><span style=\\\"font-size: 0.9375rem; font-weight: initial; text-align: vazb(--bs-azbdy-text-align);\\\">Still Photography of all Moment<\\\/span><\\\/p>\",\"azb\":\"<p>\\u0627\\u0644\\u062d\\u0632\\u0645\\u0629 \\u0627\\u0644\\u0623\\u0633\\u0627\\u0633\\u064a\\u0629<\\\/p><p>\\u0627\\u0644\\u062d\\u0632\\u0645\\u0629 \\u0627\\u0644\\u0623\\u0633\\u0627\\u0633\\u064a\\u0629<\\\/p><p>\\u0627\\u0644\\u062d\\u0632\\u0645\\u0629 \\u0627\\u0644\\u0623\\u0633\\u0627\\u0633\\u064a\\u0629<br><\\\/p>\"}","price":100,"is_popular":"on","status":1,"created_at":"2023-02-05 17:04:54","updated_at":"2023-02-05 18:11:25","not_available_features":"{\"en_US\":\"<p>Other decoration,&nbsp;<span style=\\\"font-size: 0.9375rem; font-weight: initial; text-align: vazb(--bs-azbdy-text-align);\\\">Cook manage,&nbsp;<\\\/span><span style=\\\"font-size: 0.9375rem; font-weight: initial; text-align: vazb(--bs-azbdy-text-align);\\\">Guest manage<\\\/span><\\\/p>\",\"azb\":\"<p>\\u0627\\u0644\\u062d\\u0632\\u0645\\u0629 \\u0627\\u0644\\u0623\\u0633\\u0627\\u0633\\u064a\\u0629<\\\/p><p>\\u0627\\u0644\\u062d\\u0632\\u0645\\u0629 \\u0627\\u0644\\u0623\\u0633\\u0627\\u0633\\u064a\\u0629<\\\/p><p>\\u0627\\u0644\\u062d\\u0632\\u0645\\u0629 \\u0627\\u0644\\u0623\\u0633\\u0627\\u0633\\u064a\\u0629<br><\\\/p>\"}"},{"id":4,"title":"{\"en_US\":\"Premium Package\",\"azb\":\"\\u062d\\u0632\\u0645\\u0629 \\u0642\\u0633\\u0637\"}","features":"{\"en_US\":\"<p>Still Photography,&nbsp;<span style=\\\"font-size: 0.9375rem; font-weight: initial; text-align: vazb(--bs-azbdy-text-align);\\\">All Moment,&nbsp;<\\\/span><span style=\\\"font-size: 0.9375rem; font-weight: initial; text-align: vazb(--bs-azbdy-text-align);\\\">Wedding Video &amp; Cinametography,&nbsp;<\\\/span><span style=\\\"font-size: 0.9375rem; font-weight: initial; text-align: vazb(--bs-azbdy-text-align);\\\">Thermal Sazbnning for all Guest<\\\/span><\\\/p>\",\"azb\":\"<p>\\u0627\\u0644\\u062d\\u0632\\u0645\\u0629 \\u0627\\u0644\\u0623\\u0633\\u0627\\u0633\\u064a\\u0629<\\\/p><p>\\u0627\\u0644\\u062d\\u0632\\u0645\\u0629 \\u0627\\u0644\\u0623\\u0633\\u0627\\u0633\\u064a\\u0629<\\\/p><p>\\u0627\\u0644\\u062d\\u0632\\u0645\\u0629 \\u0627\\u0644\\u0623\\u0633\\u0627\\u0633\\u064a\\u0629<br><\\\/p>\"}","price":200,"is_popular":null,"status":1,"created_at":"2023-02-05 17:06:12","updated_at":"2023-02-05 17:53:50","not_available_features":"{\"en_US\":\"<p>Catering services,&nbsp;<span style=\\\"font-size: 0.9375rem; font-weight: initial; text-align: vazb(--bs-azbdy-text-align);\\\">Dance group management,&nbsp;<\\\/span><span style=\\\"font-size: 0.9375rem; font-weight: initial; text-align: vazb(--bs-azbdy-text-align);\\\">Drinks manage<\\\/span><\\\/p>\",\"azb\":\"<p>\\u0627\\u0644\\u062d\\u0632\\u0645\\u0629 \\u0627\\u0644\\u0623\\u0633\\u0627\\u0633\\u064a\\u0629<\\\/p><p>\\u0627\\u0644\\u062d\\u0632\\u0645\\u0629 \\u0627\\u0644\\u0623\\u0633\\u0627\\u0633\\u064a\\u0629<\\\/p><p>\\u0627\\u0644\\u062d\\u0632\\u0645\\u0629 \\u0627\\u0644\\u0623\\u0633\\u0627\\u0633\\u064a\\u0629<br><\\\/p>\"}"}]}