{
  "site_es_CO_title": "ki korbo",
  "site_es_CO_footer_copyright_text": "all right reserved web developer",
  "site_en_US_title": "adnan",
  "site_en_US_footer_copyright_text": null,
  "site_ar_title": "\u0627\u0644\u0639\u0646\u0648\u0627\u0646 \u0627\u0644\u0645\u0648\u0642\u0639\u064a",
  "site_ar_footer_copyright_text": "\u0627\u0644\u0639\u0646\u0648\u0627\u0646 \u0627\u0644\u0645\u0648\u0642\u0639\u064a",
  "site_bn_BD_title": null,
  "site_bn_BD_footer_copyright_text": null,
  "site_en_GB_title": "Multisaas",
  "site_en_GB_footer_copyright_text": "{copy} {year} Multisaas. All Rights Reserved.",
  "site_third_party_tracking_code_just_after_head": null,
  "site_third_party_tracking_code": null,
  "site_third_party_tracking_code_just_after_body": null,
  "site_third_party_tracking_code_just_before_body_close": null,
  "site_google_analytics": null,
  "site_google_captcha_v3_site_key": null,
  "site_google_captcha_v3_secret_key": null,
  "facebook_client_id": null,
  "facebook_client_secret": null,
  "google_client_id": null,
  "google_client_secret": null,
  "google_adsense_publisher_id": null,
  "google_adsense_customer_id": null
}