{"data":[{"id":4,"widget_area":null,"widget_order":1,"widget_location":"blog_sidebar","widget_name":"BlogCategoryWithSearchWidget","widget_content":"{\"id\":\"4\",\"widget_name\":\"BlogCategoryWithSearchWidget\",\"widget_type\":\"update\",\"widget_location\":\"blog_sidebar\",\"widget_order\":\"1\",\"title_en_US\":\"Categories\",\"title_azb\":\"\\u0641\\u0626\\u0627\\u062a\",\"category_items\":\"4\"}","created_at":"2023-05-21 15:40:11","updated_at":"2023-05-21 15:40:11"},{"id":5,"widget_area":null,"widget_order":2,"widget_location":"blog_sidebar","widget_name":"TenantRecentBlogPostWidget","widget_content":"a:8:{s:2:\"id\";s:1:\"5\";s:11:\"widget_name\";s:26:\"TenantRecentBlogPostWidget\";s:11:\"widget_type\";s:6:\"update\";s:15:\"widget_location\";s:12:\"blog_sidebar\";s:12:\"widget_order\";s:1:\"2\";s:18:\"heading_text_en_US\";s:18:\"Popular Blogs ffff\";s:16:\"heading_text_azb\";s:31:\"\u0627\u0644\u0645\u062f\u0648\u0646\u0627\u062a \u0627\u0644\u0634\u0639\u0628\u064a\u0629\";s:10:\"blog_items\";s:1:\"5\";}","created_at":"2023-05-21 15:40:11","updated_at":"2023-05-21 15:40:11"},{"id":6,"widget_area":null,"widget_order":1,"widget_location":"service_sidebar","widget_name":"TenantServiceCategoryWithSearchWidget","widget_content":"{\"id\":\"6\",\"widget_name\":\"TenantServiceCategoryWithSearchWidget\",\"widget_type\":\"update\",\"widget_location\":\"service_sidebar\",\"widget_order\":\"1\",\"title_en_US\":\"Service Categories\",\"title_azb\":\"\\u0641\\u0626\\u0627\\u062a \\u0627\\u0644\\u062e\\u062f\\u0645\\u0629\",\"category_items\":\"4\"}","created_at":"2023-05-21 15:40:11","updated_at":"2023-05-21 15:40:11"},{"id":7,"widget_area":null,"widget_order":2,"widget_location":"service_sidebar","widget_name":"TenantRecentServiceWidget","widget_content":"{\"id\":\"7\",\"widget_name\":\"TenantRecentServiceWidget\",\"widget_type\":\"update\",\"widget_location\":\"service_sidebar\",\"widget_order\":\"2\",\"heading_text_en_US\":\"Recent Services\",\"heading_text_azb\":\"\\u0627\\u0644\\u062e\\u062f\\u0645\\u0627\\u062a \\u0627\\u0644\\u062d\\u062f\\u064a\\u062b\\u0629\",\"blog_items\":\"4\"}","created_at":"2023-05-21 15:40:11","updated_at":"2023-05-21 15:40:11"},{"id":8,"widget_area":null,"widget_order":6,"widget_location":"service_sidebar","widget_name":"TenantQuerySubmitWidget","widget_content":"a:7:{s:11:\"widget_name\";s:23:\"TenantQuerySubmitWidget\";s:11:\"widget_type\";s:3:\"new\";s:15:\"widget_location\";s:15:\"service_sidebar\";s:12:\"widget_order\";s:1:\"3\";s:18:\"heading_text_en_US\";s:22:\"Do you have any query?\";s:16:\"heading_text_azb\";s:35:\"\u0647\u0644 \u0644\u062f\u064a\u0643 \u0623\u064a \u0627\u0633\u062a\u0641\u0633\u0627\u0631\u061f\";s:2:\"id\";i:8;}","created_at":"2023-05-21 15:40:11","updated_at":"2023-05-23 11:54:39"},{"id":9,"widget_area":null,"widget_order":1,"widget_location":"donation_acitvities_sidebar","widget_name":"TenantRecentDonationActivitiesWidget","widget_content":"{\"id\":\"9\",\"widget_name\":\"TenantRecentDonationActivitiesWidget\",\"widget_type\":\"update\",\"widget_location\":\"donation_acitvities_sidebar\",\"widget_order\":\"1\",\"heading_text_en_US\":\"Our recent Activities\",\"heading_text_azb\":\"\\u0623\\u0646\\u0634\\u0637\\u062a\\u0646\\u0627 \\u0627\\u0644\\u0623\\u062e\\u064a\\u0631\\u0629\",\"blog_items\":\"4\"}","created_at":"2023-05-21 15:40:11","updated_at":"2023-05-21 15:40:11"},{"id":10,"widget_area":null,"widget_order":2,"widget_location":"donation_acitvities_sidebar","widget_name":"TenantDonationActivityCategoryWidget","widget_content":"{\"id\":\"10\",\"widget_name\":\"TenantDonationActivityCategoryWidget\",\"widget_type\":\"update\",\"widget_location\":\"donation_acitvities_sidebar\",\"widget_order\":\"2\",\"widget_title_en_US\":\"Activity Categories\",\"widget_title_azb\":\"\\u0641\\u0626\\u0627\\u062a \\u0627\\u0644\\u0646\\u0634\\u0627\\u0637\",\"category_items\":\"6\"}","created_at":"2023-05-21 15:40:11","updated_at":"2023-05-21 15:40:11"},{"id":11,"widget_area":null,"widget_order":1,"widget_location":"donation_sidebar","widget_name":"TenantDonationCategoryWidget","widget_content":"{\"id\":\"11\",\"widget_name\":\"TenantDonationCategoryWidget\",\"widget_type\":\"update\",\"widget_location\":\"donation_sidebar\",\"widget_order\":\"1\",\"widget_title_en_US\":\"Donation Categories\",\"widget_title_azb\":\"\\u0641\\u0626\\u0627\\u062a\",\"category_items\":\"6\"}","created_at":"2023-05-21 15:40:11","updated_at":"2023-05-21 15:40:11"},{"id":12,"widget_area":null,"widget_order":2,"widget_location":"donation_sidebar","widget_name":"TenantRecentDonationWidget","widget_content":"{\"id\":\"12\",\"widget_name\":\"TenantRecentDonationWidget\",\"widget_type\":\"update\",\"widget_location\":\"donation_sidebar\",\"widget_order\":\"2\",\"heading_text_en_US\":\"Recent Donations\",\"heading_text_azb\":\"\\u0627\\u0644\\u062a\\u0628\\u0631\\u0639\\u0627\\u062a \\u0627\\u0644\\u0623\\u062e\\u064a\\u0631\\u0629\",\"blog_items\":\"4\"}","created_at":"2023-05-21 15:40:11","updated_at":"2023-05-21 15:40:11"},{"id":13,"widget_area":null,"widget_order":1,"widget_location":"event_sidebar","widget_name":"TenantEventCategoryWithSearchWidget","widget_content":"{\"widget_name\":\"TenantEventCategoryWithSearchWidget\",\"widget_type\":\"new\",\"widget_location\":\"event_sidebar\",\"widget_order\":\"1\",\"title_en_US\":\"Event Categories\",\"title_azb\":\"\\u0641\\u0626\\u0627\\u062a \\u0627\\u0644\\u062d\\u062f\\u062b\",\"category_items\":\"5\",\"id\":13}","created_at":"2023-05-21 15:40:11","updated_at":"2023-05-21 15:40:11"},{"id":14,"widget_area":null,"widget_order":2,"widget_location":"event_sidebar","widget_name":"TenantRecentEventsWidget","widget_content":"{\"widget_name\":\"TenantRecentEventsWidget\",\"widget_type\":\"new\",\"widget_location\":\"event_sidebar\",\"widget_order\":\"2\",\"heading_text_en_US\":\"Recent Events\",\"heading_text_azb\":\"\\u0627\\u0644\\u0623\\u062d\\u062f\\u0627\\u062b \\u0627\\u0644\\u0623\\u062e\\u064a\\u0631\\u0629\",\"blog_items\":\"5\",\"id\":14}","created_at":"2023-05-21 15:40:11","updated_at":"2023-05-21 15:40:11"},{"id":15,"widget_area":null,"widget_order":1,"widget_location":"job_sidebar","widget_name":"TenantJobCategoryWithSearchWidget","widget_content":"{\"widget_name\":\"TenantJobCategoryWithSearchWidget\",\"widget_type\":\"new\",\"widget_location\":\"job_sidebar\",\"widget_order\":\"1\",\"title_en_US\":\"Job Categories\",\"title_azb\":\"\\u0641\\u0626\\u0627\\u062a\",\"category_items\":\"5\",\"id\":15}","created_at":"2023-05-21 15:40:11","updated_at":"2023-05-21 15:40:11"},{"id":16,"widget_area":null,"widget_order":2,"widget_location":"job_sidebar","widget_name":"TenantRecentJobsWidget","widget_content":"{\"id\":\"16\",\"widget_name\":\"TenantRecentJobsWidget\",\"widget_type\":\"update\",\"widget_location\":\"job_sidebar\",\"widget_order\":\"2\",\"heading_text_en_US\":\"Recent Jobs\",\"heading_text_azb\":\"\\u0627\\u0644\\u0648\\u0638\\u0627\\u0626\\u0641 \\u0627\\u0644\\u062d\\u062f\\u064a\\u062b\\u0629\",\"blog_items\":\"4\"}","created_at":"2023-05-21 15:40:11","updated_at":"2023-05-21 15:40:11"},{"id":17,"widget_area":null,"widget_order":2,"widget_location":"knowledgebase_sidebar","widget_name":"TenantRecentKnowledgebaseWidget","widget_content":"{\"widget_name\":\"TenantRecentKnowledgebaseWidget\",\"widget_type\":\"new\",\"widget_location\":\"knowledgebase_sidebar\",\"widget_order\":\"1\",\"heading_text_en_US\":\"Recent Articles\",\"heading_text_azb\":\"\\u0627\\u0644\\u0645\\u0642\\u0627\\u0644\\u0627\\u062a \\u0627\\u0644\\u0623\\u062e\\u064a\\u0631\\u0629\",\"blog_items\":\"3\",\"id\":17}","created_at":"2023-05-21 15:40:11","updated_at":"2023-05-21 15:40:11"},{"id":18,"widget_area":null,"widget_order":1,"widget_location":"knowledgebase_sidebar","widget_name":"TenantKnowledgebaseCategoryWithSearchWidget","widget_content":"{\"id\":\"18\",\"widget_name\":\"TenantKnowledgebaseCategoryWithSearchWidget\",\"widget_type\":\"update\",\"widget_location\":\"knowledgebase_sidebar\",\"widget_order\":\"1\",\"title_en_US\":\"Article Categories\",\"title_azb\":\"\\u0641\\u0626\\u0627\\u062a \\u0627\\u0644\\u0645\\u0627\\u062f\\u0629\",\"category_items\":\"4\"}","created_at":"2023-05-21 15:40:11","updated_at":"2023-05-21 15:40:11"},{"id":19,"widget_area":null,"widget_order":1,"widget_location":"footer_donation","widget_name":"TenantFooterAboutUsWidget","widget_content":"a:12:{s:2:\"id\";s:2:\"19\";s:11:\"widget_name\";s:25:\"TenantFooterAboutUsWidget\";s:11:\"widget_type\";s:6:\"update\";s:15:\"widget_location\";s:15:\"footer_donation\";s:12:\"widget_order\";s:1:\"1\";s:17:\"description_en_US\";s:152:\"The company quidem rerum facilis est et expedita distinctio. Nam libero tempore, cum soluta nobis est eligendi optio cumque nihil impedit quo minus .ddd\";s:14:\"description_ar\";s:120:\"\u0645\u0633\u0627\u0639\u062f\u0629 \u0627\u0644\u064a\u0648\u0645 \u0645\u0633\u0627\u0639\u062f\u0629 \u0627\u0644\u063a\u062f \u0627\u0644\u062e\u064a\u0631\u064a\u0629\u0645\u0633\u0627\u0639\u062f\u0629 \u0627\u0644\u064a\u0648\u0645 \u0645\u0633\u0627\u0639\u062f\u0629 \u0627\u0644\u063a\u062f \u0627\u0644\u062e\u064a\u0631\u064a\u0629\";s:12:\"facebook_url\";s:1:\"#\";s:13:\"instagram_url\";s:1:\"#\";s:12:\"linkedin_url\";s:1:\"#\";s:11:\"twitter_url\";s:1:\"#\";s:11:\"footer_logo\";s:3:\"232\";}","created_at":"2023-05-21 15:40:11","updated_at":"2023-05-21 15:40:11"},{"id":20,"widget_area":null,"widget_order":2,"widget_location":"footer_donation","widget_name":"TenantNavigationMenuWidget","widget_content":"a:8:{s:2:\"id\";s:2:\"20\";s:11:\"widget_name\";s:26:\"TenantNavigationMenuWidget\";s:11:\"widget_type\";s:6:\"update\";s:15:\"widget_location\";s:15:\"footer_donation\";s:12:\"widget_order\";s:1:\"2\";s:18:\"widget_title_en_US\";s:10:\"Navigate e\";s:15:\"widget_title_ar\";s:12:\"\u0627\u0644\u062a\u0646\u0642\u0644\";s:7:\"menu_id\";s:1:\"2\";}","created_at":"2023-05-21 15:40:11","updated_at":"2023-05-21 15:40:11"},{"id":21,"widget_area":null,"widget_order":8,"widget_location":"footer_donation","widget_name":"TenantFooterCustomLink","widget_content":"a:8:{s:2:\"id\";s:2:\"21\";s:11:\"widget_name\";s:22:\"TenantFooterCustomLink\";s:11:\"widget_type\";s:6:\"update\";s:15:\"widget_location\";s:15:\"footer_donation\";s:12:\"widget_order\";s:1:\"3\";s:11:\"title_en_US\";s:11:\"About Ussdf\";s:8:\"title_ar\";s:21:\"\u0645\u0639\u0644\u0648\u0645\u0627\u062a \u0639\u0646\u0627\";s:27:\"custom_link_widget_repeater\";a:4:{s:20:\"repeater_title_en_US\";a:5:{i:0;s:10:\"Who we are\";i:1;s:16:\"Who we are they?\";i:2;s:21:\"Our far goal to reach\";i:3;s:20:\"Freequently required\";i:4;s:18:\"Anonimous products\";}s:18:\"repeater_url_en_US\";a:5:{i:0;s:1:\"#\";i:1;s:1:\"#\";i:2;s:1:\"#\";i:3;s:1:\"#\";i:4;s:1:\"#\";}s:17:\"repeater_title_ar\";a:5:{i:0;s:21:\"\u0645\u0639\u0644\u0648\u0645\u0627\u062a \u0639\u0646\u0627\";i:1;s:21:\"\u0645\u0639\u0644\u0648\u0645\u0627\u062a \u0639\u0646\u0627\";i:2;s:21:\"\u0645\u0639\u0644\u0648\u0645\u0627\u062a \u0639\u0646\u0627\";i:3;s:21:\"\u0645\u0639\u0644\u0648\u0645\u0627\u062a \u0639\u0646\u0627\";i:4;s:21:\"\u0645\u0639\u0644\u0648\u0645\u0627\u062a \u0639\u0646\u0627\";}s:15:\"repeater_url_ar\";a:5:{i:0;s:1:\"#\";i:1;s:1:\"#\";i:2;s:1:\"#\";i:3;s:1:\"#\";i:4;s:1:\"#\";}}}","created_at":"2023-05-21 15:40:11","updated_at":"2023-05-21 15:40:11"},{"id":22,"widget_area":null,"widget_order":9,"widget_location":"footer_donation","widget_name":"TenantContactInfoWidget","widget_content":"a:13:{s:2:\"id\";s:2:\"22\";s:11:\"widget_name\";s:23:\"TenantContactInfoWidget\";s:11:\"widget_type\";s:6:\"update\";s:15:\"widget_location\";s:15:\"footer_donation\";s:12:\"widget_order\";s:1:\"4\";s:18:\"widget_title_en_US\";s:10:\"Contact Us\";s:14:\"location_en_US\";s:19:\"Rampura, Dhaka-1208\";s:11:\"phone_en_US\";s:15:\"019981007331111\";s:11:\"email_en_US\";s:23:\"hejynoha@mailinator.com\";s:15:\"widget_title_ar\";s:21:\"\u0645\u0639\u0644\u0648\u0645\u0627\u062a \u0639\u0646\u0627\";s:11:\"location_ar\";s:19:\"Rampura, Dhaka-1208\";s:8:\"phone_ar\";s:12:\"+11469162796\";s:8:\"email_ar\";s:23:\"hejynoha@mailinator.com\";}","created_at":"2023-05-21 15:40:11","updated_at":"2023-05-21 15:40:11"},{"id":23,"widget_area":null,"widget_order":1,"widget_location":"footer_event","widget_name":"TenantFooterAboutUsWidget","widget_content":"a:12:{s:2:\"id\";s:2:\"23\";s:11:\"widget_name\";s:25:\"TenantFooterAboutUsWidget\";s:11:\"widget_type\";s:6:\"update\";s:15:\"widget_location\";s:12:\"footer_event\";s:12:\"widget_order\";s:1:\"1\";s:17:\"description_en_US\";s:152:\"The company quidem rerum facilis est et expedita distinctio. Nam libero tempore, cum soluta nobis est eligendi optio cumque nihil impedit quo minus .ddd\";s:15:\"description_azb\";s:120:\"\u0645\u0633\u0627\u0639\u062f\u0629 \u0627\u0644\u064a\u0648\u0645 \u0645\u0633\u0627\u0639\u062f\u0629 \u0627\u0644\u063a\u062f \u0627\u0644\u062e\u064a\u0631\u064a\u0629\u0645\u0633\u0627\u0639\u062f\u0629 \u0627\u0644\u064a\u0648\u0645 \u0645\u0633\u0627\u0639\u062f\u0629 \u0627\u0644\u063a\u062f \u0627\u0644\u062e\u064a\u0631\u064a\u0629\";s:12:\"facebook_url\";s:1:\"#\";s:13:\"instagram_url\";s:1:\"#\";s:12:\"linkedin_url\";s:1:\"#\";s:11:\"twitter_url\";s:1:\"#\";s:11:\"footer_logo\";s:3:\"233\";}","created_at":"2023-05-21 15:40:11","updated_at":"2023-05-21 15:40:11"},{"id":25,"widget_area":null,"widget_order":2,"widget_location":"footer_event","widget_name":"TenantFooterRecentEventsWidget","widget_content":"{\"widget_name\":\"TenantFooterRecentEventsWidget\",\"widget_type\":\"new\",\"widget_location\":\"footer_event\",\"widget_order\":\"2\",\"heading_text_en_US\":\"Footer Recent Events\",\"heading_text_azb\":\"\\u0627\\u0644\\u0623\\u062d\\u062f\\u0627\\u062b \\u0627\\u0644\\u0623\\u062e\\u064a\\u0631\\u0629\",\"blog_items\":\"2\",\"id\":25}","created_at":"2023-05-21 15:40:11","updated_at":"2023-05-21 15:40:11"},{"id":26,"widget_area":null,"widget_order":3,"widget_location":"footer_event","widget_name":"TenantNavigationMenuWidget","widget_content":"a:8:{s:11:\"widget_name\";s:26:\"TenantNavigationMenuWidget\";s:11:\"widget_type\";s:3:\"new\";s:15:\"widget_location\";s:12:\"footer_event\";s:12:\"widget_order\";s:1:\"3\";s:18:\"widget_title_en_US\";s:10:\"Navigate e\";s:16:\"widget_title_azb\";s:12:\"\u0627\u0644\u062a\u0646\u0642\u0644\";s:7:\"menu_id\";s:1:\"2\";s:2:\"id\";i:26;}","created_at":"2023-05-21 15:40:11","updated_at":"2023-05-21 15:40:11"},{"id":27,"widget_area":null,"widget_order":4,"widget_location":"footer_event","widget_name":"TenantContactInfoWidget","widget_content":"a:13:{s:2:\"id\";s:2:\"27\";s:11:\"widget_name\";s:23:\"TenantContactInfoWidget\";s:11:\"widget_type\";s:6:\"update\";s:15:\"widget_location\";s:12:\"footer_event\";s:12:\"widget_order\";s:1:\"4\";s:18:\"widget_title_en_US\";s:10:\"Contact Us\";s:14:\"location_en_US\";s:19:\"Rampura, Dhaka-1208\";s:11:\"phone_en_US\";s:15:\"019981007331111\";s:11:\"email_en_US\";s:23:\"hejynoha@mailinator.com\";s:16:\"widget_title_azb\";s:6:\"\u0641\u0626\u0629\";s:12:\"location_azb\";s:19:\"Rampura, Dhaka-1208\";s:9:\"phone_azb\";s:12:\"+11469162796\";s:9:\"email_azb\";s:23:\"hejynoha@mailinator.com\";}","created_at":"2023-05-21 15:40:11","updated_at":"2023-05-21 15:40:11"},{"id":28,"widget_area":null,"widget_order":1,"widget_location":"footer_job","widget_name":"TenantFooterAboutUsWidget","widget_content":"a:12:{s:2:\"id\";s:2:\"28\";s:11:\"widget_name\";s:25:\"TenantFooterAboutUsWidget\";s:11:\"widget_type\";s:6:\"update\";s:15:\"widget_location\";s:10:\"footer_job\";s:12:\"widget_order\";s:1:\"1\";s:17:\"description_en_US\";s:152:\"The company quidem rerum facilis est et expedita distinctio. Nam libero tempore, cum soluta nobis est eligendi optio cumque nihil impedit quo minus .ddd\";s:15:\"description_azb\";s:120:\"\u0645\u0633\u0627\u0639\u062f\u0629 \u0627\u0644\u064a\u0648\u0645 \u0645\u0633\u0627\u0639\u062f\u0629 \u0627\u0644\u063a\u062f \u0627\u0644\u062e\u064a\u0631\u064a\u0629\u0645\u0633\u0627\u0639\u062f\u0629 \u0627\u0644\u064a\u0648\u0645 \u0645\u0633\u0627\u0639\u062f\u0629 \u0627\u0644\u063a\u062f \u0627\u0644\u062e\u064a\u0631\u064a\u0629\";s:12:\"facebook_url\";s:1:\"#\";s:13:\"instagram_url\";s:1:\"#\";s:12:\"linkedin_url\";s:1:\"#\";s:11:\"twitter_url\";s:1:\"#\";s:11:\"footer_logo\";s:3:\"234\";}","created_at":"2023-05-21 15:40:11","updated_at":"2023-05-21 15:40:11"},{"id":29,"widget_area":null,"widget_order":3,"widget_location":"footer_job","widget_name":"TenantNavigationMenuWidget","widget_content":"a:8:{s:11:\"widget_name\";s:26:\"TenantNavigationMenuWidget\";s:11:\"widget_type\";s:3:\"new\";s:15:\"widget_location\";s:10:\"footer_job\";s:12:\"widget_order\";s:1:\"2\";s:18:\"widget_title_en_US\";s:10:\"Navigate e\";s:16:\"widget_title_azb\";s:12:\"\u0627\u0644\u062a\u0646\u0642\u0644\";s:7:\"menu_id\";s:1:\"2\";s:2:\"id\";i:29;}","created_at":"2023-05-21 15:40:11","updated_at":"2023-05-21 15:40:11"},{"id":30,"widget_area":null,"widget_order":4,"widget_location":"footer_job","widget_name":"TenantFooterCustomLink","widget_content":"a:8:{s:2:\"id\";s:2:\"30\";s:11:\"widget_name\";s:22:\"TenantFooterCustomLink\";s:11:\"widget_type\";s:6:\"update\";s:15:\"widget_location\";s:10:\"footer_job\";s:12:\"widget_order\";s:1:\"3\";s:11:\"title_en_US\";s:11:\"About Ussdf\";s:9:\"title_azb\";s:21:\"\u0645\u0639\u0644\u0648\u0645\u0627\u062a \u0639\u0646\u0627\";s:27:\"custom_link_widget_repeater\";O:8:\"stdClass\":4:{s:20:\"repeater_title_en_US\";a:5:{i:0;s:8:\"Wishlist\";i:1;s:9:\"Shop Cart\";i:2;s:8:\"Checkout\";i:3;s:7:\"Plocies\";i:4;s:7:\"Plocies\";}s:18:\"repeater_url_en_US\";a:5:{i:0;s:1:\"#\";i:1;s:1:\"#\";i:2;s:1:\"#\";i:3;s:1:\"#\";i:4;s:1:\"#\";}s:18:\"repeater_title_azb\";a:5:{i:0;s:25:\"\u0642\u0627\u0626\u0645\u0629 \u0627\u0644\u0631\u063a\u0628\u0627\u062a\";i:1;s:25:\"\u0642\u0627\u0626\u0645\u0629 \u0627\u0644\u0631\u063a\u0628\u0627\u062a\";i:2;s:25:\"\u0642\u0627\u0626\u0645\u0629 \u0627\u0644\u0631\u063a\u0628\u0627\u062a\";i:3;s:25:\"\u0642\u0627\u0626\u0645\u0629 \u0627\u0644\u0631\u063a\u0628\u0627\u062a\";i:4;s:25:\"\u0642\u0627\u0626\u0645\u0629 \u0627\u0644\u0631\u063a\u0628\u0627\u062a\";}s:16:\"repeater_url_azb\";a:5:{i:0;s:1:\"#\";i:1;s:1:\"#\";i:2;s:1:\"#\";i:3;s:1:\"#\";i:4;s:1:\"#\";}}}","created_at":"2023-05-21 15:40:11","updated_at":"2023-05-21 15:40:11"},{"id":31,"widget_area":null,"widget_order":5,"widget_location":"footer_job","widget_name":"TenantContactInfoWidget","widget_content":"a:13:{s:2:\"id\";s:2:\"31\";s:11:\"widget_name\";s:23:\"TenantContactInfoWidget\";s:11:\"widget_type\";s:6:\"update\";s:15:\"widget_location\";s:10:\"footer_job\";s:12:\"widget_order\";s:1:\"4\";s:18:\"widget_title_en_US\";s:10:\"Contact Us\";s:14:\"location_en_US\";s:19:\"Rampura, Dhaka-1208\";s:11:\"phone_en_US\";s:15:\"019981007331111\";s:11:\"email_en_US\";s:23:\"hejynoha@mailinator.com\";s:16:\"widget_title_azb\";s:6:\"\u0641\u0626\u0629\";s:12:\"location_azb\";s:19:\"Rampura, Dhaka-1208\";s:9:\"phone_azb\";s:12:\"+11469162796\";s:9:\"email_azb\";s:23:\"hejynoha@mailinator.com\";}","created_at":"2023-05-21 15:40:11","updated_at":"2023-05-21 15:40:11"},{"id":32,"widget_area":null,"widget_order":1,"widget_location":"footer_knowledgebase","widget_name":"TenantFooterAboutUsWidget","widget_content":"a:12:{s:2:\"id\";s:2:\"32\";s:11:\"widget_name\";s:25:\"TenantFooterAboutUsWidget\";s:11:\"widget_type\";s:6:\"update\";s:15:\"widget_location\";s:20:\"footer_knowledgebase\";s:12:\"widget_order\";s:1:\"1\";s:17:\"description_en_US\";s:152:\"The company quidem rerum facilis est et expedita distinctio. Nam libero tempore, cum soluta nobis est eligendi optio cumque nihil impedit quo minus .ddd\";s:15:\"description_azb\";s:120:\"\u0645\u0633\u0627\u0639\u062f\u0629 \u0627\u0644\u064a\u0648\u0645 \u0645\u0633\u0627\u0639\u062f\u0629 \u0627\u0644\u063a\u062f \u0627\u0644\u062e\u064a\u0631\u064a\u0629\u0645\u0633\u0627\u0639\u062f\u0629 \u0627\u0644\u064a\u0648\u0645 \u0645\u0633\u0627\u0639\u062f\u0629 \u0627\u0644\u063a\u062f \u0627\u0644\u062e\u064a\u0631\u064a\u0629\";s:12:\"facebook_url\";s:1:\"#\";s:13:\"instagram_url\";s:1:\"#\";s:12:\"linkedin_url\";s:1:\"#\";s:11:\"twitter_url\";s:1:\"#\";s:11:\"footer_logo\";s:3:\"235\";}","created_at":"2023-05-21 15:40:11","updated_at":"2023-05-21 15:40:11"},{"id":33,"widget_area":null,"widget_order":2,"widget_location":"footer_knowledgebase","widget_name":"TenantNavigationMenuWidget","widget_content":"a:8:{s:11:\"widget_name\";s:26:\"TenantNavigationMenuWidget\";s:11:\"widget_type\";s:3:\"new\";s:15:\"widget_location\";s:20:\"footer_knowledgebase\";s:12:\"widget_order\";s:1:\"2\";s:18:\"widget_title_en_US\";s:10:\"Navigate e\";s:16:\"widget_title_azb\";s:12:\"\u0627\u0644\u062a\u0646\u0642\u0644\";s:7:\"menu_id\";s:1:\"2\";s:2:\"id\";i:33;}","created_at":"2023-05-21 15:40:11","updated_at":"2023-05-21 15:40:11"},{"id":34,"widget_area":null,"widget_order":5,"widget_location":"footer_knowledgebase","widget_name":"TenantContactInfoWidget","widget_content":"a:13:{s:2:\"id\";s:2:\"34\";s:11:\"widget_name\";s:23:\"TenantContactInfoWidget\";s:11:\"widget_type\";s:6:\"update\";s:15:\"widget_location\";s:20:\"footer_knowledgebase\";s:12:\"widget_order\";s:1:\"3\";s:18:\"widget_title_en_US\";s:10:\"Contact Us\";s:14:\"location_en_US\";s:19:\"Rampura, Dhaka-1208\";s:11:\"phone_en_US\";s:15:\"019981007331111\";s:11:\"email_en_US\";s:23:\"hejynoha@mailinator.com\";s:16:\"widget_title_azb\";s:6:\"\u0641\u0626\u0629\";s:12:\"location_azb\";s:19:\"Rampura, Dhaka-1208\";s:9:\"phone_azb\";s:12:\"+11469162796\";s:9:\"email_azb\";s:23:\"hejynoha@mailinator.com\";}","created_at":"2023-05-21 15:40:11","updated_at":"2023-05-21 15:40:11"},{"id":35,"widget_area":null,"widget_order":7,"widget_location":"footer_knowledgebase","widget_name":"TenantNewsletterSubmitWidget","widget_content":"{\"id\":\"35\",\"widget_name\":\"TenantNewsletterSubmitWidget\",\"widget_type\":\"update\",\"widget_location\":\"footer_knowledgebase\",\"widget_order\":\"4\",\"heading_text_en_US\":\"Subscribe Our Newsletter\",\"description_en_US\":\"This is our site and if you have any query about it, you can open a ticket.\",\"heading_text_azb\":\"\\u0627\\u0634\\u062a\\u0631\\u0643 \\u0641\\u064a \\u0627\\u0644\\u0646\\u0634\\u0631\\u0629 \\u0627\\u0644\\u0625\\u062e\\u0628\\u0627\\u0631\\u064a\\u0629 \\u0644\\u062f\\u064a\\u0646\\u0627\",\"description_azb\":\"\\u0647\\u0630\\u0627 \\u0647\\u0648 \\u0645\\u0648\\u0642\\u0639\\u0646\\u0627 \\u0648\\u0625\\u0630\\u0627 \\u0643\\u0627\\u0646 \\u0644\\u062f\\u064a\\u0643 \\u0623\\u064a \\u0627\\u0633\\u062a\\u0641\\u0633\\u0627\\u0631 \\u0639\\u0646\\u0647 \\u060c \\u064a\\u0645\\u0643\\u0646\\u0643 \\u0641\\u062a\\u062d \\u062a\\u0630\\u0643\\u0631\\u0629.\"}","created_at":"2023-05-21 15:40:11","updated_at":"2023-05-21 15:40:11"},{"id":36,"widget_area":null,"widget_order":1,"widget_location":"footer_ticket","widget_name":"TenantFooterAboutUsWidget","widget_content":"a:12:{s:2:\"id\";s:2:\"36\";s:11:\"widget_name\";s:25:\"TenantFooterAboutUsWidget\";s:11:\"widget_type\";s:6:\"update\";s:15:\"widget_location\";s:13:\"footer_ticket\";s:12:\"widget_order\";s:1:\"1\";s:17:\"description_en_US\";s:152:\"The company quidem rerum facilis est et expedita distinctio. Nam libero tempore, cum soluta nobis est eligendi optio cumque nihil impedit quo minus .ddd\";s:15:\"description_azb\";s:120:\"\u0645\u0633\u0627\u0639\u062f\u0629 \u0627\u0644\u064a\u0648\u0645 \u0645\u0633\u0627\u0639\u062f\u0629 \u0627\u0644\u063a\u062f \u0627\u0644\u062e\u064a\u0631\u064a\u0629\u0645\u0633\u0627\u0639\u062f\u0629 \u0627\u0644\u064a\u0648\u0645 \u0645\u0633\u0627\u0639\u062f\u0629 \u0627\u0644\u063a\u062f \u0627\u0644\u062e\u064a\u0631\u064a\u0629\";s:12:\"facebook_url\";s:1:\"#\";s:13:\"instagram_url\";s:1:\"#\";s:12:\"linkedin_url\";s:1:\"#\";s:11:\"twitter_url\";s:1:\"#\";s:11:\"footer_logo\";s:3:\"236\";}","created_at":"2023-05-21 15:40:11","updated_at":"2023-05-21 15:40:11"},{"id":37,"widget_area":null,"widget_order":2,"widget_location":"footer_ticket","widget_name":"TenantNavigationMenuWidget","widget_content":"a:8:{s:11:\"widget_name\";s:26:\"TenantNavigationMenuWidget\";s:11:\"widget_type\";s:3:\"new\";s:15:\"widget_location\";s:13:\"footer_ticket\";s:12:\"widget_order\";s:1:\"2\";s:18:\"widget_title_en_US\";s:10:\"Navigate e\";s:16:\"widget_title_azb\";s:12:\"\u0627\u0644\u062a\u0646\u0642\u0644\";s:7:\"menu_id\";s:1:\"2\";s:2:\"id\";i:37;}","created_at":"2023-05-21 15:40:11","updated_at":"2023-05-21 15:40:11"},{"id":38,"widget_area":null,"widget_order":4,"widget_location":"footer_ticket","widget_name":"TenantFooterCustomLink","widget_content":"a:8:{s:11:\"widget_name\";s:22:\"TenantFooterCustomLink\";s:11:\"widget_type\";s:3:\"new\";s:15:\"widget_location\";s:13:\"footer_ticket\";s:12:\"widget_order\";s:1:\"3\";s:11:\"title_en_US\";s:11:\"About Ussdf\";s:9:\"title_azb\";s:21:\"\u0645\u0639\u0644\u0648\u0645\u0627\u062a \u0639\u0646\u0627\";s:27:\"custom_link_widget_repeater\";O:8:\"stdClass\":4:{s:20:\"repeater_title_en_US\";a:5:{i:0;s:11:\"Who we care\";i:1;s:11:\"Our misions\";i:2;s:13:\"Super visions\";i:3;s:12:\"Recent sales\";i:4;s:15:\"Recent Projects\";}s:18:\"repeater_url_en_US\";a:5:{i:0;s:1:\"#\";i:1;s:1:\"#\";i:2;s:1:\"#\";i:3;s:1:\"#\";i:4;s:1:\"#\";}s:18:\"repeater_title_azb\";a:5:{i:0;s:20:\"\u0645\u0646 \u0646\u062d\u0646 \u0646\u0647\u062a\u0645\";i:1;s:20:\"\u0645\u0646 \u0646\u062d\u0646 \u0646\u0647\u062a\u0645\";i:2;s:20:\"\u0645\u0646 \u0646\u062d\u0646 \u0646\u0647\u062a\u0645\";i:3;s:20:\"\u0645\u0646 \u0646\u062d\u0646 \u0646\u0647\u062a\u0645\";i:4;s:20:\"\u0645\u0646 \u0646\u062d\u0646 \u0646\u0647\u062a\u0645\";}s:16:\"repeater_url_azb\";a:5:{i:0;s:1:\"#\";i:1;s:1:\"#\";i:2;s:1:\"#\";i:3;s:1:\"#\";i:4;s:1:\"#\";}}s:2:\"id\";i:38;}","created_at":"2023-05-21 15:40:11","updated_at":"2023-05-21 15:40:11"},{"id":39,"widget_area":null,"widget_order":5,"widget_location":"footer_ticket","widget_name":"TenantContactInfoWidget","widget_content":"a:13:{s:2:\"id\";s:2:\"39\";s:11:\"widget_name\";s:23:\"TenantContactInfoWidget\";s:11:\"widget_type\";s:6:\"update\";s:15:\"widget_location\";s:13:\"footer_ticket\";s:12:\"widget_order\";s:1:\"4\";s:18:\"widget_title_en_US\";s:10:\"Contact Us\";s:14:\"location_en_US\";s:19:\"Rampura, Dhaka-1208\";s:11:\"phone_en_US\";s:15:\"019981007331111\";s:11:\"email_en_US\";s:23:\"hejynoha@mailinator.com\";s:16:\"widget_title_azb\";s:6:\"\u0641\u0626\u0629\";s:12:\"location_azb\";s:19:\"Rampura, Dhaka-1208\";s:9:\"phone_azb\";s:12:\"+11469162796\";s:9:\"email_azb\";s:23:\"hejynoha@mailinator.com\";}","created_at":"2023-05-21 15:40:11","updated_at":"2023-05-21 15:40:11"},{"id":40,"widget_area":null,"widget_order":1,"widget_location":"footer_eCommerce","widget_name":"TenantFooterAboutUsWidget","widget_content":"a:12:{s:2:\"id\";s:2:\"40\";s:11:\"widget_name\";s:25:\"TenantFooterAboutUsWidget\";s:11:\"widget_type\";s:6:\"update\";s:15:\"widget_location\";s:16:\"footer_eCommerce\";s:12:\"widget_order\";s:1:\"1\";s:17:\"description_en_US\";s:152:\"The company quidem rerum facilis est et expedita distinctio. Nam libero tempore, cum soluta nobis est eligendi optio cumque nihil impedit quo minus .ddd\";s:15:\"description_azb\";s:120:\"\u0645\u0633\u0627\u0639\u062f\u0629 \u0627\u0644\u064a\u0648\u0645 \u0645\u0633\u0627\u0639\u062f\u0629 \u0627\u0644\u063a\u062f \u0627\u0644\u062e\u064a\u0631\u064a\u0629\u0645\u0633\u0627\u0639\u062f\u0629 \u0627\u0644\u064a\u0648\u0645 \u0645\u0633\u0627\u0639\u062f\u0629 \u0627\u0644\u063a\u062f \u0627\u0644\u062e\u064a\u0631\u064a\u0629\";s:12:\"facebook_url\";s:1:\"#\";s:13:\"instagram_url\";s:1:\"#\";s:12:\"linkedin_url\";s:1:\"#\";s:11:\"twitter_url\";s:1:\"#\";s:11:\"footer_logo\";s:3:\"238\";}","created_at":"2023-05-21 15:40:11","updated_at":"2023-05-21 15:40:11"},{"id":41,"widget_area":null,"widget_order":2,"widget_location":"footer_eCommerce","widget_name":"TenantFooterCustomLink","widget_content":"a:8:{s:2:\"id\";s:2:\"41\";s:11:\"widget_name\";s:22:\"TenantFooterCustomLink\";s:11:\"widget_type\";s:6:\"update\";s:15:\"widget_location\";s:16:\"footer_eCommerce\";s:12:\"widget_order\";s:1:\"2\";s:11:\"title_en_US\";s:11:\"About Ussdf\";s:9:\"title_azb\";s:21:\"\u0645\u0639\u0644\u0648\u0645\u0627\u062a \u0639\u0646\u0627\";s:27:\"custom_link_widget_repeater\";O:8:\"stdClass\":4:{s:20:\"repeater_title_en_US\";a:4:{i:0;s:7:\"Product\";i:1;s:8:\"Category\";i:2;s:14:\"Privacy Policy\";i:3;s:10:\"Conditions\";}s:18:\"repeater_url_en_US\";a:4:{i:0;s:1:\"#\";i:1;s:1:\"#\";i:2;s:1:\"#\";i:3;s:1:\"#\";}s:18:\"repeater_title_azb\";a:4:{i:0;s:21:\"\u0631\u0648\u0627\u0628\u0637 \u0645\u0641\u064a\u062f\u0629\";i:1;s:21:\"\u0631\u0648\u0627\u0628\u0637 \u0645\u0641\u064a\u062f\u0629\";i:2;s:21:\"\u0631\u0648\u0627\u0628\u0637 \u0645\u0641\u064a\u062f\u0629\";i:3;s:21:\"\u0631\u0648\u0627\u0628\u0637 \u0645\u0641\u064a\u062f\u0629\";}s:16:\"repeater_url_azb\";a:4:{i:0;s:1:\"#\";i:1;s:1:\"#\";i:2;s:1:\"#\";i:3;s:1:\"#\";}}}","created_at":"2023-05-21 15:40:11","updated_at":"2023-05-21 15:40:11"},{"id":42,"widget_area":null,"widget_order":3,"widget_location":"footer_eCommerce","widget_name":"TenantFooterCustomLink","widget_content":"a:8:{s:2:\"id\";s:2:\"42\";s:11:\"widget_name\";s:22:\"TenantFooterCustomLink\";s:11:\"widget_type\";s:6:\"update\";s:15:\"widget_location\";s:16:\"footer_eCommerce\";s:12:\"widget_order\";s:1:\"3\";s:11:\"title_en_US\";s:11:\"About Ussdf\";s:9:\"title_azb\";s:21:\"\u0645\u0639\u0644\u0648\u0645\u0627\u062a \u0639\u0646\u0627\";s:27:\"custom_link_widget_repeater\";O:8:\"stdClass\":4:{s:20:\"repeater_title_en_US\";a:4:{i:0;s:8:\"Wishlist\";i:1;s:7:\"My Cart\";i:2;s:7:\"Compare\";i:3;s:4:\"Shop\";}s:18:\"repeater_url_en_US\";a:4:{i:0;s:1:\"#\";i:1;s:1:\"#\";i:2;s:1:\"#\";i:3;s:1:\"#\";}s:18:\"repeater_title_azb\";a:4:{i:0;s:21:\"\u0631\u0648\u0627\u0628\u0637 \u0645\u0641\u064a\u062f\u0629\";i:1;s:21:\"\u0631\u0648\u0627\u0628\u0637 \u0645\u0641\u064a\u062f\u0629\";i:2;s:21:\"\u0631\u0648\u0627\u0628\u0637 \u0645\u0641\u064a\u062f\u0629\";i:3;s:21:\"\u0631\u0648\u0627\u0628\u0637 \u0645\u0641\u064a\u062f\u0629\";}s:16:\"repeater_url_azb\";a:4:{i:0;s:1:\"#\";i:1;s:1:\"#\";i:2;s:1:\"#\";i:3;s:1:\"#\";}}}","created_at":"2023-05-21 15:40:11","updated_at":"2023-05-21 15:40:11"},{"id":43,"widget_area":null,"widget_order":4,"widget_location":"footer_eCommerce","widget_name":"TenantContactInfoWidget","widget_content":"a:13:{s:11:\"widget_name\";s:23:\"TenantContactInfoWidget\";s:11:\"widget_type\";s:3:\"new\";s:15:\"widget_location\";s:16:\"footer_eCommerce\";s:12:\"widget_order\";s:1:\"4\";s:18:\"widget_title_en_US\";s:10:\"Contact Us\";s:14:\"location_en_US\";s:19:\"Rampura, Dhaka-1208\";s:11:\"phone_en_US\";s:15:\"019981007331111\";s:11:\"email_en_US\";s:23:\"hejynoha@mailinator.com\";s:16:\"widget_title_azb\";s:6:\"\u0641\u0626\u0629\";s:12:\"location_azb\";s:19:\"Rampura, Dhaka-1208\";s:9:\"phone_azb\";s:12:\"+11469162796\";s:9:\"email_azb\";s:23:\"hejynoha@mailinator.com\";s:2:\"id\";i:43;}","created_at":"2023-05-21 15:40:11","updated_at":"2023-05-21 15:40:11"},{"id":44,"widget_area":null,"widget_order":1,"widget_location":"footer_agency","widget_name":"TenantFooterAboutUsWidget","widget_content":"a:12:{s:2:\"id\";s:2:\"44\";s:11:\"widget_name\";s:25:\"TenantFooterAboutUsWidget\";s:11:\"widget_type\";s:6:\"update\";s:15:\"widget_location\";s:13:\"footer_agency\";s:12:\"widget_order\";s:1:\"1\";s:17:\"description_en_US\";s:152:\"The company quidem rerum facilis est et expedita distinctio. Nam libero tempore, cum soluta nobis est eligendi optio cumque nihil impedit quo minus .ddd\";s:15:\"description_azb\";s:120:\"\u0645\u0633\u0627\u0639\u062f\u0629 \u0627\u0644\u064a\u0648\u0645 \u0645\u0633\u0627\u0639\u062f\u0629 \u0627\u0644\u063a\u062f \u0627\u0644\u062e\u064a\u0631\u064a\u0629\u0645\u0633\u0627\u0639\u062f\u0629 \u0627\u0644\u064a\u0648\u0645 \u0645\u0633\u0627\u0639\u062f\u0629 \u0627\u0644\u063a\u062f \u0627\u0644\u062e\u064a\u0631\u064a\u0629\";s:12:\"facebook_url\";s:1:\"#\";s:13:\"instagram_url\";s:1:\"#\";s:12:\"linkedin_url\";s:1:\"#\";s:11:\"twitter_url\";s:1:\"#\";s:11:\"footer_logo\";s:3:\"311\";}","created_at":"2023-05-21 15:40:11","updated_at":"2023-05-21 15:40:11"},{"id":45,"widget_area":null,"widget_order":2,"widget_location":"footer_agency","widget_name":"TenantFooterCustomLink","widget_content":"a:8:{s:11:\"widget_name\";s:22:\"TenantFooterCustomLink\";s:11:\"widget_type\";s:3:\"new\";s:15:\"widget_location\";s:13:\"footer_agency\";s:12:\"widget_order\";s:1:\"2\";s:11:\"title_en_US\";s:11:\"About Ussdf\";s:9:\"title_azb\";s:21:\"\u0645\u0639\u0644\u0648\u0645\u0627\u062a \u0639\u0646\u0627\";s:27:\"custom_link_widget_repeater\";O:8:\"stdClass\":4:{s:20:\"repeater_title_en_US\";a:4:{i:0;s:12:\"How it works\";i:1;s:7:\"Service\";i:2;s:13:\"Our Portfolio\";i:3;s:8:\"Our Blog\";}s:18:\"repeater_url_en_US\";a:4:{i:0;s:1:\"#\";i:1;s:1:\"#\";i:2;s:1:\"#\";i:3;s:1:\"#\";}s:18:\"repeater_title_azb\";a:4:{i:0;s:21:\"\u0631\u0648\u0627\u0628\u0637 \u0645\u0641\u064a\u062f\u0629\";i:1;s:21:\"\u0631\u0648\u0627\u0628\u0637 \u0645\u0641\u064a\u062f\u0629\";i:2;s:21:\"\u0631\u0648\u0627\u0628\u0637 \u0645\u0641\u064a\u062f\u0629\";i:3;s:21:\"\u0631\u0648\u0627\u0628\u0637 \u0645\u0641\u064a\u062f\u0629\";}s:16:\"repeater_url_azb\";a:4:{i:0;s:1:\"#\";i:1;s:1:\"#\";i:2;s:1:\"#\";i:3;s:1:\"#\";}}s:2:\"id\";i:45;}","created_at":"2023-05-21 15:40:11","updated_at":"2023-05-21 15:40:11"},{"id":46,"widget_area":null,"widget_order":3,"widget_location":"footer_agency","widget_name":"TenantFooterCustomLink","widget_content":"a:8:{s:2:\"id\";s:2:\"46\";s:11:\"widget_name\";s:22:\"TenantFooterCustomLink\";s:11:\"widget_type\";s:6:\"update\";s:15:\"widget_location\";s:13:\"footer_agency\";s:12:\"widget_order\";s:1:\"3\";s:11:\"title_en_US\";s:11:\"About Ussdf\";s:9:\"title_azb\";s:21:\"\u0645\u0639\u0644\u0648\u0645\u0627\u062a \u0639\u0646\u0627\";s:27:\"custom_link_widget_repeater\";O:8:\"stdClass\":4:{s:20:\"repeater_title_en_US\";a:4:{i:0;s:10:\"Who we are\";i:1;s:10:\"Contact Us\";i:2;s:14:\"Our activities\";i:3;s:14:\"Privacy Policy\";}s:18:\"repeater_url_en_US\";a:4:{i:0;s:1:\"#\";i:1;s:1:\"#\";i:2;s:1:\"#\";i:3;s:1:\"#\";}s:18:\"repeater_title_azb\";a:4:{i:0;s:21:\"\u0631\u0648\u0627\u0628\u0637 \u0645\u0641\u064a\u062f\u0629\";i:1;s:21:\"\u0631\u0648\u0627\u0628\u0637 \u0645\u0641\u064a\u062f\u0629\";i:2;s:21:\"\u0631\u0648\u0627\u0628\u0637 \u0645\u0641\u064a\u062f\u0629\";i:3;s:21:\"\u0631\u0648\u0627\u0628\u0637 \u0645\u0641\u064a\u062f\u0629\";}s:16:\"repeater_url_azb\";a:4:{i:0;s:1:\"#\";i:1;s:1:\"#\";i:2;s:1:\"#\";i:3;s:1:\"#\";}}}","created_at":"2023-05-21 15:40:11","updated_at":"2023-05-21 15:40:11"},{"id":47,"widget_area":null,"widget_order":4,"widget_location":"footer_agency","widget_name":"TenantContactInfoWidget","widget_content":"a:13:{s:11:\"widget_name\";s:23:\"TenantContactInfoWidget\";s:11:\"widget_type\";s:3:\"new\";s:15:\"widget_location\";s:13:\"footer_agency\";s:12:\"widget_order\";s:1:\"4\";s:18:\"widget_title_en_US\";s:10:\"Contact Us\";s:14:\"location_en_US\";s:19:\"Rampura, Dhaka-1208\";s:11:\"phone_en_US\";s:15:\"019981007331111\";s:11:\"email_en_US\";s:23:\"hejynoha@mailinator.com\";s:16:\"widget_title_azb\";s:12:\"\u0641\u0626\u0629\u0641\u0626\u0629\";s:12:\"location_azb\";s:19:\"Rampura, Dhaka-1208\";s:9:\"phone_azb\";s:12:\"+11469162796\";s:9:\"email_azb\";s:23:\"hejynoha@mailinator.com\";s:2:\"id\";i:47;}","created_at":"2023-05-21 15:40:11","updated_at":"2023-05-21 15:40:11"},{"id":50,"widget_area":null,"widget_order":1,"widget_location":"newspaper_sidebar","widget_name":"TenantSocialMediaOne","widget_content":"{\"id\":\"50\",\"widget_name\":\"TenantSocialMediaOne\",\"widget_type\":\"update\",\"widget_location\":\"newspaper_sidebar\",\"widget_order\":\"1\",\"newspaper_social_one_repeater\":{\"repeater_title_en_US\":[\"Followers\",\"Followers\",\"Followers\",\"Followers\",\"Followers\",\"Followers\",\"Followers\",\"Followers\",\"Followers\",\"Followers\"],\"repeater_url_en_US\":[\"#\",\"#\",\"#\",\"#\",\"#\",\"#\",\"#\",\"#\",\"#\",\"#\"],\"repeater_number_en_US\":[\"1500\",\"1500\",\"1500\",\"1500\",\"1500\",\"1500\",\"1500\",\"1500\",\"1500\",\"1500\"],\"repeater_title_azb\":[\"\\u0645\\u062a\\u0627\\u0628\\u0639\\u0648\\u0646\",\"\\u0645\\u062a\\u0627\\u0628\\u0639\\u0648\\u0646\",\"\\u0645\\u062a\\u0627\\u0628\\u0639\\u0648\\u0646\",\"\\u0645\\u062a\\u0627\\u0628\\u0639\\u0648\\u0646\",\"\\u0645\\u062a\\u0627\\u0628\\u0639\\u0648\\u0646\",\"\\u0645\\u062a\\u0627\\u0628\\u0639\\u0648\\u0646\",\"\\u0645\\u062a\\u0627\\u0628\\u0639\\u0648\\u0646\",\"\\u0645\\u062a\\u0627\\u0628\\u0639\\u0648\\u0646\",\"\\u0645\\u062a\\u0627\\u0628\\u0639\\u0648\\u0646\",\"\\u0645\\u062a\\u0627\\u0628\\u0639\\u0648\\u0646\"],\"repeater_url_azb\":[\"#\",\"#\",\"#\",\"#\",\"#\",\"#\",\"#\",\"#\",\"#\",\"#\"],\"repeater_number_azb\":[\"1500\",\"1500\",\"1500\",\"1500\",\"1500\",\"1500\",\"1500\",\"1500\",\"1500\",\"1500\"]}}","created_at":"2023-05-21 15:40:11","updated_at":"2023-05-21 15:40:11"},{"id":51,"widget_area":null,"widget_order":2,"widget_location":"newspaper_sidebar","widget_name":"Advertise","widget_content":"{\"id\":\"51\",\"widget_name\":\"Advertise\",\"widget_type\":\"update\",\"widget_location\":\"newspaper_sidebar\",\"widget_order\":\"2\",\"advertisement\":\"13\"}","created_at":"2023-05-21 15:40:11","updated_at":"2023-05-21 15:40:11"},{"id":52,"widget_area":null,"widget_order":1,"widget_location":"newspaper_sidebar_two","widget_name":"TenantNewsNewsletterWidget","widget_content":"{\"id\":\"52\",\"widget_name\":\"TenantNewsNewsletterWidget\",\"widget_type\":\"update\",\"widget_location\":\"newspaper_sidebar_two\",\"widget_order\":\"1\",\"heading_text_en_US\":\"Latest Updates\",\"button_text_en_US\":\"Subscribe\",\"heading_text_azb\":\"\\u0622\\u062e\\u0631 \\u0627\\u0644\\u062a\\u062d\\u062f\\u064a\\u062b\\u0627\\u062a\",\"button_text_azb\":\"\\u0627\\u0644\\u0625\\u0634\\u062a\\u0631\\u0627\\u0643\"}","created_at":"2023-05-21 15:40:11","updated_at":"2023-05-21 15:40:11"},{"id":53,"widget_area":null,"widget_order":2,"widget_location":"newspaper_sidebar_two","widget_name":"TenantNewsCategoryWidget","widget_content":"{\"id\":\"53\",\"widget_name\":\"TenantNewsCategoryWidget\",\"widget_type\":\"update\",\"widget_location\":\"newspaper_sidebar_two\",\"widget_order\":\"2\",\"widget_title_en_US\":\"Categories\",\"widget_title_azb\":\"\\u0641\\u0626\\u0629\",\"category_items\":\"8\"}","created_at":"2023-05-21 15:40:11","updated_at":"2023-05-21 15:40:11"},{"id":54,"widget_area":null,"widget_order":1,"widget_location":"newspaper_footer","widget_name":"TenantFooterAboutUsWidget","widget_content":"a:12:{s:2:\"id\";s:2:\"54\";s:11:\"widget_name\";s:25:\"TenantFooterAboutUsWidget\";s:11:\"widget_type\";s:6:\"update\";s:15:\"widget_location\";s:16:\"newspaper_footer\";s:12:\"widget_order\";s:1:\"1\";s:17:\"description_en_US\";s:152:\"The company quidem rerum facilis est et expedita distinctio. Nam libero tempore, cum soluta nobis est eligendi optio cumque nihil impedit quo minus .ddd\";s:15:\"description_azb\";s:120:\"\u0645\u0633\u0627\u0639\u062f\u0629 \u0627\u0644\u064a\u0648\u0645 \u0645\u0633\u0627\u0639\u062f\u0629 \u0627\u0644\u063a\u062f \u0627\u0644\u062e\u064a\u0631\u064a\u0629\u0645\u0633\u0627\u0639\u062f\u0629 \u0627\u0644\u064a\u0648\u0645 \u0645\u0633\u0627\u0639\u062f\u0629 \u0627\u0644\u063a\u062f \u0627\u0644\u062e\u064a\u0631\u064a\u0629\";s:12:\"facebook_url\";s:1:\"#\";s:13:\"instagram_url\";s:1:\"#\";s:12:\"linkedin_url\";s:1:\"#\";s:11:\"twitter_url\";s:1:\"#\";s:11:\"footer_logo\";s:3:\"337\";}","created_at":"2023-05-21 15:40:11","updated_at":"2023-05-21 15:40:11"},{"id":56,"widget_area":null,"widget_order":2,"widget_location":"newspaper_footer","widget_name":"TenantPopularNewsWidget","widget_content":"{\"widget_name\":\"TenantPopularNewsWidget\",\"widget_type\":\"new\",\"widget_location\":\"newspaper_footer\",\"widget_order\":\"2\",\"heading_text_en_US\":\"Popular\",\"heading_text_azb\":\"\\u062c\\u0645\\u0639\",\"blog_items\":\"2\"}","created_at":"2023-05-21 15:40:11","updated_at":"2023-05-21 15:40:11"},{"id":57,"widget_area":null,"widget_order":3,"widget_location":"newspaper_footer","widget_name":"TenantFooterCustomLink","widget_content":"a:8:{s:2:\"id\";s:2:\"57\";s:11:\"widget_name\";s:22:\"TenantFooterCustomLink\";s:11:\"widget_type\";s:6:\"update\";s:15:\"widget_location\";s:16:\"newspaper_footer\";s:12:\"widget_order\";s:1:\"3\";s:11:\"title_en_US\";s:11:\"About Ussdf\";s:9:\"title_azb\";s:21:\"\u0645\u0639\u0644\u0648\u0645\u0627\u062a \u0639\u0646\u0627\";s:27:\"custom_link_widget_repeater\";O:8:\"stdClass\":4:{s:20:\"repeater_title_en_US\";a:5:{i:0;s:10:\"Who we are\";i:1;s:14:\"Our activities\";i:2;s:10:\"Contact us\";i:3;s:14:\"Privacy policy\";i:4;s:18:\"Terms & Conditions\";}s:18:\"repeater_url_en_US\";a:5:{i:0;s:1:\"#\";i:1;s:1:\"#\";i:2;s:1:\"#\";i:3;s:1:\"#\";i:4;s:1:\"#\";}s:18:\"repeater_title_azb\";a:5:{i:0;s:21:\"\u0631\u0648\u0627\u0628\u0637 \u0645\u0641\u064a\u062f\u0629\";i:1;s:21:\"\u0631\u0648\u0627\u0628\u0637 \u0645\u0641\u064a\u062f\u0629\";i:2;s:21:\"\u0631\u0648\u0627\u0628\u0637 \u0645\u0641\u064a\u062f\u0629\";i:3;s:21:\"\u0631\u0648\u0627\u0628\u0637 \u0645\u0641\u064a\u062f\u0629\";i:4;s:21:\"\u0631\u0648\u0627\u0628\u0637 \u0645\u0641\u064a\u062f\u0629\";}s:16:\"repeater_url_azb\";a:5:{i:0;N;i:1;N;i:2;N;i:3;N;i:4;N;}}}","created_at":"2023-05-21 15:40:11","updated_at":"2023-05-21 15:40:11"},{"id":58,"widget_area":null,"widget_order":4,"widget_location":"newspaper_footer","widget_name":"TenantContactInfoWidget","widget_content":"a:13:{s:2:\"id\";s:2:\"58\";s:11:\"widget_name\";s:23:\"TenantContactInfoWidget\";s:11:\"widget_type\";s:6:\"update\";s:15:\"widget_location\";s:16:\"newspaper_footer\";s:12:\"widget_order\";s:1:\"4\";s:18:\"widget_title_en_US\";s:10:\"Contact Us\";s:14:\"location_en_US\";s:19:\"Rampura, Dhaka-1208\";s:11:\"phone_en_US\";s:15:\"019981007331111\";s:11:\"email_en_US\";s:23:\"hejynoha@mailinator.com\";s:16:\"widget_title_azb\";s:6:\"\u0641\u0626\u0629\";s:12:\"location_azb\";s:19:\"Rampura, Dhaka-1208\";s:9:\"phone_azb\";s:12:\"+11469162796\";s:9:\"email_azb\";s:23:\"hejynoha@mailinator.com\";}","created_at":"2023-05-21 15:40:11","updated_at":"2023-05-21 15:40:11"},{"id":59,"widget_area":null,"widget_order":1,"widget_location":"construction_footer","widget_name":"TenantFooterAboutUsWidget","widget_content":"a:12:{s:2:\"id\";s:2:\"59\";s:11:\"widget_name\";s:25:\"TenantFooterAboutUsWidget\";s:11:\"widget_type\";s:6:\"update\";s:15:\"widget_location\";s:19:\"construction_footer\";s:12:\"widget_order\";s:1:\"1\";s:17:\"description_en_US\";s:152:\"The company quidem rerum facilis est et expedita distinctio. Nam libero tempore, cum soluta nobis est eligendi optio cumque nihil impedit quo minus .ddd\";s:15:\"description_azb\";s:120:\"\u0645\u0633\u0627\u0639\u062f\u0629 \u0627\u0644\u064a\u0648\u0645 \u0645\u0633\u0627\u0639\u062f\u0629 \u0627\u0644\u063a\u062f \u0627\u0644\u062e\u064a\u0631\u064a\u0629\u0645\u0633\u0627\u0639\u062f\u0629 \u0627\u0644\u064a\u0648\u0645 \u0645\u0633\u0627\u0639\u062f\u0629 \u0627\u0644\u063a\u062f \u0627\u0644\u062e\u064a\u0631\u064a\u0629\";s:12:\"facebook_url\";s:1:\"#\";s:13:\"instagram_url\";s:1:\"#\";s:12:\"linkedin_url\";s:1:\"#\";s:11:\"twitter_url\";s:1:\"#\";s:11:\"footer_logo\";s:3:\"356\";}","created_at":"2023-05-21 15:40:11","updated_at":"2023-05-21 15:40:11"},{"id":60,"widget_area":null,"widget_order":2,"widget_location":"construction_footer","widget_name":"TenantFooterCustomLink","widget_content":"a:8:{s:2:\"id\";s:2:\"60\";s:11:\"widget_name\";s:22:\"TenantFooterCustomLink\";s:11:\"widget_type\";s:6:\"update\";s:15:\"widget_location\";s:19:\"construction_footer\";s:12:\"widget_order\";s:1:\"2\";s:11:\"title_en_US\";s:11:\"About Ussdf\";s:9:\"title_azb\";s:21:\"\u0645\u0639\u0644\u0648\u0645\u0627\u062a \u0639\u0646\u0627\";s:27:\"custom_link_widget_repeater\";O:8:\"stdClass\":4:{s:20:\"repeater_title_en_US\";a:4:{i:0;s:7:\"Company\";i:1;s:6:\"Career\";i:2;s:4:\"Team\";i:3;s:4:\"Blog\";}s:18:\"repeater_url_en_US\";a:4:{i:0;s:1:\"#\";i:1;s:1:\"#\";i:2;s:1:\"#\";i:3;s:1:\"#\";}s:18:\"repeater_title_azb\";a:4:{i:0;s:21:\"\u0631\u0648\u0627\u0628\u0637 \u0645\u0641\u064a\u062f\u0629\";i:1;s:21:\"\u0631\u0648\u0627\u0628\u0637 \u0645\u0641\u064a\u062f\u0629\";i:2;s:21:\"\u0631\u0648\u0627\u0628\u0637 \u0645\u0641\u064a\u062f\u0629\";i:3;s:21:\"\u0631\u0648\u0627\u0628\u0637 \u0645\u0641\u064a\u062f\u0629\";}s:16:\"repeater_url_azb\";a:4:{i:0;s:1:\"#\";i:1;s:1:\"#\";i:2;s:1:\"#\";i:3;s:1:\"#\";}}}","created_at":"2023-05-21 15:40:11","updated_at":"2023-05-21 15:40:11"},{"id":61,"widget_area":null,"widget_order":3,"widget_location":"construction_footer","widget_name":"TenantFooterCustomLink","widget_content":"a:8:{s:2:\"id\";s:2:\"61\";s:11:\"widget_name\";s:22:\"TenantFooterCustomLink\";s:11:\"widget_type\";s:6:\"update\";s:15:\"widget_location\";s:19:\"construction_footer\";s:12:\"widget_order\";s:1:\"3\";s:11:\"title_en_US\";s:11:\"About Ussdf\";s:9:\"title_azb\";s:21:\"\u0645\u0639\u0644\u0648\u0645\u0627\u062a \u0639\u0646\u0627\";s:27:\"custom_link_widget_repeater\";O:8:\"stdClass\":4:{s:20:\"repeater_title_en_US\";a:4:{i:0;s:11:\"Help Center\";i:1;s:8:\"Faq Data\";i:2;s:14:\"Privacy Policy\";i:3;s:17:\"Terms & Condition\";}s:18:\"repeater_url_en_US\";a:4:{i:0;s:1:\"#\";i:1;s:1:\"#\";i:2;s:1:\"#\";i:3;s:1:\"#\";}s:18:\"repeater_title_azb\";a:4:{i:0;s:21:\"\u0631\u0648\u0627\u0628\u0637 \u0645\u0641\u064a\u062f\u0629\";i:1;s:21:\"\u0631\u0648\u0627\u0628\u0637 \u0645\u0641\u064a\u062f\u0629\";i:2;s:21:\"\u0631\u0648\u0627\u0628\u0637 \u0645\u0641\u064a\u062f\u0629\";i:3;s:21:\"\u0631\u0648\u0627\u0628\u0637 \u0645\u0641\u064a\u062f\u0629\";}s:16:\"repeater_url_azb\";a:4:{i:0;s:1:\"#\";i:1;s:1:\"#\";i:2;s:1:\"#\";i:3;s:1:\"#\";}}}","created_at":"2023-05-21 15:40:11","updated_at":"2023-05-21 15:40:11"},{"id":62,"widget_area":null,"widget_order":4,"widget_location":"construction_footer","widget_name":"TenantContactInfoWidget","widget_content":"a:13:{s:2:\"id\";s:2:\"62\";s:11:\"widget_name\";s:23:\"TenantContactInfoWidget\";s:11:\"widget_type\";s:6:\"update\";s:15:\"widget_location\";s:19:\"construction_footer\";s:12:\"widget_order\";s:1:\"4\";s:18:\"widget_title_en_US\";s:10:\"Contact Us\";s:14:\"location_en_US\";s:19:\"Rampura, Dhaka-1208\";s:11:\"phone_en_US\";s:15:\"019981007331111\";s:11:\"email_en_US\";s:23:\"hejynoha@mailinator.com\";s:16:\"widget_title_azb\";s:6:\"\u0641\u0626\u0629\";s:12:\"location_azb\";s:19:\"Rampura, Dhaka-1208\";s:9:\"phone_azb\";s:12:\"+11469162796\";s:9:\"email_azb\";s:23:\"hejynoha@mailinator.com\";}","created_at":"2023-05-21 15:40:11","updated_at":"2023-05-21 15:40:11"},{"id":63,"widget_area":null,"widget_order":4,"widget_location":"consultancy_footer","widget_name":"TenantContactInfoWidget","widget_content":"a:13:{s:2:\"id\";s:2:\"63\";s:11:\"widget_name\";s:23:\"TenantContactInfoWidget\";s:11:\"widget_type\";s:6:\"update\";s:15:\"widget_location\";s:18:\"consultancy_footer\";s:12:\"widget_order\";s:1:\"4\";s:18:\"widget_title_en_US\";s:10:\"Contact Us\";s:14:\"location_en_US\";s:19:\"Rampura, Dhaka-1208\";s:11:\"phone_en_US\";s:15:\"019981007331111\";s:11:\"email_en_US\";s:23:\"hejynoha@mailinator.com\";s:16:\"widget_title_azb\";s:13:\"\u0641\u0626 \u0629\u0641\u0626\u0629\";s:12:\"location_azb\";s:19:\"Rampura, Dhaka-1208\";s:9:\"phone_azb\";s:12:\"+11469162796\";s:9:\"email_azb\";s:23:\"hejynoha@mailinator.com\";}","created_at":"2023-05-21 15:40:11","updated_at":"2023-05-21 15:40:11"},{"id":64,"widget_area":null,"widget_order":1,"widget_location":"consultancy_footer","widget_name":"TenantFooterAboutUsWidget","widget_content":"a:12:{s:2:\"id\";s:2:\"64\";s:11:\"widget_name\";s:25:\"TenantFooterAboutUsWidget\";s:11:\"widget_type\";s:6:\"update\";s:15:\"widget_location\";s:18:\"consultancy_footer\";s:12:\"widget_order\";s:1:\"1\";s:17:\"description_en_US\";s:152:\"The company quidem rerum facilis est et expedita distinctio. Nam libero tempore, cum soluta nobis est eligendi optio cumque nihil impedit quo minus .ddd\";s:15:\"description_azb\";s:120:\"\u0645\u0633\u0627\u0639\u062f\u0629 \u0627\u0644\u064a\u0648\u0645 \u0645\u0633\u0627\u0639\u062f\u0629 \u0627\u0644\u063a\u062f \u0627\u0644\u062e\u064a\u0631\u064a\u0629\u0645\u0633\u0627\u0639\u062f\u0629 \u0627\u0644\u064a\u0648\u0645 \u0645\u0633\u0627\u0639\u062f\u0629 \u0627\u0644\u063a\u062f \u0627\u0644\u062e\u064a\u0631\u064a\u0629\";s:12:\"facebook_url\";s:1:\"#\";s:13:\"instagram_url\";s:1:\"#\";s:12:\"linkedin_url\";s:1:\"#\";s:11:\"twitter_url\";s:1:\"#\";s:11:\"footer_logo\";s:3:\"386\";}","created_at":"2023-05-21 15:40:11","updated_at":"2023-05-21 15:40:11"},{"id":65,"widget_area":null,"widget_order":2,"widget_location":"consultancy_footer","widget_name":"TenantFooterCustomLink","widget_content":"a:8:{s:11:\"widget_name\";s:22:\"TenantFooterCustomLink\";s:11:\"widget_type\";s:3:\"new\";s:15:\"widget_location\";s:18:\"consultancy_footer\";s:12:\"widget_order\";s:1:\"2\";s:11:\"title_en_US\";s:11:\"About Ussdf\";s:9:\"title_azb\";s:21:\"\u0645\u0639\u0644\u0648\u0645\u0627\u062a \u0639\u0646\u0627\";s:27:\"custom_link_widget_repeater\";O:8:\"stdClass\":4:{s:20:\"repeater_title_en_US\";a:4:{i:0;s:7:\"Company\";i:1;s:6:\"Career\";i:2;s:4:\"Team\";i:3;s:4:\"Blog\";}s:18:\"repeater_url_en_US\";a:4:{i:0;s:1:\"#\";i:1;s:1:\"#\";i:2;s:1:\"#\";i:3;s:1:\"#\";}s:18:\"repeater_title_azb\";a:4:{i:0;s:21:\"\u0631\u0648\u0627\u0628\u0637 \u0645\u0641\u064a\u062f\u0629\";i:1;s:21:\"\u0631\u0648\u0627\u0628\u0637 \u0645\u0641\u064a\u062f\u0629\";i:2;s:21:\"\u0631\u0648\u0627\u0628\u0637 \u0645\u0641\u064a\u062f\u0629\";i:3;s:21:\"\u0631\u0648\u0627\u0628\u0637 \u0645\u0641\u064a\u062f\u0629\";}s:16:\"repeater_url_azb\";a:4:{i:0;s:1:\"#\";i:1;s:1:\"#\";i:2;s:1:\"#\";i:3;s:1:\"#\";}}s:2:\"id\";i:65;}","created_at":"2023-05-21 15:40:11","updated_at":"2023-05-21 15:40:11"},{"id":66,"widget_area":null,"widget_order":3,"widget_location":"consultancy_footer","widget_name":"TenantFooterCustomLink","widget_content":"a:8:{s:11:\"widget_name\";s:22:\"TenantFooterCustomLink\";s:11:\"widget_type\";s:3:\"new\";s:15:\"widget_location\";s:18:\"consultancy_footer\";s:12:\"widget_order\";s:1:\"3\";s:11:\"title_en_US\";s:11:\"About Ussdf\";s:9:\"title_azb\";s:21:\"\u0645\u0639\u0644\u0648\u0645\u0627\u062a \u0639\u0646\u0627\";s:27:\"custom_link_widget_repeater\";O:8:\"stdClass\":4:{s:20:\"repeater_title_en_US\";a:4:{i:0;s:11:\"Help Center\";i:1;s:3:\"Faq\";i:2;s:14:\"Privacy Policy\";i:3;s:15:\"Terms & Support\";}s:18:\"repeater_url_en_US\";a:4:{i:0;s:1:\"#\";i:1;s:1:\"#\";i:2;s:1:\"#\";i:3;s:1:\"#\";}s:18:\"repeater_title_azb\";a:4:{i:0;s:21:\"\u0631\u0648\u0627\u0628\u0637 \u0645\u0641\u064a\u062f\u0629\";i:1;s:21:\"\u0631\u0648\u0627\u0628\u0637 \u0645\u0641\u064a\u062f\u0629\";i:2;s:21:\"\u0631\u0648\u0627\u0628\u0637 \u0645\u0641\u064a\u062f\u0629\";i:3;s:21:\"\u0631\u0648\u0627\u0628\u0637 \u0645\u0641\u064a\u062f\u0629\";}s:16:\"repeater_url_azb\";a:4:{i:0;s:1:\"#\";i:1;s:1:\"#\";i:2;s:1:\"#\";i:3;s:1:\"#\";}}s:2:\"id\";i:66;}","created_at":"2023-05-21 15:40:11","updated_at":"2023-05-21 15:40:11"},{"id":67,"widget_area":null,"widget_order":1,"widget_location":"wedding_footer","widget_name":"TenantFooterAboutUsWidget","widget_content":"a:12:{s:2:\"id\";s:2:\"67\";s:11:\"widget_name\";s:25:\"TenantFooterAboutUsWidget\";s:11:\"widget_type\";s:6:\"update\";s:15:\"widget_location\";s:14:\"wedding_footer\";s:12:\"widget_order\";s:1:\"1\";s:17:\"description_en_US\";s:152:\"The company quidem rerum facilis est et expedita distinctio. Nam libero tempore, cum soluta nobis est eligendi optio cumque nihil impedit quo minus .ddd\";s:15:\"description_azb\";s:120:\"\u0645\u0633\u0627\u0639\u062f\u0629 \u0627\u0644\u064a\u0648\u0645 \u0645\u0633\u0627\u0639\u062f\u0629 \u0627\u0644\u063a\u062f \u0627\u0644\u062e\u064a\u0631\u064a\u0629\u0645\u0633\u0627\u0639\u062f\u0629 \u0627\u0644\u064a\u0648\u0645 \u0645\u0633\u0627\u0639\u062f\u0629 \u0627\u0644\u063a\u062f \u0627\u0644\u062e\u064a\u0631\u064a\u0629\";s:12:\"facebook_url\";s:1:\"#\";s:13:\"instagram_url\";s:1:\"#\";s:12:\"linkedin_url\";s:1:\"#\";s:11:\"twitter_url\";s:1:\"#\";s:11:\"footer_logo\";s:3:\"414\";}","created_at":"2023-05-21 15:40:11","updated_at":"2023-05-21 15:40:11"},{"id":68,"widget_area":null,"widget_order":5,"widget_location":"wedding_footer","widget_name":"TenantContactInfoWidget","widget_content":"a:13:{s:11:\"widget_name\";s:23:\"TenantContactInfoWidget\";s:11:\"widget_type\";s:3:\"new\";s:15:\"widget_location\";s:14:\"wedding_footer\";s:12:\"widget_order\";s:1:\"2\";s:18:\"widget_title_en_US\";s:10:\"Contact Us\";s:14:\"location_en_US\";s:19:\"Rampura, Dhaka-1208\";s:11:\"phone_en_US\";s:15:\"019981007331111\";s:11:\"email_en_US\";s:23:\"hejynoha@mailinator.com\";s:16:\"widget_title_azb\";s:13:\"\u0641\u0626 \u0629\u0641\u0626\u0629\";s:12:\"location_azb\";s:19:\"Rampura, Dhaka-1208\";s:9:\"phone_azb\";s:12:\"+11469162796\";s:9:\"email_azb\";s:23:\"hejynoha@mailinator.com\";s:2:\"id\";i:68;}","created_at":"2023-05-21 15:40:11","updated_at":"2023-05-21 15:40:11"},{"id":69,"widget_area":null,"widget_order":2,"widget_location":"wedding_footer","widget_name":"TenantFooterCustomLink","widget_content":"a:8:{s:2:\"id\";s:2:\"69\";s:11:\"widget_name\";s:22:\"TenantFooterCustomLink\";s:11:\"widget_type\";s:6:\"update\";s:15:\"widget_location\";s:14:\"wedding_footer\";s:12:\"widget_order\";s:1:\"2\";s:11:\"title_en_US\";s:11:\"About Ussdf\";s:9:\"title_azb\";s:21:\"\u0645\u0639\u0644\u0648\u0645\u0627\u062a \u0639\u0646\u0627\";s:27:\"custom_link_widget_repeater\";O:8:\"stdClass\":4:{s:20:\"repeater_title_en_US\";a:4:{i:0;s:9:\"Our Story\";i:1;s:7:\"Contact\";i:2;s:7:\"Pricing\";i:3;s:17:\"Terms & Condition\";}s:18:\"repeater_url_en_US\";a:4:{i:0;s:1:\"#\";i:1;s:1:\"#\";i:2;s:1:\"#\";i:3;s:1:\"#\";}s:18:\"repeater_title_azb\";a:4:{i:0;s:21:\"\u0631\u0648\u0627\u0628\u0637 \u0645\u0641\u064a\u062f\u0629\";i:1;s:21:\"\u0631\u0648\u0627\u0628\u0637 \u0645\u0641\u064a\u062f\u0629\";i:2;s:21:\"\u0631\u0648\u0627\u0628\u0637 \u0645\u0641\u064a\u062f\u0629\";i:3;s:21:\"\u0631\u0648\u0627\u0628\u0637 \u0645\u0641\u064a\u062f\u0629\";}s:16:\"repeater_url_azb\";a:4:{i:0;s:1:\"#\";i:1;s:1:\"#\";i:2;s:1:\"#\";i:3;s:1:\"#\";}}}","created_at":"2023-05-21 15:40:11","updated_at":"2023-05-21 15:40:11"},{"id":70,"widget_area":null,"widget_order":3,"widget_location":"wedding_footer","widget_name":"TenantFooterCustomLink","widget_content":"a:8:{s:2:\"id\";s:2:\"70\";s:11:\"widget_name\";s:22:\"TenantFooterCustomLink\";s:11:\"widget_type\";s:6:\"update\";s:15:\"widget_location\";s:14:\"wedding_footer\";s:12:\"widget_order\";s:1:\"3\";s:11:\"title_en_US\";s:11:\"About Ussdf\";s:9:\"title_azb\";s:21:\"\u0645\u0639\u0644\u0648\u0645\u0627\u062a \u0639\u0646\u0627\";s:27:\"custom_link_widget_repeater\";O:8:\"stdClass\":4:{s:20:\"repeater_title_en_US\";a:4:{i:0;s:12:\"Indoor Place\";i:1;s:7:\"Package\";i:2;s:11:\"Videography\";i:3;s:10:\"Decoration\";}s:18:\"repeater_url_en_US\";a:4:{i:0;s:1:\"#\";i:1;s:1:\"#\";i:2;s:1:\"#\";i:3;s:1:\"#\";}s:18:\"repeater_title_azb\";a:4:{i:0;s:21:\"\u0631\u0648\u0627\u0628\u0637 \u0645\u0641\u064a\u062f\u0629\";i:1;s:21:\"\u0631\u0648\u0627\u0628\u0637 \u0645\u0641\u064a\u062f\u0629\";i:2;s:21:\"\u0631\u0648\u0627\u0628\u0637 \u0645\u0641\u064a\u062f\u0629\";i:3;s:21:\"\u0631\u0648\u0627\u0628\u0637 \u0645\u0641\u064a\u062f\u0629\";}s:16:\"repeater_url_azb\";a:4:{i:0;s:1:\"#\";i:1;s:1:\"#\";i:2;s:1:\"#\";i:3;s:1:\"#\";}}}","created_at":"2023-05-21 15:40:11","updated_at":"2023-05-21 15:40:11"},{"id":71,"widget_area":null,"widget_order":4,"widget_location":"wedding_footer","widget_name":"TenantFooterCustomLink","widget_content":"a:8:{s:2:\"id\";s:2:\"71\";s:11:\"widget_name\";s:22:\"TenantFooterCustomLink\";s:11:\"widget_type\";s:6:\"update\";s:15:\"widget_location\";s:14:\"wedding_footer\";s:12:\"widget_order\";s:1:\"4\";s:11:\"title_en_US\";s:11:\"About Ussdf\";s:9:\"title_azb\";s:21:\"\u0645\u0639\u0644\u0648\u0645\u0627\u062a \u0639\u0646\u0627\";s:27:\"custom_link_widget_repeater\";O:8:\"stdClass\":4:{s:20:\"repeater_title_en_US\";a:4:{i:0;s:8:\"Our Blog\";i:1;s:7:\"Service\";i:2;s:11:\"Testimonial\";i:3;s:7:\"Gallery\";}s:18:\"repeater_url_en_US\";a:4:{i:0;s:1:\"#\";i:1;s:1:\"#\";i:2;s:1:\"#\";i:3;s:1:\"#\";}s:18:\"repeater_title_azb\";a:4:{i:0;s:21:\"\u0631\u0648\u0627\u0628\u0637 \u0645\u0641\u064a\u062f\u0629\";i:1;s:21:\"\u0631\u0648\u0627\u0628\u0637 \u0645\u0641\u064a\u062f\u0629\";i:2;s:21:\"\u0631\u0648\u0627\u0628\u0637 \u0645\u0641\u064a\u062f\u0629\";i:3;s:21:\"\u0631\u0648\u0627\u0628\u0637 \u0645\u0641\u064a\u062f\u0629\";}s:16:\"repeater_url_azb\";a:4:{i:0;s:1:\"#\";i:1;s:1:\"#\";i:2;s:1:\"#\";i:3;s:1:\"#\";}}}","created_at":"2023-05-21 15:40:11","updated_at":"2023-05-21 15:40:11"},{"id":72,"widget_area":null,"widget_order":4,"widget_location":"photography_footer","widget_name":"TenantMapWidget","widget_content":"{\"id\":\"72\",\"widget_name\":\"TenantMapWidget\",\"widget_type\":\"update\",\"widget_location\":\"photography_footer\",\"widget_order\":\"4\",\"title_en_US\":\"Map\",\"title_azb\":\"\\u062e\\u0631\\u064a\\u0637\\u0629\",\"location\":\"Dhaka\"}","created_at":"2023-05-21 15:40:11","updated_at":"2023-05-21 15:40:11"},{"id":73,"widget_area":null,"widget_order":1,"widget_location":"photography_footer","widget_name":"TenantFooterAboutUsWidget","widget_content":"a:12:{s:2:\"id\";s:2:\"73\";s:11:\"widget_name\";s:25:\"TenantFooterAboutUsWidget\";s:11:\"widget_type\";s:6:\"update\";s:15:\"widget_location\";s:18:\"photography_footer\";s:12:\"widget_order\";s:1:\"1\";s:17:\"description_en_US\";s:152:\"The company quidem rerum facilis est et expedita distinctio. Nam libero tempore, cum soluta nobis est eligendi optio cumque nihil impedit quo minus .ddd\";s:15:\"description_azb\";s:120:\"\u0645\u0633\u0627\u0639\u062f\u0629 \u0627\u0644\u064a\u0648\u0645 \u0645\u0633\u0627\u0639\u062f\u0629 \u0627\u0644\u063a\u062f \u0627\u0644\u062e\u064a\u0631\u064a\u0629\u0645\u0633\u0627\u0639\u062f\u0629 \u0627\u0644\u064a\u0648\u0645 \u0645\u0633\u0627\u0639\u062f\u0629 \u0627\u0644\u063a\u062f \u0627\u0644\u062e\u064a\u0631\u064a\u0629\";s:12:\"facebook_url\";s:1:\"#\";s:13:\"instagram_url\";s:1:\"#\";s:12:\"linkedin_url\";s:1:\"#\";s:11:\"twitter_url\";s:1:\"#\";s:11:\"footer_logo\";s:3:\"457\";}","created_at":"2023-05-21 15:40:11","updated_at":"2023-05-21 15:40:11"},{"id":74,"widget_area":null,"widget_order":2,"widget_location":"photography_footer","widget_name":"TenantFooterCustomLink","widget_content":"a:8:{s:2:\"id\";s:2:\"74\";s:11:\"widget_name\";s:22:\"TenantFooterCustomLink\";s:11:\"widget_type\";s:6:\"update\";s:15:\"widget_location\";s:18:\"photography_footer\";s:12:\"widget_order\";s:1:\"2\";s:11:\"title_en_US\";s:11:\"About Ussdf\";s:9:\"title_azb\";s:21:\"\u0645\u0639\u0644\u0648\u0645\u0627\u062a \u0639\u0646\u0627\";s:27:\"custom_link_widget_repeater\";O:8:\"stdClass\":4:{s:20:\"repeater_title_en_US\";a:4:{i:0;s:8:\"About Us\";i:1;s:7:\"Gallery\";i:2;s:7:\"Pricing\";i:3;s:6:\"Review\";}s:18:\"repeater_url_en_US\";a:4:{i:0;s:1:\"#\";i:1;s:1:\"#\";i:2;s:1:\"#\";i:3;s:1:\"#\";}s:18:\"repeater_title_azb\";a:4:{i:0;s:21:\"\u0645\u0639\u0644\u0648\u0645\u0627\u062a \u0639\u0646\u0627\";i:1;s:21:\"\u0645\u0639\u0644\u0648\u0645\u0627\u062a \u0639\u0646\u0627\";i:2;s:21:\"\u0645\u0639\u0644\u0648\u0645\u0627\u062a \u0639\u0646\u0627\";i:3;s:21:\"\u0645\u0639\u0644\u0648\u0645\u0627\u062a \u0639\u0646\u0627\";}s:16:\"repeater_url_azb\";a:4:{i:0;s:1:\"#\";i:1;s:1:\"#\";i:2;s:1:\"#\";i:3;s:1:\"#\";}}}","created_at":"2023-05-21 15:40:11","updated_at":"2023-05-21 15:40:11"},{"id":75,"widget_area":null,"widget_order":3,"widget_location":"photography_footer","widget_name":"TenantContactInfoWidget","widget_content":"a:13:{s:11:\"widget_name\";s:23:\"TenantContactInfoWidget\";s:11:\"widget_type\";s:3:\"new\";s:15:\"widget_location\";s:18:\"photography_footer\";s:12:\"widget_order\";s:1:\"3\";s:18:\"widget_title_en_US\";s:10:\"Contact Us\";s:14:\"location_en_US\";s:19:\"Rampura, Dhaka-1208\";s:11:\"phone_en_US\";s:15:\"019981007331111\";s:11:\"email_en_US\";s:23:\"hejynoha@mailinator.com\";s:16:\"widget_title_azb\";s:13:\"\u0641\u0626 \u0629\u0641\u0626\u0629\";s:12:\"location_azb\";s:19:\"Rampura, Dhaka-1208\";s:9:\"phone_azb\";s:12:\"+11134017581\";s:9:\"email_azb\";s:23:\"turugygu@mailinator.com\";s:2:\"id\";i:75;}","created_at":"2023-05-21 15:40:11","updated_at":"2023-05-21 15:40:11"},{"id":76,"widget_area":null,"widget_order":1,"widget_location":"portfolio_footer","widget_name":"TenantFooterAboutUsWidget","widget_content":"a:12:{s:11:\"widget_name\";s:25:\"TenantFooterAboutUsWidget\";s:11:\"widget_type\";s:3:\"new\";s:15:\"widget_location\";s:16:\"portfolio_footer\";s:12:\"widget_order\";s:1:\"1\";s:17:\"description_en_US\";s:152:\"The company quidem rerum facilis est et expedita distinctio. Nam libero tempore, cum soluta nobis est eligendi optio cumque nihil impedit quo minus .ddd\";s:15:\"description_azb\";s:120:\"\u0645\u0633\u0627\u0639\u062f\u0629 \u0627\u0644\u064a\u0648\u0645 \u0645\u0633\u0627\u0639\u062f\u0629 \u0627\u0644\u063a\u062f \u0627\u0644\u062e\u064a\u0631\u064a\u0629\u0645\u0633\u0627\u0639\u062f\u0629 \u0627\u0644\u064a\u0648\u0645 \u0645\u0633\u0627\u0639\u062f\u0629 \u0627\u0644\u063a\u062f \u0627\u0644\u062e\u064a\u0631\u064a\u0629\";s:12:\"facebook_url\";s:1:\"#\";s:13:\"instagram_url\";s:1:\"#\";s:12:\"linkedin_url\";s:1:\"#\";s:11:\"twitter_url\";s:1:\"#\";s:11:\"footer_logo\";s:3:\"470\";s:2:\"id\";i:76;}","created_at":"2023-05-21 15:40:11","updated_at":"2023-05-21 15:40:11"},{"id":77,"widget_area":null,"widget_order":4,"widget_location":"portfolio_footer","widget_name":"TenantContactInfoWidget","widget_content":"a:13:{s:11:\"widget_name\";s:23:\"TenantContactInfoWidget\";s:11:\"widget_type\";s:3:\"new\";s:15:\"widget_location\";s:16:\"portfolio_footer\";s:12:\"widget_order\";s:1:\"2\";s:18:\"widget_title_en_US\";s:10:\"Contact Us\";s:14:\"location_en_US\";s:19:\"Rampura, Dhaka-1208\";s:11:\"phone_en_US\";s:15:\"019981007331111\";s:11:\"email_en_US\";s:23:\"hejynoha@mailinator.com\";s:16:\"widget_title_azb\";s:13:\"\u0641\u0626 \u0629\u0641\u0626\u0629\";s:12:\"location_azb\";s:19:\"Rampura, Dhaka-1208\";s:9:\"phone_azb\";s:12:\"+11469162796\";s:9:\"email_azb\";s:23:\"hejynoha@mailinator.com\";s:2:\"id\";i:77;}","created_at":"2023-05-21 15:40:11","updated_at":"2023-05-21 15:40:11"},{"id":78,"widget_area":null,"widget_order":2,"widget_location":"portfolio_footer","widget_name":"TenantFooterCustomLink","widget_content":"a:8:{s:2:\"id\";s:2:\"78\";s:11:\"widget_name\";s:22:\"TenantFooterCustomLink\";s:11:\"widget_type\";s:6:\"update\";s:15:\"widget_location\";s:16:\"portfolio_footer\";s:12:\"widget_order\";s:1:\"2\";s:11:\"title_en_US\";s:11:\"About Ussdf\";s:9:\"title_azb\";s:21:\"\u0645\u0639\u0644\u0648\u0645\u0627\u062a \u0639\u0646\u0627\";s:27:\"custom_link_widget_repeater\";O:8:\"stdClass\":4:{s:20:\"repeater_title_en_US\";a:4:{i:0;s:8:\"About Us\";i:1;s:9:\"Portfolio\";i:2;s:7:\"Service\";i:3;s:7:\"Service\";}s:18:\"repeater_url_en_US\";a:4:{i:0;s:1:\"#\";i:1;s:1:\"#\";i:2;s:1:\"#\";i:3;s:1:\"#\";}s:18:\"repeater_title_azb\";a:4:{i:0;s:21:\"\u0631\u0648\u0627\u0628\u0637 \u0645\u0641\u064a\u062f\u0629\";i:1;s:21:\"\u0631\u0648\u0627\u0628\u0637 \u0645\u0641\u064a\u062f\u0629\";i:2;s:21:\"\u0631\u0648\u0627\u0628\u0637 \u0645\u0641\u064a\u062f\u0629\";i:3;s:21:\"\u0631\u0648\u0627\u0628\u0637 \u0645\u0641\u064a\u062f\u0629\";}s:16:\"repeater_url_azb\";a:4:{i:0;s:1:\"#\";i:1;s:1:\"#\";i:2;s:1:\"#\";i:3;s:1:\"#\";}}}","created_at":"2023-05-21 15:40:11","updated_at":"2023-05-21 15:40:11"},{"id":79,"widget_area":null,"widget_order":3,"widget_location":"portfolio_footer","widget_name":"TenantFooterCustomLink","widget_content":"a:8:{s:2:\"id\";s:2:\"79\";s:11:\"widget_name\";s:22:\"TenantFooterCustomLink\";s:11:\"widget_type\";s:6:\"update\";s:15:\"widget_location\";s:16:\"portfolio_footer\";s:12:\"widget_order\";s:1:\"3\";s:11:\"title_en_US\";s:11:\"About Ussdf\";s:9:\"title_azb\";s:21:\"\u0645\u0639\u0644\u0648\u0645\u0627\u062a \u0639\u0646\u0627\";s:27:\"custom_link_widget_repeater\";O:8:\"stdClass\":4:{s:20:\"repeater_title_en_US\";a:4:{i:0;s:11:\"Help Center\";i:1;s:11:\"Faq Support\";i:2;s:14:\"Privacy Policy\";i:3;s:17:\"Terms & Condition\";}s:18:\"repeater_url_en_US\";a:4:{i:0;s:1:\"#\";i:1;s:1:\"#\";i:2;s:1:\"#\";i:3;s:1:\"#\";}s:18:\"repeater_title_azb\";a:4:{i:0;s:21:\"\u0631\u0648\u0627\u0628\u0637 \u0645\u0641\u064a\u062f\u0629\";i:1;s:21:\"\u0631\u0648\u0627\u0628\u0637 \u0645\u0641\u064a\u062f\u0629\";i:2;s:21:\"\u0631\u0648\u0627\u0628\u0637 \u0645\u0641\u064a\u062f\u0629\";i:3;s:21:\"\u0631\u0648\u0627\u0628\u0637 \u0645\u0641\u064a\u062f\u0629\";}s:16:\"repeater_url_azb\";a:4:{i:0;s:1:\"#\";i:1;s:1:\"#\";i:2;s:1:\"#\";i:3;s:1:\"#\";}}}","created_at":"2023-05-21 15:40:11","updated_at":"2023-05-21 15:40:11"},{"id":80,"widget_area":null,"widget_order":1,"widget_location":"software_business_footer","widget_name":"TenantFooterAboutUsWidget","widget_content":"a:12:{s:2:\"id\";s:2:\"80\";s:11:\"widget_name\";s:25:\"TenantFooterAboutUsWidget\";s:11:\"widget_type\";s:6:\"update\";s:15:\"widget_location\";s:24:\"software_business_footer\";s:12:\"widget_order\";s:1:\"1\";s:17:\"description_en_US\";s:152:\"The company quidem rerum facilis est et expedita distinctio. Nam libero tempore, cum soluta nobis est eligendi optio cumque nihil impedit quo minus .ddd\";s:15:\"description_azb\";s:120:\"\u0645\u0633\u0627\u0639\u062f\u0629 \u0627\u0644\u064a\u0648\u0645 \u0645\u0633\u0627\u0639\u062f\u0629 \u0627\u0644\u063a\u062f \u0627\u0644\u062e\u064a\u0631\u064a\u0629\u0645\u0633\u0627\u0639\u062f\u0629 \u0627\u0644\u064a\u0648\u0645 \u0645\u0633\u0627\u0639\u062f\u0629 \u0627\u0644\u063a\u062f \u0627\u0644\u062e\u064a\u0631\u064a\u0629\";s:12:\"facebook_url\";s:1:\"#\";s:13:\"instagram_url\";s:1:\"#\";s:12:\"linkedin_url\";s:1:\"#\";s:11:\"twitter_url\";s:1:\"#\";s:11:\"footer_logo\";s:3:\"492\";}","created_at":"2023-05-21 15:40:11","updated_at":"2023-05-21 15:40:11"},{"id":81,"widget_area":null,"widget_order":2,"widget_location":"software_business_footer","widget_name":"TenantFooterCustomLink","widget_content":"a:8:{s:2:\"id\";s:2:\"81\";s:11:\"widget_name\";s:22:\"TenantFooterCustomLink\";s:11:\"widget_type\";s:6:\"update\";s:15:\"widget_location\";s:24:\"software_business_footer\";s:12:\"widget_order\";s:1:\"2\";s:11:\"title_en_US\";s:11:\"About Ussdf\";s:9:\"title_azb\";s:21:\"\u0645\u0639\u0644\u0648\u0645\u0627\u062a \u0639\u0646\u0627\";s:27:\"custom_link_widget_repeater\";O:8:\"stdClass\":4:{s:20:\"repeater_title_en_US\";a:4:{i:0;s:7:\"Company\";i:1;s:6:\"Career\";i:2;s:4:\"Team\";i:3;s:4:\"Blog\";}s:18:\"repeater_url_en_US\";a:4:{i:0;s:1:\"#\";i:1;s:1:\"#\";i:2;s:1:\"#\";i:3;s:1:\"#\";}s:18:\"repeater_title_azb\";a:4:{i:0;s:8:\"\u0634\u0631\u0643\u0629\";i:1;s:8:\"\u0634\u0631\u0643\u0629\";i:2;s:8:\"\u0634\u0631\u0643\u0629\";i:3;s:8:\"\u0634\u0631\u0643\u0629\";}s:16:\"repeater_url_azb\";a:4:{i:0;s:1:\"#\";i:1;s:1:\"#\";i:2;s:1:\"#\";i:3;s:1:\"#\";}}}","created_at":"2023-05-21 15:40:11","updated_at":"2023-05-21 15:40:11"},{"id":82,"widget_area":null,"widget_order":3,"widget_location":"software_business_footer","widget_name":"TenantFooterCustomLink","widget_content":"a:8:{s:2:\"id\";s:2:\"82\";s:11:\"widget_name\";s:22:\"TenantFooterCustomLink\";s:11:\"widget_type\";s:6:\"update\";s:15:\"widget_location\";s:24:\"software_business_footer\";s:12:\"widget_order\";s:1:\"3\";s:11:\"title_en_US\";s:11:\"About Ussdf\";s:9:\"title_azb\";s:21:\"\u0645\u0639\u0644\u0648\u0645\u0627\u062a \u0639\u0646\u0627\";s:27:\"custom_link_widget_repeater\";O:8:\"stdClass\":4:{s:20:\"repeater_title_en_US\";a:4:{i:0;s:11:\"Help Center\";i:1;s:12:\"How it works\";i:2;s:14:\"Privacy Policy\";i:3;s:17:\"Terms & Condition\";}s:18:\"repeater_url_en_US\";a:4:{i:0;s:1:\"#\";i:1;s:1:\"#\";i:2;s:1:\"#\";i:3;s:1:\"#\";}s:18:\"repeater_title_azb\";a:4:{i:0;s:21:\"\u0631\u0648\u0627\u0628\u0637 \u0645\u0641\u064a\u062f\u0629\";i:1;s:21:\"\u0631\u0648\u0627\u0628\u0637 \u0645\u0641\u064a\u062f\u0629\";i:2;s:21:\"\u0631\u0648\u0627\u0628\u0637 \u0645\u0641\u064a\u062f\u0629\";i:3;s:21:\"\u0631\u0648\u0627\u0628\u0637 \u0645\u0641\u064a\u062f\u0629\";}s:16:\"repeater_url_azb\";a:4:{i:0;s:1:\"#\";i:1;s:1:\"#\";i:2;s:1:\"#\";i:3;s:1:\"#\";}}}","created_at":"2023-05-21 15:40:11","updated_at":"2023-05-21 15:40:11"},{"id":83,"widget_area":null,"widget_order":4,"widget_location":"software_business_footer","widget_name":"TenantContactInfoWidget","widget_content":"a:13:{s:2:\"id\";s:2:\"83\";s:11:\"widget_name\";s:23:\"TenantContactInfoWidget\";s:11:\"widget_type\";s:6:\"update\";s:15:\"widget_location\";s:24:\"software_business_footer\";s:12:\"widget_order\";s:1:\"4\";s:18:\"widget_title_en_US\";s:10:\"Contact Us\";s:14:\"location_en_US\";s:19:\"Rampura, Dhaka-1208\";s:11:\"phone_en_US\";s:15:\"019981007331111\";s:11:\"email_en_US\";s:23:\"hejynoha@mailinator.com\";s:16:\"widget_title_azb\";s:13:\"\u0641\u0626 \u0629\u0641\u0626\u0629\";s:12:\"location_azb\";s:19:\"Rampura, Dhaka-1208\";s:9:\"phone_azb\";s:12:\"+11469162796\";s:9:\"email_azb\";s:23:\"hejynoha@mailinator.com\";}","created_at":"2023-05-21 15:40:11","updated_at":"2023-05-21 15:40:11"},{"id":84,"widget_area":null,"widget_order":1,"widget_location":"barber_shop_footer","widget_name":"TenantFooterAboutUsWidget","widget_content":"{\"id\":\"84\",\"widget_name\":\"TenantFooterAboutUsWidget\",\"widget_type\":\"update\",\"widget_location\":\"barber_shop_footer\",\"widget_order\":\"1\",\"description_en_US\":\"<p>We are the one of the best consultancy service in the world. We provide all kind of valuable solution for your Business.<\\\/p>\",\"description_azb\":\"<p>\\u0646\\u062d\\u0646 \\u0645\\u0646 \\u0623\\u0641\\u0636\\u0644 \\u0627\\u0644\\u062e\\u062f\\u0645\\u0627\\u062a \\u0627\\u0644\\u0627\\u0633\\u062a\\u0634\\u0627\\u0631\\u064a\\u0629 \\u0641\\u064a \\u0627\\u0644\\u0639\\u0627\\u0644\\u0645. \\u0646\\u062d\\u0646 \\u0646\\u0642\\u062f\\u0645 \\u0643\\u0644 \\u0623\\u0646\\u0648\\u0627\\u0639 \\u0627\\u0644\\u062d\\u0644\\u0648\\u0644 \\u0627\\u0644\\u0642\\u064a\\u0645\\u0629 \\u0644\\u0639\\u0645\\u0644\\u0643.<\\\/p>\",\"footer_social_status\":\"on\",\"facebook_url\":\"#\",\"instagram_url\":\"#\",\"linkedin_url\":\"#\",\"twitter_url\":\"#\",\"footer_logo\":\"522\"}","created_at":"2023-05-23 11:54:49","updated_at":"2023-05-25 18:02:27"},{"id":85,"widget_area":null,"widget_order":2,"widget_location":"barber_shop_footer","widget_name":"TenantFooterCustomLink","widget_content":"{\"id\":\"85\",\"widget_name\":\"TenantFooterCustomLink\",\"widget_type\":\"update\",\"widget_location\":\"barber_shop_footer\",\"widget_order\":\"2\",\"title_en_US\":\"About\",\"title_azb\":\"\\u0645\\u062d\\u062a\\u0648\\u064a\\u0627\\u062a\\u0646\\u0627\",\"custom_link_widget_repeater\":{\"repeater_title_en_US\":[\"Our Story\",\"Service\",\"Gallery\",\"Shop\"],\"repeater_url_en_US\":[\"#\",\"#\",\"#\",\"#\"],\"repeater_title_azb\":[\"\\u0634\\u0631\\u0643\\u0629\",\"\\u0634\\u0631\\u0643\\u0629\",\"\\u0634\\u0631\\u0643\\u0629\",\"\\u0634\\u0631\\u0643\\u0629\"],\"repeater_url_azb\":[\"#\",\"#\",\"#\",\"#\"]}}","created_at":"2023-05-23 12:06:05","updated_at":"2023-05-23 14:13:50"},{"id":86,"widget_area":null,"widget_order":11,"widget_location":"barber_shop_footer","widget_name":"TenantFooterCustomLink","widget_content":"{\"id\":\"86\",\"widget_name\":\"TenantFooterCustomLink\",\"widget_type\":\"update\",\"widget_location\":\"barber_shop_footer\",\"widget_order\":\"3\",\"title_en_US\":\"Support\",\"title_azb\":\"\\u0645\\u062d\\u062a\\u0648\\u064a\\u0627\\u062a\\u0646\\u0627\",\"custom_link_widget_repeater\":{\"repeater_title_en_US\":[\"Help Center\",\"FAQ\",\"Privacy policy\",\"Terms & Support\"],\"repeater_url_en_US\":[\"#\",\"#\",\"#\",\"#\"],\"repeater_title_azb\":[\"\\u0631\\u0648\\u0627\\u0628\\u0637 \\u0645\\u0641\\u064a\\u062f\\u0629\",\"\\u0631\\u0648\\u0627\\u0628\\u0637 \\u0645\\u0641\\u064a\\u062f\\u0629\",\"\\u0631\\u0648\\u0627\\u0628\\u0637 \\u0645\\u0641\\u064a\\u062f\\u0629\",\"\\u0631\\u0648\\u0627\\u0628\\u0637 \\u0645\\u0641\\u064a\\u062f\\u0629\"],\"repeater_url_azb\":[\"#\",\"#\",\"#\",\"#\"]}}","created_at":"2023-05-23 12:07:22","updated_at":"2023-05-23 14:14:01"},{"id":87,"widget_area":null,"widget_order":12,"widget_location":"barber_shop_footer","widget_name":"TenantContactInfoWidget","widget_content":"{\"widget_name\":\"TenantContactInfoWidget\",\"widget_type\":\"new\",\"widget_location\":\"barber_shop_footer\",\"widget_order\":\"4\",\"widget_title_en_US\":\"Contact Us\",\"location_en_US\":\"Rampura, Dhaka-1208\",\"phone_en_US\":\"+11469162796\",\"email_en_US\":\"turugygu@mailinator.com\",\"widget_title_azb\":\"\\u0641\\u0626 \\u0629\\u0641\\u0626\\u0629\",\"location_azb\":\"Rampura, Dhaka-1208\",\"phone_azb\":\"+11469162796\",\"email_azb\":\"najadu@mailinator.com\"}","created_at":"2023-05-23 12:08:51","updated_at":"2023-05-23 14:14:01"},{"id":88,"widget_area":null,"widget_order":1,"widget_location":"appointment_sidebar","widget_name":"TenantAppointmentCategoryWithSearchWidget","widget_content":"{\"id\":\"88\",\"widget_name\":\"TenantAppointmentCategoryWithSearchWidget\",\"widget_type\":\"update\",\"widget_location\":\"appointment_sidebar\",\"widget_order\":\"1\",\"title_en_US\":\"Category\",\"title_azb\":\"\\u0631\\u0624\\u064a\\u062a\\u0646\\u0627\",\"category_items\":\"4\"}","created_at":"2023-05-23 14:14:16","updated_at":"2023-05-23 14:18:00"},{"id":89,"widget_area":null,"widget_order":2,"widget_location":"appointment_sidebar","widget_name":"TenantPopularAppointmentWidget","widget_content":"{\"id\":\"89\",\"widget_name\":\"TenantPopularAppointmentWidget\",\"widget_type\":\"update\",\"widget_location\":\"appointment_sidebar\",\"widget_order\":\"2\",\"heading_text_en_US\":\"Popular Appointments\",\"heading_text_azb\":\"\\u0627\\u0644\\u0645\\u0648\\u0627\\u0639\\u064a\\u062f \\u0627\\u0644\\u0634\\u0639\\u0628\\u064a\\u0629\",\"blog_items\":\"4\"}","created_at":"2023-05-23 14:14:54","updated_at":"2023-05-23 14:17:55"},{"id":90,"widget_area":null,"widget_order":1,"widget_location":"sub_appointment_sidebar","widget_name":"TenantPopularSubAppointmentWidget","widget_content":"{\"id\":\"90\",\"widget_name\":\"TenantPopularSubAppointmentWidget\",\"widget_type\":\"update\",\"widget_location\":\"sub_appointment_sidebar\",\"widget_order\":\"1\",\"heading_text_en_US\":\"Popular Sub Appointments\",\"heading_text_azb\":\"\\u062c\\u0645\\u0639\",\"blog_items\":\"4\"}","created_at":"2023-05-23 18:04:56","updated_at":"2023-05-23 18:05:34"},{"id":91,"widget_area":null,"widget_order":3,"widget_location":"sub_appointment_sidebar","widget_name":"TenantPopularAppointmentWidget","widget_content":"{\"widget_name\":\"TenantPopularAppointmentWidget\",\"widget_type\":\"new\",\"widget_location\":\"sub_appointment_sidebar\",\"widget_order\":\"2\",\"heading_text_en_US\":\"Recent Appointments\",\"heading_text_azb\":\"\\u062c\\u0645\\u0639\",\"blog_items\":\"3\"}","created_at":"2023-05-23 18:05:29","updated_at":"2023-05-23 18:06:27"},{"id":92,"widget_area":null,"widget_order":2,"widget_location":"sub_appointment_sidebar","widget_name":"TenantAppointmentCategoryWithSearchWidget","widget_content":"{\"id\":\"92\",\"widget_name\":\"TenantAppointmentCategoryWithSearchWidget\",\"widget_type\":\"update\",\"widget_location\":\"sub_appointment_sidebar\",\"widget_order\":\"2\",\"title_en_US\":\"Appointment Categories\",\"title_azb\":\"\\u0645\\u0639\\u0644\\u0648\\u0645\\u0627\\u062a \\u0627\\u0644\\u0627\\u062a\\u0635\\u0627\\u0644\",\"category_items\":\"4\"}","created_at":"2023-05-23 18:06:39","updated_at":"2023-05-23 18:06:42"},{"id":94,"widget_area":null,"widget_order":1,"widget_location":"hotel_booking_footer","widget_name":"TenantHotelBookingAboutUsWidget","widget_content":"{\"id\":\"94\",\"widget_name\":\"TenantHotelBookingAboutUsWidget\",\"widget_type\":\"update\",\"widget_location\":\"hotel_booking_footer\",\"widget_order\":\"1\",\"title_en_US\":\"BEYOND HOTEL\",\"description_en_US\":\"<p>Welcome to BEYOND HOTEL, where luxury meets comfort. Located in the heart of [City or Location], we offer a unique blend of modern amenities and personalized service to make your stay truly memorable.<\\\/p>\",\"title_azb\":\"\\u0645\\u0627 \\u0648\\u0631\\u0627\\u0621 \\u0627\\u0644\\u0641\\u0646\\u062f\\u0642\",\"description_azb\":\"<p>\\u0645\\u0631\\u062d\\u0628\\u064b\\u0627 \\u0628\\u0643\\u0645 \\u0641\\u064a \\u0641\\u0646\\u062f\\u0642\\u060c \\u062d\\u064a\\u062b \\u062a\\u062c\\u062a\\u0645\\u0639 \\u0627\\u0644\\u0641\\u062e\\u0627\\u0645\\u0629 \\u0645\\u0639 \\u0627\\u0644\\u0631\\u0627\\u062d\\u0629. \\u064a\\u0642\\u0639 \\u0641\\u064a \\u0642\\u0644\\u0628 [\\u0627\\u0644\\u0645\\u062f\\u064a\\u0646\\u0629 \\u0623\\u0648 \\u0627\\u0644\\u0645\\u0648\\u0642\\u0639]\\u060c \\u0648\\u0646\\u062d\\u0646 \\u0646\\u0642\\u062f\\u0645 \\u0645\\u0632\\u064a\\u062c\\u064b\\u0627 \\u0641\\u0631\\u064a\\u062f\\u064b\\u0627 \\u0645\\u0646 \\u0648\\u0633\\u0627\\u0626\\u0644 \\u0627\\u0644\\u0631\\u0627\\u062d\\u0629 \\u0627\\u0644\\u062d\\u062f\\u064a\\u062b\\u0629 \\u0648\\u0627\\u0644\\u062e\\u062f\\u0645\\u0629 \\u0627\\u0644\\u0634\\u062e\\u0635\\u064a\\u0629 \\u0644\\u062c\\u0639\\u0644 \\u0625\\u0642\\u0627\\u0645\\u062a\\u0643 \\u0644\\u0627 \\u062a\\u064f\\u0646\\u0633\\u0649 \\u062d\\u0642\\u064b\\u0627.<\\\/p>\",\"logo_image\":\"545\"}","created_at":"2023-10-22 06:49:37","updated_at":"2023-10-22 12:34:37"},{"id":97,"widget_area":null,"widget_order":4,"widget_location":"hotel_booking_footer","widget_name":"TenantHotelBookingSocialWidget","widget_content":"{\"id\":\"97\",\"widget_name\":\"TenantHotelBookingSocialWidget\",\"widget_type\":\"update\",\"widget_location\":\"hotel_booking_footer\",\"widget_order\":\"4\",\"tenant_hotel_booking_social_widget_one\":{\"repeater_icon_\":[\"lab la-facebook-f\",\"lab la-twitter\",\"lab la-instagram\",\"lab la-youtube\"],\"repeater_image_url_\":[\"javascript:void(0)\",\"javascript:void(0)\",\"javascript:void(0)\",\"javascript:void(0)\"]}}","created_at":"2023-10-22 08:59:13","updated_at":"2023-10-22 12:16:08"},{"id":99,"widget_area":null,"widget_order":5,"widget_location":"hotel_booking_footer","widget_name":"TenantHotelBookingLinkWidget","widget_content":"{\"id\":\"99\",\"widget_name\":\"TenantHotelBookingLinkWidget\",\"widget_type\":\"update\",\"widget_location\":\"hotel_booking_footer\",\"widget_order\":\"5\",\"tenant_hotel_booking_link_widget_one\":{\"repeater_title_en_US\":[\"About\",\"Jobs\",\"Blog\",\"Blogs\",\"Press\",\"Careers\",\"Terms of use\",\"Privacy PolicyBlog\",\"Contact\"],\"repeater_title_url_en_US\":[\"javascript:void(0)\",\"javascript:void(0)\",\"javascript:void(0)\",\"javascript:void(0)\",\"javascript:void(0)\",\"javascript:void(0)\",\"javascript:void(0)\",\"javascript:void(0)\",\"javascript:void(0)\"],\"repeater_title_azb\":[\"\\u0639\\u0646\",\"\\u0648\\u0638\\u0627\\u0626\\u0641\",\"\\u0645\\u062f\\u0648\\u0646\\u0629\",\"\\u0627\\u0644\\u0645\\u062f\\u0648\\u0646\\u0627\\u062a\",\"\\u064a\\u0636\\u0639\\u0637\",\"\\u0648\\u0638\\u0627\\u0626\\u0641\",\"\\u0634\\u0631\\u0648\\u0637 \\u0627\\u0644\\u0627\\u0633\\u062a\\u062e\\u062f\\u0627\\u0645\",\"\\u0633\\u064a\\u0627\\u0633\\u0629 \\u0627\\u0644\\u062e\\u0635\\u0648\\u0635\\u064a\\u0629\",\"\\u0627\\u062a\\u0635\\u0627\\u0644\"],\"repeater_title_url_azb\":[\"javascript:void(0)\",\"javascript:void(0)\",\"javascript:void(0)\",\"javascript:void(0)\",\"javascript:void(0)\",\"javascript:void(0)\",\"javascript:void(0)\",\"javascript:void(0)\",\"javascript:void(0)\"]}}","created_at":"2023-10-22 10:05:36","updated_at":"2023-10-22 13:36:27"},{"id":100,"widget_area":null,"widget_order":1,"widget_location":"hotel_booking_bottom_footer","widget_name":"TenantHotelBookingContactWidget","widget_content":"{\"id\":\"100\",\"widget_name\":\"TenantHotelBookingContactWidget\",\"widget_type\":\"update\",\"widget_location\":\"hotel_booking_bottom_footer\",\"widget_order\":\"1\",\"tenant_hotel_booking_contact_widget_one\":{\"repeater_title_en_US\":[\"Have a question?\",\"Have a question?\"],\"repeater_contact_en_US\":[\"310-437-2766\",\"unreal@example.com\"],\"repeater_icon_en_US\":[\"las la-phone\",\"las la-envelope\"],\"repeater_title_azb\":[\"\\u0644\\u062f\\u064a \\u0633\\u0624\\u0627\\u0644\\u061f\",\"\\u0644\\u062f\\u064a \\u0633\\u0624\\u0627\\u0644\\u061f\"],\"repeater_contact_azb\":[\"310-437-2766\",\"unreal@example.com\"],\"repeater_icon_azb\":[null,\"las la-envelope\"]}}","created_at":"2023-10-22 11:07:49","updated_at":"2023-10-22 13:55:49"}]}