[
  {
    "id": 70,
    "addon_name": "HeaderAgency",
    "addon_type": "update",
    "addon_location": "dynamic_page",
    "addon_order": 1,
    "addon_page_id": 27,
    "addon_page_type": "dynamic_page",
    "addon_settings": "{\"id\":\"70\",\"addon_name\":\"HeaderAgency\",\"addon_namespace\":\"UGx1Z2luc1xQYWdlQnVpbGRlclxBZGRvbnNcVGVuYW50c1xBZ2VuY3lcSGVhZGVyQWdlbmN5\",\"addon_type\":\"update\",\"addon_location\":\"dynamic_page\",\"addon_order\":\"1\",\"addon_page_id\":\"27\",\"addon_page_type\":\"dynamic_page\",\"title_en_US\":\"Build your online platform with Best {h}Digital Agency{\\\/h}\",\"description_en_US\":\"Start your online Business with us. We will provide you all kind of service for your product. we will help you to grow your Business in Online marketplace.\",\"button_text_en_US\":\"Get Started\",\"button_url_en_US\":\"#\",\"bottom_title_en_US\":\"120+ Employees\",\"bottom_subtitle_en_US\":\"(3.2k Reviews)\",\"bottom_rating_en_US\":\"5.0\",\"title_ar\":\"\\u0642\\u0645 \\u0628\\u0628\\u0646\\u0627\\u0621 \\u0645\\u0646\\u0635\\u062a\\u0643 \\u0639\\u0628\\u0631 \\u0627\\u0644\\u0625\\u0646\\u062a\\u0631\\u0646\\u062a \\u0645\\u0639 \\u0623\\u0641\\u0636\\u0644 \\u0648\\u0643\\u0627\\u0644\\u0629 \\u0631\\u0642\\u0645\\u064a\\u0629\",\"description_ar\":\"\\u0627\\u0628\\u062f\\u0623 \\u0639\\u0645\\u0644\\u0643 \\u0639\\u0644\\u0649 \\u0627\\u0644\\u0625\\u0646\\u062a\\u0631\\u0646\\u062a \\u0645\\u0639\\u0646\\u0627. \\u0633\\u0648\\u0641 \\u0646\\u0642\\u062f\\u0645 \\u0644\\u0643 \\u0643\\u0644 \\u0623\\u0646\\u0648\\u0627\\u0639 \\u0627\\u0644\\u062e\\u062f\\u0645\\u0627\\u062a \\u0644\\u0645\\u0646\\u062a\\u062c\\u0643. \\u0633\\u0646\\u0633\\u0627\\u0639\\u062f\\u0643 \\u0639\\u0644\\u0649 \\u062a\\u0646\\u0645\\u064a\\u0629 \\u0623\\u0639\\u0645\\u0627\\u0644\\u0643 \\u0641\\u064a \\u0627\\u0644\\u0633\\u0648\\u0642 \\u0639\\u0628\\u0631 \\u0627\\u0644\\u0625\\u0646\\u062a\\u0631\\u0646\\u062a.\",\"button_text_ar\":\"\\u0627\\u0644\\u0628\\u062f\\u0621\",\"button_url_ar\":\"#\",\"bottom_title_ar\":\"120+ \\u0645\\u0648\\u0638\\u0641\",\"bottom_subtitle_ar\":\"(3.2k \\u0627\\u0644\\u062a\\u0642\\u064a\\u064a\\u0645\\u0627\\u062a)\",\"bottom_rating_ar\":\"5.0\",\"right_image\":\"313\",\"padding_top\":\"100\",\"padding_bottom\":\"0\"}",
    "addon_namespace": "Plugins\\PageBuilder\\Addons\\Tenants\\Agency\\HeaderAgency",
    "created_at": "2023-03-14T09:10:54.000000Z",
    "updated_at": "2023-03-14T09:10:54.000000Z"
  },
  {
    "id": 71,
    "addon_name": "Counterup",
    "addon_type": "update",
    "addon_location": "dynamic_page",
    "addon_order": 2,
    "addon_page_id": 27,
    "addon_page_type": "dynamic_page",
    "addon_settings": "{\"id\":\"71\",\"addon_name\":\"Counterup\",\"addon_namespace\":\"UGx1Z2luc1xQYWdlQnVpbGRlclxBZGRvbnNcVGVuYW50c1xBZ2VuY3lcQ291bnRlcnVw\",\"addon_type\":\"update\",\"addon_location\":\"dynamic_page\",\"addon_order\":\"2\",\"addon_page_id\":\"27\",\"addon_page_type\":\"dynamic_page\",\"agency_counterup_repeater\":{\"repeater_number_en_US\":[\"20\",\"12\",\"1200\",\"25000\"],\"repeater_extra_alpha_en_US\":[\"k\",\"+\",\"+\",\"+\"],\"repeater_title_en_US\":[\"Successful Project\",\"Years Experience\",\"Live Project\",\"Worldwide Clients\"],\"repeater_number_ar\":[\"20\",\"12\",\"1200\",\"25000\"],\"repeater_extra_alpha_ar\":[\"k\",\"+\",\"+\",\"+\"],\"repeater_title_ar\":[\"\\u0645\\u0634\\u0631\\u0648\\u0639 \\u062d\\u064a\",\"\\u0645\\u0634\\u0631\\u0648\\u0639 \\u0646\\u0627\\u062c\\u062d\",\"\\u0645\\u0634\\u0631\\u0648\\u0639 \\u062d\\u064a\",\"\\u0645\\u0634\\u0631\\u0648\\u0639 \\u0646\\u0627\\u062c\\u062d\"]},\"padding_top\":\"0\",\"padding_bottom\":\"2\"}",
    "addon_namespace": "Plugins\\PageBuilder\\Addons\\Tenants\\Agency\\Counterup",
    "created_at": "2023-03-14T09:10:54.000000Z",
    "updated_at": "2023-03-14T09:10:54.000000Z"
  },
  {
    "id": 72,
    "addon_name": "AboutArea",
    "addon_type": "update",
    "addon_location": "dynamic_page",
    "addon_order": 3,
    "addon_page_id": 27,
    "addon_page_type": "dynamic_page",
    "addon_settings": "{\"id\":\"72\",\"addon_name\":\"AboutArea\",\"addon_namespace\":\"UGx1Z2luc1xQYWdlQnVpbGRlclxBZGRvbnNcVGVuYW50c1xBZ2VuY3lcQWJvdXRBcmVh\",\"addon_type\":\"update\",\"addon_location\":\"dynamic_page\",\"addon_order\":\"3\",\"addon_page_id\":\"27\",\"addon_page_type\":\"dynamic_page\",\"title_en_US\":\"Why we are the Best from {h}others?{\\\/h}\",\"description_en_US\":\"Start your online Business with us. We will provide you all kind of service for your product. we will help you to grow your Business in Online marketplace.\",\"button_text_en_US\":\"Explore More\",\"button_url_en_US\":\"#\",\"title_ar\":\"\\u0644\\u0645\\u0627\\u0630\\u0627 \\u0646\\u062d\\u0646 \\u0627\\u0644\\u0623\\u0641\\u0636\\u0644 \\u0645\\u0646 \\u0627\\u0644\\u0622\\u062e\\u0631\\u064a\\u0646\\u061f\",\"description_ar\":\"\\u0627\\u0628\\u062f\\u0623 \\u0639\\u0645\\u0644\\u0643 \\u0639\\u0644\\u0649 \\u0627\\u0644\\u0625\\u0646\\u062a\\u0631\\u0646\\u062a \\u0645\\u0639\\u0646\\u0627. \\u0633\\u0648\\u0641 \\u0646\\u0642\\u062f\\u0645 \\u0644\\u0643 \\u0643\\u0644 \\u0623\\u0646\\u0648\\u0627\\u0639 \\u0627\\u0644\\u062e\\u062f\\u0645\\u0627\\u062a \\u0644\\u0645\\u0646\\u062a\\u062c\\u0643. \\u0633\\u0646\\u0633\\u0627\\u0639\\u062f\\u0643 \\u0639\\u0644\\u0649 \\u062a\\u0646\\u0645\\u064a\\u0629 \\u0623\\u0639\\u0645\\u0627\\u0644\\u0643 \\u0641\\u064a \\u0627\\u0644\\u0633\\u0648\\u0642 \\u0639\\u0628\\u0631 \\u0627\\u0644\\u0625\\u0646\\u062a\\u0631\\u0646\\u062a.\",\"button_text_ar\":\"\\u0627\\u0633\\u062a\\u0643\\u0634\\u0627\\u0641 \\u0627\\u0644\\u0645\\u0632\\u064a\\u062f\",\"button_url_ar\":\"#\",\"left_image\":\"314\",\"agency_about_us_repeater\":{\"repeater_title_en_US\":[\"24\\\/7 Service for the clients\",\"24\\\/7 Service for the clients\",\"24\\\/7 Service for the clients\",\"24\\\/7 Service for the clients\"],\"repeater_url_en_US\":[\"#\",\"#\",\"#\",\"#\"],\"repeater_title_ar\":[\"\\u062e\\u062f\\u0645\\u0629 \\u0644\\u0644\\u0639\\u0645\\u0644\\u0627\\u0621\",\"\\u062e\\u062f\\u0645\\u0629 \\u0644\\u0644\\u0639\\u0645\\u0644\\u0627\\u0621\",\"\\u062e\\u062f\\u0645\\u0629 \\u0644\\u0644\\u0639\\u0645\\u0644\\u0627\\u0621\",\"\\u062e\\u062f\\u0645\\u0629 \\u0644\\u0644\\u0639\\u0645\\u0644\\u0627\\u0621\"],\"repeater_url_ar\":[\"#\",\"#\",\"#\",\"#\"]},\"padding_top\":\"0\",\"padding_bottom\":\"0\"}",
    "addon_namespace": "Plugins\\PageBuilder\\Addons\\Tenants\\Agency\\AboutArea",
    "created_at": "2023-03-14T09:10:54.000000Z",
    "updated_at": "2023-03-14T09:10:54.000000Z"
  },
  {
    "id": 73,
    "addon_name": "ServiceArea",
    "addon_type": "update",
    "addon_location": "dynamic_page",
    "addon_order": 4,
    "addon_page_id": 27,
    "addon_page_type": "dynamic_page",
    "addon_settings": "{\"id\":\"73\",\"addon_name\":\"ServiceArea\",\"addon_namespace\":\"UGx1Z2luc1xQYWdlQnVpbGRlclxBZGRvbnNcVGVuYW50c1xBZ2VuY3lcU2VydmljZUFyZWE=\",\"addon_type\":\"update\",\"addon_location\":\"dynamic_page\",\"addon_order\":\"4\",\"addon_page_id\":\"27\",\"addon_page_type\":\"dynamic_page\",\"title_en_US\":\"What {h}Service{\\\/h} we provide for you\",\"title_ar\":\"\\u0645\\u0627 \\u0627\\u0644\\u062e\\u062f\\u0645\\u0629 \\u0627\\u0644\\u062a\\u064a \\u0646\\u0642\\u062f\\u0645\\u0647\\u0627 \\u0644\\u0643\",\"agency_about_us_repeater\":{\"repeater_title_en_US\":[\"Website development\",\"App development\",\"Website Design\",\"Website Boosting\",\"Website Analysis\",\"UI\\\/UX Designer\",\"Seo Optimization\",\"Digital Marketing\"],\"repeater_description_en_US\":[\"Start your online Business with us. We will provide you all kind of service for your product.\",\"Start your online Business with us. We will provide you all kind of service for your product.\",\"Start your online Business with us. We will provide you all kind of service for your product.\",\"Start your online Business with us. We will provide you all kind of service for your product.\",\"Start your online Business with us. We will provide you all kind of service for your product.\",\"Start your online Business with us. We will provide you all kind of service for your product.\",\"Start your online Business with us. We will provide you all kind of service for your product.\",\"Start your online Business with us. We will provide you all kind of service for your product.\"],\"repeater_button_text_en_US\":[\"Explore\",\"Explore\",\"Explore\",\"Explore\",\"Explore\",\"Explore\",\"Explore\",\"Explore\"],\"repeater_button_url_en_US\":[\"#\",\"#\",\"#\",\"#\",\"#\",\"#\",\"#\",\"#\"],\"repeater_image_en_US\":[\"315\",\"315\",\"315\",\"315\",\"315\",\"315\",\"315\",\"315\"],\"repeater_title_ar\":[\"\\u062a\\u0637\\u0648\\u064a\\u0631 \\u0627\\u0644\\u0645\\u0648\\u0642\\u0639\",\"\\u062a\\u0637\\u0648\\u064a\\u0631 \\u0627\\u0644\\u0645\\u0648\\u0642\\u0639\",\"\\u062a\\u0637\\u0648\\u064a\\u0631 \\u0627\\u0644\\u0645\\u0648\\u0642\\u0639\",\"\\u062a\\u0637\\u0648\\u064a\\u0631 \\u0627\\u0644\\u0645\\u0648\\u0642\\u0639\",\"\\u062a\\u0637\\u0648\\u064a\\u0631 \\u0627\\u0644\\u0645\\u0648\\u0642\\u0639\",\"\\u062a\\u0637\\u0648\\u064a\\u0631 \\u0627\\u0644\\u0645\\u0648\\u0642\\u0639\",\"\\u062a\\u0637\\u0648\\u064a\\u0631 \\u0627\\u0644\\u0645\\u0648\\u0642\\u0639\",\"\\u062a\\u0637\\u0648\\u064a\\u0631 \\u0627\\u0644\\u0645\\u0648\\u0642\\u0639\"],\"repeater_description_ar\":[\"\\u0627\\u0628\\u062f\\u0623 \\u0639\\u0645\\u0644\\u0643 \\u0639\\u0644\\u0649 \\u0627\\u0644\\u0625\\u0646\\u062a\\u0631\\u0646\\u062a \\u0645\\u0639\\u0646\\u0627. \\u0633\\u0648\\u0641 \\u0646\\u0642\\u062f\\u0645 \\u0644\\u0643 \\u0643\\u0644 \\u0623\\u0646\\u0648\\u0627\\u0639 \\u0627\\u0644\\u062e\\u062f\\u0645\\u0627\\u062a \\u0644\\u0645\\u0646\\u062a\\u062c\\u0643.\",\"\\u0627\\u0628\\u062f\\u0623 \\u0639\\u0645\\u0644\\u0643 \\u0639\\u0644\\u0649 \\u0627\\u0644\\u0625\\u0646\\u062a\\u0631\\u0646\\u062a \\u0645\\u0639\\u0646\\u0627. \\u0633\\u0648\\u0641 \\u0646\\u0642\\u062f\\u0645 \\u0644\\u0643 \\u0643\\u0644 \\u0623\\u0646\\u0648\\u0627\\u0639 \\u0627\\u0644\\u062e\\u062f\\u0645\\u0627\\u062a \\u0644\\u0645\\u0646\\u062a\\u062c\\u0643.\",\"\\u0627\\u0628\\u062f\\u0623 \\u0639\\u0645\\u0644\\u0643 \\u0639\\u0644\\u0649 \\u0627\\u0644\\u0625\\u0646\\u062a\\u0631\\u0646\\u062a \\u0645\\u0639\\u0646\\u0627. \\u0633\\u0648\\u0641 \\u0646\\u0642\\u062f\\u0645 \\u0644\\u0643 \\u0643\\u0644 \\u0623\\u0646\\u0648\\u0627\\u0639 \\u0627\\u0644\\u062e\\u062f\\u0645\\u0627\\u062a \\u0644\\u0645\\u0646\\u062a\\u062c\\u0643.\",\"\\u0627\\u0628\\u062f\\u0623 \\u0639\\u0645\\u0644\\u0643 \\u0639\\u0644\\u0649 \\u0627\\u0644\\u0625\\u0646\\u062a\\u0631\\u0646\\u062a \\u0645\\u0639\\u0646\\u0627. \\u0633\\u0648\\u0641 \\u0646\\u0642\\u062f\\u0645 \\u0644\\u0643 \\u0643\\u0644 \\u0623\\u0646\\u0648\\u0627\\u0639 \\u0627\\u0644\\u062e\\u062f\\u0645\\u0627\\u062a \\u0644\\u0645\\u0646\\u062a\\u062c\\u0643.\",\"\\u0627\\u0628\\u062f\\u0623 \\u0639\\u0645\\u0644\\u0643 \\u0639\\u0644\\u0649 \\u0627\\u0644\\u0625\\u0646\\u062a\\u0631\\u0646\\u062a \\u0645\\u0639\\u0646\\u0627. \\u0633\\u0648\\u0641 \\u0646\\u0642\\u062f\\u0645 \\u0644\\u0643 \\u0643\\u0644 \\u0623\\u0646\\u0648\\u0627\\u0639 \\u0627\\u0644\\u062e\\u062f\\u0645\\u0627\\u062a \\u0644\\u0645\\u0646\\u062a\\u062c\\u0643.\",\"\\u0627\\u0628\\u062f\\u0623 \\u0639\\u0645\\u0644\\u0643 \\u0639\\u0644\\u0649 \\u0627\\u0644\\u0625\\u0646\\u062a\\u0631\\u0646\\u062a \\u0645\\u0639\\u0646\\u0627. \\u0633\\u0648\\u0641 \\u0646\\u0642\\u062f\\u0645 \\u0644\\u0643 \\u0643\\u0644 \\u0623\\u0646\\u0648\\u0627\\u0639 \\u0627\\u0644\\u062e\\u062f\\u0645\\u0627\\u062a \\u0644\\u0645\\u0646\\u062a\\u062c\\u0643.\",\"\\u0627\\u0628\\u062f\\u0623 \\u0639\\u0645\\u0644\\u0643 \\u0639\\u0644\\u0649 \\u0627\\u0644\\u0625\\u0646\\u062a\\u0631\\u0646\\u062a \\u0645\\u0639\\u0646\\u0627. \\u0633\\u0648\\u0641 \\u0646\\u0642\\u062f\\u0645 \\u0644\\u0643 \\u0643\\u0644 \\u0623\\u0646\\u0648\\u0627\\u0639 \\u0627\\u0644\\u062e\\u062f\\u0645\\u0627\\u062a \\u0644\\u0645\\u0646\\u062a\\u062c\\u0643.\",\"\\u0627\\u0628\\u062f\\u0623 \\u0639\\u0645\\u0644\\u0643 \\u0639\\u0644\\u0649 \\u0627\\u0644\\u0625\\u0646\\u062a\\u0631\\u0646\\u062a \\u0645\\u0639\\u0646\\u0627. \\u0633\\u0648\\u0641 \\u0646\\u0642\\u062f\\u0645 \\u0644\\u0643 \\u0643\\u0644 \\u0623\\u0646\\u0648\\u0627\\u0639 \\u0627\\u0644\\u062e\\u062f\\u0645\\u0627\\u062a \\u0644\\u0645\\u0646\\u062a\\u062c\\u0643.\"],\"repeater_button_text_ar\":[\"\\u064a\\u0643\\u062a\\u0634\\u0641\",\"\\u064a\\u0643\\u062a\\u0634\\u0641\",\"\\u064a\\u0643\\u062a\\u0634\\u0641\",\"\\u064a\\u0643\\u062a\\u0634\\u0641\",\"\\u064a\\u0643\\u062a\\u0634\\u0641\",\"\\u064a\\u0643\\u062a\\u0634\\u0641\",\"\\u064a\\u0643\\u062a\\u0634\\u0641\",\"\\u064a\\u0643\\u062a\\u0634\\u0641\"],\"repeater_button_url_ar\":[\"#\",\"#\",\"#\",\"#\",\"#\",\"#\",\"#\",\"#\"],\"repeater_image_ar\":[\"315\",\"315\",\"315\",\"315\",\"315\",\"315\",\"315\",\"315\"]},\"padding_top\":\"0\",\"padding_bottom\":\"0\"}",
    "addon_namespace": "Plugins\\PageBuilder\\Addons\\Tenants\\Agency\\ServiceArea",
    "created_at": "2023-03-14T09:10:54.000000Z",
    "updated_at": "2023-03-14T09:10:54.000000Z"
  },
  {
    "id": 74,
    "addon_name": "WorkArea",
    "addon_type": "update",
    "addon_location": "dynamic_page",
    "addon_order": 5,
    "addon_page_id": 27,
    "addon_page_type": "dynamic_page",
    "addon_settings": "{\"id\":\"74\",\"addon_name\":\"WorkArea\",\"addon_namespace\":\"UGx1Z2luc1xQYWdlQnVpbGRlclxBZGRvbnNcVGVuYW50c1xBZ2VuY3lcV29ya0FyZWE=\",\"addon_type\":\"update\",\"addon_location\":\"dynamic_page\",\"addon_order\":\"5\",\"addon_page_id\":\"27\",\"addon_page_type\":\"dynamic_page\",\"title_en_US\":\"Our Successful {h}works{\\\/h}\",\"title_ar\":null,\"agency_work_repeater\":{\"repeater_title_en_US\":[\"Digital Agency\",\"Visa Management\",\"Web Software\",\"Marriage Management\",\"Studio Management\"],\"repeater_description_en_US\":[\"Start your online Business with us. We will provide you all kind of service for your product. we will help you to grow your Business in Online marketplace.\",\"Start your online Business with us. We will provide you all kind of service for your product. we will help you to grow your Business in Online marketplace.\",\"Start your online Business with us. We will provide you all kind of service for your product. we will help you to grow your Business in Online marketplace.\",\"Start your online Business with us. We will provide you all kind of service for your product. we will help you to grow your Business in Online marketplace.\",\"Start your online Business with us. We will provide you all kind of service for your product. we will help you to grow your Business in Online marketplace.\"],\"repeater_button_text_en_US\":[\"Explore\",\"Explore\",\"Explore\",\"Explore\",\"Explore\"],\"repeater_button_url_en_US\":[\"#\",\"#\",\"#\",\"#\",\"#\"],\"repeater_image_en_US\":[\"316\",\"316\",\"316\",\"316\",\"316\"],\"repeater_title_ar\":[\"\\u0627\\u0644\\u0648\\u0643\\u0627\\u0644\\u0629 \\u0627\\u0644\\u0631\\u0642\\u0645\\u064a\\u0629\",\"\\u0627\\u0644\\u0648\\u0643\\u0627\\u0644\\u0629 \\u0627\\u0644\\u0631\\u0642\\u0645\\u064a\\u0629\",\"\\u0627\\u0644\\u0648\\u0643\\u0627\\u0644\\u0629 \\u0627\\u0644\\u0631\\u0642\\u0645\\u064a\\u0629\",\"\\u0627\\u0644\\u0648\\u0643\\u0627\\u0644\\u0629 \\u0627\\u0644\\u0631\\u0642\\u0645\\u064a\\u0629\",\"\\u0627\\u0644\\u0648\\u0643\\u0627\\u0644\\u0629 \\u0627\\u0644\\u0631\\u0642\\u0645\\u064a\\u0629\"],\"repeater_description_ar\":[\"\\u0627\\u0628\\u062f\\u0623 \\u0639\\u0645\\u0644\\u0643 \\u0639\\u0644\\u0649 \\u0627\\u0644\\u0625\\u0646\\u062a\\u0631\\u0646\\u062a \\u0645\\u0639\\u0646\\u0627. \\u0633\\u0648\\u0641 \\u0646\\u0642\\u062f\\u0645 \\u0644\\u0643 \\u0643\\u0644 \\u0623\\u0646\\u0648\\u0627\\u0639 \\u0627\\u0644\\u062e\\u062f\\u0645\\u0627\\u062a \\u0644\\u0645\\u0646\\u062a\\u062c\\u0643. \\u0633\\u0646\\u0633\\u0627\\u0639\\u062f\\u0643 \\u0639\\u0644\\u0649 \\u062a\\u0646\\u0645\\u064a\\u0629 \\u0623\\u0639\\u0645\\u0627\\u0644\\u0643 \\u0641\\u064a \\u0627\\u0644\\u0633\\u0648\\u0642 \\u0639\\u0628\\u0631 \\u0627\\u0644\\u0625\\u0646\\u062a\\u0631\\u0646\\u062a.\",\"\\u0627\\u0628\\u062f\\u0623 \\u0639\\u0645\\u0644\\u0643 \\u0639\\u0644\\u0649 \\u0627\\u0644\\u0625\\u0646\\u062a\\u0631\\u0646\\u062a \\u0645\\u0639\\u0646\\u0627. \\u0633\\u0648\\u0641 \\u0646\\u0642\\u062f\\u0645 \\u0644\\u0643 \\u0643\\u0644 \\u0623\\u0646\\u0648\\u0627\\u0639 \\u0627\\u0644\\u062e\\u062f\\u0645\\u0627\\u062a \\u0644\\u0645\\u0646\\u062a\\u062c\\u0643. \\u0633\\u0646\\u0633\\u0627\\u0639\\u062f\\u0643 \\u0639\\u0644\\u0649 \\u062a\\u0646\\u0645\\u064a\\u0629 \\u0623\\u0639\\u0645\\u0627\\u0644\\u0643 \\u0641\\u064a \\u0627\\u0644\\u0633\\u0648\\u0642 \\u0639\\u0628\\u0631 \\u0627\\u0644\\u0625\\u0646\\u062a\\u0631\\u0646\\u062a.\",\"\\u0627\\u0628\\u062f\\u0623 \\u0639\\u0645\\u0644\\u0643 \\u0639\\u0644\\u0649 \\u0627\\u0644\\u0625\\u0646\\u062a\\u0631\\u0646\\u062a \\u0645\\u0639\\u0646\\u0627. \\u0633\\u0648\\u0641 \\u0646\\u0642\\u062f\\u0645 \\u0644\\u0643 \\u0643\\u0644 \\u0623\\u0646\\u0648\\u0627\\u0639 \\u0627\\u0644\\u062e\\u062f\\u0645\\u0627\\u062a \\u0644\\u0645\\u0646\\u062a\\u062c\\u0643. \\u0633\\u0646\\u0633\\u0627\\u0639\\u062f\\u0643 \\u0639\\u0644\\u0649 \\u062a\\u0646\\u0645\\u064a\\u0629 \\u0623\\u0639\\u0645\\u0627\\u0644\\u0643 \\u0641\\u064a \\u0627\\u0644\\u0633\\u0648\\u0642 \\u0639\\u0628\\u0631 \\u0627\\u0644\\u0625\\u0646\\u062a\\u0631\\u0646\\u062a.\",\"\\u0627\\u0628\\u062f\\u0623 \\u0639\\u0645\\u0644\\u0643 \\u0639\\u0644\\u0649 \\u0627\\u0644\\u0625\\u0646\\u062a\\u0631\\u0646\\u062a \\u0645\\u0639\\u0646\\u0627. \\u0633\\u0648\\u0641 \\u0646\\u0642\\u062f\\u0645 \\u0644\\u0643 \\u0643\\u0644 \\u0623\\u0646\\u0648\\u0627\\u0639 \\u0627\\u0644\\u062e\\u062f\\u0645\\u0627\\u062a \\u0644\\u0645\\u0646\\u062a\\u062c\\u0643. \\u0633\\u0646\\u0633\\u0627\\u0639\\u062f\\u0643 \\u0639\\u0644\\u0649 \\u062a\\u0646\\u0645\\u064a\\u0629 \\u0623\\u0639\\u0645\\u0627\\u0644\\u0643 \\u0641\\u064a \\u0627\\u0644\\u0633\\u0648\\u0642 \\u0639\\u0628\\u0631 \\u0627\\u0644\\u0625\\u0646\\u062a\\u0631\\u0646\\u062a.\",\"\\u0627\\u0628\\u062f\\u0623 \\u0639\\u0645\\u0644\\u0643 \\u0639\\u0644\\u0649 \\u0627\\u0644\\u0625\\u0646\\u062a\\u0631\\u0646\\u062a \\u0645\\u0639\\u0646\\u0627. \\u0633\\u0648\\u0641 \\u0646\\u0642\\u062f\\u0645 \\u0644\\u0643 \\u0643\\u0644 \\u0623\\u0646\\u0648\\u0627\\u0639 \\u0627\\u0644\\u062e\\u062f\\u0645\\u0627\\u062a \\u0644\\u0645\\u0646\\u062a\\u062c\\u0643. \\u0633\\u0646\\u0633\\u0627\\u0639\\u062f\\u0643 \\u0639\\u0644\\u0649 \\u062a\\u0646\\u0645\\u064a\\u0629 \\u0623\\u0639\\u0645\\u0627\\u0644\\u0643 \\u0641\\u064a \\u0627\\u0644\\u0633\\u0648\\u0642 \\u0639\\u0628\\u0631 \\u0627\\u0644\\u0625\\u0646\\u062a\\u0631\\u0646\\u062a.\"],\"repeater_button_text_ar\":[\"\\u064a\\u0643\\u062a\\u0634\\u0641\",\"\\u064a\\u0643\\u062a\\u0634\\u0641\",\"\\u064a\\u0643\\u062a\\u0634\\u0641\",\"\\u064a\\u0643\\u062a\\u0634\\u0641\",\"\\u064a\\u0643\\u062a\\u0634\\u0641\"],\"repeater_button_url_ar\":[\"#\",\"#\",\"#\",\"#\",\"#\"],\"repeater_image_ar\":[\"316\",\"316\",\"316\",\"316\",\"316\"]},\"padding_top\":\"0\",\"padding_bottom\":\"0\"}",
    "addon_namespace": "Plugins\\PageBuilder\\Addons\\Tenants\\Agency\\WorkArea",
    "created_at": "2023-03-14T09:10:54.000000Z",
    "updated_at": "2023-03-14T09:10:54.000000Z"
  },
  {
    "id": 75,
    "addon_name": "TestimonialAgency",
    "addon_type": "update",
    "addon_location": "dynamic_page",
    "addon_order": 6,
    "addon_page_id": 27,
    "addon_page_type": "dynamic_page",
    "addon_settings": "{\"id\":\"75\",\"addon_name\":\"TestimonialAgency\",\"addon_namespace\":\"UGx1Z2luc1xQYWdlQnVpbGRlclxBZGRvbnNcVGVuYW50c1xBZ2VuY3lcVGVzdGltb25pYWxBZ2VuY3k=\",\"addon_type\":\"update\",\"addon_location\":\"dynamic_page\",\"addon_order\":\"6\",\"addon_page_id\":\"27\",\"addon_page_type\":\"dynamic_page\",\"title_en_US\":\"What Our {h}Clients Say{\\\/h}\",\"title_ar\":\"\\u0645\\u062d\\u062a\\u0648\\u064a\\u0627\\u062a\\u0646\\u0627\",\"agency_testimonial_repeater\":{\"repeater_title_en_US\":[\"Great Service From Them\",\"Great Service From Them\",\"Great Service From Them\"],\"repeater_description_en_US\":[\"I had I was very sad this day. There were friendly people at the bar that engaged with me. Interactions with people was very well needed. I enjoyed a great Long Island ice tea,some tasty vegetarian nachos, and sat by the water\",\"I had I was very sad this day. There were friendly people at the bar that engaged with me. Interactions with people was very well needed. I enjoyed a great Long Island ice tea,some tasty vegetarian nachos, and sat by the water\",\"I had I was very sad this day. There were friendly people at the bar that engaged with me. Interactions with people was very well needed. I enjoyed a great Long Island ice tea,some tasty vegetarian nachos, and sat by the water\"],\"repeater_name_en_US\":[\"Alex Hales\",\"Damuel Loke\",\"Ross Tylor\"],\"repeater_designation_en_US\":[\"Designer\",\"Designer\",\"Designer\"],\"repeater_image_en_US\":[\"317\",\"317\",\"317\"],\"repeater_title_ar\":[\"\\u062e\\u062f\\u0645\\u0629 \\u0631\\u0627\\u0626\\u0639\\u0629 \\u0645\\u0646\\u0647\\u0645\",\"\\u062e\\u062f\\u0645\\u0629 \\u0631\\u0627\\u0626\\u0639\\u0629 \\u0645\\u0646\\u0647\\u0645\",\"\\u062e\\u062f\\u0645\\u0629 \\u0631\\u0627\\u0626\\u0639\\u0629 \\u0645\\u0646\\u0647\\u0645\"],\"repeater_description_ar\":[\"\\u0644\\u0642\\u062f \\u0643\\u0646\\u062a \\u062d\\u0632\\u064a\\u0646\\u0627 \\u062c\\u062f\\u0627 \\u0647\\u0630\\u0627 \\u0627\\u0644\\u064a\\u0648\\u0645. \\u0643\\u0627\\u0646 \\u0647\\u0646\\u0627\\u0643 \\u0623\\u0634\\u062e\\u0627\\u0635 \\u0648\\u062f\\u0648\\u062f\\u0648\\u0646 \\u0641\\u064a \\u0627\\u0644\\u062d\\u0627\\u0646\\u0629 \\u062a\\u0639\\u0627\\u0645\\u0644\\u0648\\u0627 \\u0645\\u0639\\u064a. \\u0643\\u0627\\u0646\\u062a \\u0647\\u0646\\u0627\\u0643 \\u062d\\u0627\\u062c\\u0629 \\u0645\\u0627\\u0633\\u0629 \\u0644\\u0644\\u062a\\u0641\\u0627\\u0639\\u0644 \\u0645\\u0639 \\u0627\\u0644\\u0646\\u0627\\u0633. \\u0644\\u0642\\u062f \\u0627\\u0633\\u062a\\u0645\\u062a\\u0639\\u062a \\u0628\\u0634\\u0631\\u0628 \\u0634\\u0627\\u064a \\u0645\\u062b\\u0644\\u062c \\u0631\\u0627\\u0626\\u0639 \\u0641\\u064a \\u0644\\u0648\\u0646\\u063a \\u0622\\u064a\\u0644\\u0627\\u0646\\u062f \\u060c \\u0648\\u0628\\u0639\\u0636 \\u0627\\u0644\\u0646\\u0627\\u062a\\u0634\\u0648\\u0632 \\u0627\\u0644\\u0646\\u0628\\u0627\\u062a\\u064a \\u0627\\u0644\\u0644\\u0630\\u064a\\u0630 \\u060c \\u0648\\u062c\\u0644\\u0633\\u062a \\u0628\\u062c\\u0627\\u0646\\u0628 \\u0627\\u0644\\u0645\\u0627\\u0621\",\"\\u0644\\u0642\\u062f \\u0643\\u0646\\u062a \\u062d\\u0632\\u064a\\u0646\\u0627 \\u062c\\u062f\\u0627 \\u0647\\u0630\\u0627 \\u0627\\u0644\\u064a\\u0648\\u0645. \\u0643\\u0627\\u0646 \\u0647\\u0646\\u0627\\u0643 \\u0623\\u0634\\u062e\\u0627\\u0635 \\u0648\\u062f\\u0648\\u062f\\u0648\\u0646 \\u0641\\u064a \\u0627\\u0644\\u062d\\u0627\\u0646\\u0629 \\u062a\\u0639\\u0627\\u0645\\u0644\\u0648\\u0627 \\u0645\\u0639\\u064a. \\u0643\\u0627\\u0646\\u062a \\u0647\\u0646\\u0627\\u0643 \\u062d\\u0627\\u062c\\u0629 \\u0645\\u0627\\u0633\\u0629 \\u0644\\u0644\\u062a\\u0641\\u0627\\u0639\\u0644 \\u0645\\u0639 \\u0627\\u0644\\u0646\\u0627\\u0633. \\u0644\\u0642\\u062f \\u0627\\u0633\\u062a\\u0645\\u062a\\u0639\\u062a \\u0628\\u0634\\u0631\\u0628 \\u0634\\u0627\\u064a \\u0645\\u062b\\u0644\\u062c \\u0631\\u0627\\u0626\\u0639 \\u0641\\u064a \\u0644\\u0648\\u0646\\u063a \\u0622\\u064a\\u0644\\u0627\\u0646\\u062f \\u060c \\u0648\\u0628\\u0639\\u0636 \\u0627\\u0644\\u0646\\u0627\\u062a\\u0634\\u0648\\u0632 \\u0627\\u0644\\u0646\\u0628\\u0627\\u062a\\u064a \\u0627\\u0644\\u0644\\u0630\\u064a\\u0630 \\u060c \\u0648\\u062c\\u0644\\u0633\\u062a \\u0628\\u062c\\u0627\\u0646\\u0628 \\u0627\\u0644\\u0645\\u0627\\u0621\",\"\\u0644\\u0642\\u062f \\u0643\\u0646\\u062a \\u062d\\u0632\\u064a\\u0646\\u0627 \\u062c\\u062f\\u0627 \\u0647\\u0630\\u0627 \\u0627\\u0644\\u064a\\u0648\\u0645. \\u0643\\u0627\\u0646 \\u0647\\u0646\\u0627\\u0643 \\u0623\\u0634\\u062e\\u0627\\u0635 \\u0648\\u062f\\u0648\\u062f\\u0648\\u0646 \\u0641\\u064a \\u0627\\u0644\\u062d\\u0627\\u0646\\u0629 \\u062a\\u0639\\u0627\\u0645\\u0644\\u0648\\u0627 \\u0645\\u0639\\u064a. \\u0643\\u0627\\u0646\\u062a \\u0647\\u0646\\u0627\\u0643 \\u062d\\u0627\\u062c\\u0629 \\u0645\\u0627\\u0633\\u0629 \\u0644\\u0644\\u062a\\u0641\\u0627\\u0639\\u0644 \\u0645\\u0639 \\u0627\\u0644\\u0646\\u0627\\u0633. \\u0644\\u0642\\u062f \\u0627\\u0633\\u062a\\u0645\\u062a\\u0639\\u062a \\u0628\\u0634\\u0631\\u0628 \\u0634\\u0627\\u064a \\u0645\\u062b\\u0644\\u062c \\u0631\\u0627\\u0626\\u0639 \\u0641\\u064a \\u0644\\u0648\\u0646\\u063a \\u0622\\u064a\\u0644\\u0627\\u0646\\u062f \\u060c \\u0648\\u0628\\u0639\\u0636 \\u0627\\u0644\\u0646\\u0627\\u062a\\u0634\\u0648\\u0632 \\u0627\\u0644\\u0646\\u0628\\u0627\\u062a\\u064a \\u0627\\u0644\\u0644\\u0630\\u064a\\u0630 \\u060c \\u0648\\u062c\\u0644\\u0633\\u062a \\u0628\\u062c\\u0627\\u0646\\u0628 \\u0627\\u0644\\u0645\\u0627\\u0621\"],\"repeater_name_ar\":[\"\\u0623\\u0644\\u064a\\u0643\\u0633 \\u0647\\u064a\\u0644\\u0632\",\"\\u0623\\u0644\\u064a\\u0643\\u0633 \\u0647\\u064a\\u0644\\u0632\",\"\\u0623\\u0644\\u064a\\u0643\\u0633 \\u0647\\u064a\\u0644\\u0632\"],\"repeater_designation_ar\":[\"\\u0623\\u0644\\u064a\\u0643\\u0633 \\u0647\\u064a\\u0644\\u0632\",\"\\u0623\\u0644\\u064a\\u0643\\u0633 \\u0647\\u064a\\u0644\\u0632\",\"\\u0623\\u0644\\u064a\\u0643\\u0633 \\u0647\\u064a\\u0644\\u0632\"],\"repeater_image_ar\":[\"317\",\"317\",\"317\"]},\"padding_top\":\"0\",\"padding_bottom\":\"0\"}",
    "addon_namespace": "Plugins\\PageBuilder\\Addons\\Tenants\\Agency\\TestimonialAgency",
    "created_at": "2023-03-14T09:10:54.000000Z",
    "updated_at": "2023-03-14T09:10:54.000000Z"
  },
  {
    "id": 76,
    "addon_name": "BlogAreaAgency",
    "addon_type": "update",
    "addon_location": "dynamic_page",
    "addon_order": 7,
    "addon_page_id": 27,
    "addon_page_type": "dynamic_page",
    "addon_settings": "{\"id\":\"76\",\"addon_name\":\"BlogAreaAgency\",\"addon_namespace\":\"UGx1Z2luc1xQYWdlQnVpbGRlclxBZGRvbnNcVGVuYW50c1xBZ2VuY3lcQmxvZ0FyZWFBZ2VuY3k=\",\"addon_type\":\"update\",\"addon_location\":\"dynamic_page\",\"addon_order\":\"7\",\"addon_page_id\":\"27\",\"addon_page_type\":\"dynamic_page\",\"title_en_US\":\"Our Latest {h}Blog{\\\/h}\",\"title_ar\":\"\\u0623\\u062d\\u062f\\u062b \\u0645\\u062f\\u0648\\u0646\\u0629 \\u0644\\u062f\\u064a\\u0646\\u0627\",\"categories\":\"5\",\"order_by\":\"id\",\"order\":\"asc\",\"items\":\"5\",\"padding_top\":\"0\",\"padding_bottom\":\"0\"}",
    "addon_namespace": "Plugins\\PageBuilder\\Addons\\Tenants\\Agency\\BlogAreaAgency",
    "created_at": "2023-03-14T09:10:54.000000Z",
    "updated_at": "2023-03-14T09:10:54.000000Z"
  },
  {
    "id": 77,
    "addon_name": "ContactArea",
    "addon_type": "update",
    "addon_location": "dynamic_page",
    "addon_order": 8,
    "addon_page_id": 27,
    "addon_page_type": "dynamic_page",
    "addon_settings": "{\"id\":\"77\",\"addon_name\":\"ContactArea\",\"addon_namespace\":\"UGx1Z2luc1xQYWdlQnVpbGRlclxBZGRvbnNcVGVuYW50c1xBZ2VuY3lcQ29udGFjdEFyZWE=\",\"addon_type\":\"update\",\"addon_location\":\"dynamic_page\",\"addon_order\":\"8\",\"addon_page_id\":\"27\",\"addon_page_type\":\"dynamic_page\",\"title_en_US\":\"Do you need any {h}Service{\\\/h} from us?\",\"button_text_en_US\":\"Contact Us\",\"button_url_en_US\":\"#\",\"title_ar\":\"\\u0647\\u0644 \\u062a\\u062d\\u062a\\u0627\\u062c \\u0627\\u064a \\u062e\\u062f\\u0645\\u0629 \\u0645\\u0646\\u0627\\u061f\",\"button_text_ar\":\"\\u0627\\u062a\\u0635\\u0644 \\u0628\\u0646\\u0627\",\"button_url_ar\":\"#\",\"padding_top\":\"0\",\"padding_bottom\":\"0\"}",
    "addon_namespace": "Plugins\\PageBuilder\\Addons\\Tenants\\Agency\\ContactArea",
    "created_at": "2023-03-14T09:10:54.000000Z",
    "updated_at": "2023-03-14T09:10:54.000000Z"
  }
]