[{"id":46,"addon_name":"HeaderFour","addon_type":"update","addon_location":"dynamic_page","addon_order":1,"addon_page_id":18,"addon_page_type":"dynamic_page","addon_settings":"{\"id\":\"54\",\"addon_name\":\"HeaderFour\",\"addon_namespace\":\"UGx1Z2luc1xQYWdlQnVpbGRlclxBZGRvbnNcVGVuYW50c1xLbm93bGVkZ2ViYXNlXEhlYWRlckZvdXI=\",\"addon_type\":\"update\",\"addon_location\":\"dynamic_page\",\"addon_order\":\"1\",\"addon_page_id\":\"18\",\"addon_page_type\":\"dynamic_page\",\"title_en_US\":\"We Are Ready to {h}Help {\\\/h}You\",\"description_en_US\":\"Sed ut perspiciatis unde omnis iste natus error sit voluptatem accusan doloremque laudantium, totam rem aperiam.\",\"button_text_en_US\":\"Search\",\"title_ar\":\"\\u0625\\u0646 \\u0644\\u0645 \\u062a\\u0643\\u0646 \\u0627\\u0644\\u0623\\u0641\\u0636\\u0644. \\u0623\\u0631\\u062f\\u062a \\u0623\\u0646 \\u0623\\u0639\\u0631\\u0641 \\u0643\\u064a\\u0641\",\"description_ar\":\"\\u0628\\u0639\\u062f \\u0623\\u0646 \\u062d\\u0627\\u0648\\u0644\\u062a \\u0644\\u0633\\u0646\\u0648\\u0627\\u062a \\u0627\\u0644\\u062d\\u0635\\u0648\\u0644 \\u0639\\u0644\\u0649 \\u0647\\u0630\\u0647 \\u0627\\u0644\\u0642\\u0648\\u0627\\u0626\\u0645 \\u0645\\u0639 \\u0645\\u0646\\u062a\\u062c\\u0627\\u062a\\u064a \\u060c \\u0623\\u0631\\u062f\\u062a \\u0623\\u0646 \\u0623\\u0639\\u0631\\u0641 \\u0643\\u064a\\u0641 \\u0647\\u0628\\u0637\\u062a \\u0647\\u0630\\u0647 \\u0627\\u0644\\u0634\\u0631\\u0643\\u0629 \\u0648\\u0648\\u0627\\u062d\\u062f\\u0629 \\u0645\\u0646 \\u0627\\u0644\\u0623\\u0641\\u0636\\u0644 \\u0625\\u0646 \\u0644\\u0645 \\u062a\\u0643\\u0646 \\u0627\\u0644\\u0623\\u0641\\u0636\\u0644. \\u0623\\u0631\\u062f\\u062a \\u0623\\u0646 \\u0623\\u0639\\u0631\\u0641 \\u0643\\u064a\\u0641 \\u0647\\u0628\\u0637\\u062a \\u0628\\u0627\\u0639\\u062a\\u0628\\u0627\\u0631\\u0647\\u0627 \\u0627\\u0644\\u0648\\u062d\\u064a\\u062f\\u0629 \\u0641\\u064a\",\"button_text_ar\":\"\\u0623\\u0646 \\u0623\\u0639\\u0631\\u0641 \\u0643\\u064a\\u0641\",\"left_image\":\"216\",\"right_image\":\"215\",\"padding_top\":\"0\",\"padding_bottom\":\"0\"}","addon_namespace":"Plugins\\PageBuilder\\Addons\\Tenants\\Knowledgebase\\HeaderFour","created_at":"2023-03-14T09:10:54.000000Z","updated_at":"2023-03-14T09:10:54.000000Z"},{"id":47,"addon_name":"Knowledgebase","addon_type":"update","addon_location":"dynamic_page","addon_order":2,"addon_page_id":18,"addon_page_type":"dynamic_page","addon_settings":"{\"id\":\"55\",\"addon_name\":\"Knowledgebase\",\"addon_namespace\":\"UGx1Z2luc1xQYWdlQnVpbGRlclxBZGRvbnNcVGVuYW50c1xLbm93bGVkZ2ViYXNlXEtub3dsZWRnZWJhc2U=\",\"addon_type\":\"update\",\"addon_location\":\"dynamic_page\",\"addon_order\":\"2\",\"addon_page_id\":\"18\",\"addon_page_type\":\"dynamic_page\",\"title_en_US\":\"Explore Our {h}Airticles{\\\/h}\",\"button_text_en_US\":\"View All\",\"button_url_en_US\":\"https:\\\/\\\/donation.pica-multi.test\\\/knowledgebase\",\"explore_text_en_US\":\"Explore All\",\"explore_url_en_US\":\"https:\\\/\\\/donation.pica-multi.test\\\/knowledgebase\",\"title_ar\":\"\\u0627\\u0633\\u062a\\u0643\\u0634\\u0641 \\u0645\\u062c\\u0644\\u0627\\u062a\\u0646\\u0627 \\u0627\\u0644\\u0647\\u0648\\u0627\\u0626\\u064a\\u0629\",\"button_text_ar\":\"\\u0627\\u0633\\u062a\\u0643\\u0634\\u0641 \\u0645\",\"button_url_ar\":\"#\",\"explore_text_ar\":\"\\u0627\\u0633\\u062a\\u0643\\u0634\\u0641 \\u0627\\u0644\\u0643\\u0644\",\"explore_url_ar\":\"#\",\"items\":\"6\",\"article_items\":\"3\",\"padding_top\":\"0\",\"padding_bottom\":\"0\"}","addon_namespace":"Plugins\\PageBuilder\\Addons\\Tenants\\Knowledgebase\\Knowledgebase","created_at":"2023-03-14T09:10:54.000000Z","updated_at":"2023-03-14T09:10:54.000000Z"},{"id":48,"addon_name":"AboutKnowledgebaseOne","addon_type":"update","addon_location":"dynamic_page","addon_order":3,"addon_page_id":18,"addon_page_type":"dynamic_page","addon_settings":"{\"id\":\"56\",\"addon_name\":\"AboutKnowledgebaseOne\",\"addon_namespace\":\"UGx1Z2luc1xQYWdlQnVpbGRlclxBZGRvbnNcVGVuYW50c1xLbm93bGVkZ2ViYXNlXEFib3V0S25vd2xlZGdlYmFzZU9uZQ==\",\"addon_type\":\"update\",\"addon_location\":\"dynamic_page\",\"addon_order\":\"3\",\"addon_page_id\":\"18\",\"addon_page_type\":\"dynamic_page\",\"title_en_US\":\"Knowledge is {h}power{\\\/h}\",\"description_en_US\":\"This is the best platform where you can find your job very easily without any difficulity. It\\u2019s very simple and easy way where you can find your dream Job.\",\"button_text_en_US\":\"Exoplore More\",\"button_url_en_US\":\"#\",\"title_ar\":\"\\u0627\\u0644\\u0645\\u0639\\u0631\\u0641\\u0629 \\u0642\\u0648\\u0629\",\"description_ar\":\"\\u0647\\u0630\\u0627 \\u0647\\u0648 \\u0623\\u0641\\u0636\\u0644 \\u0645\\u0646\\u0635\\u0629 \\u062d\\u064a\\u062b \\u064a\\u0645\\u0643\\u0646\\u0643 \\u0627\\u0644\\u0639\\u062b\\u0648\\u0631 \\u0639\\u0644\\u0649 \\u0648\\u0638\\u064a\\u0641\\u062a\\u0643 \\u0628\\u0633\\u0647\\u0648\\u0644\\u0629 \\u0628\\u0627\\u0644\\u063a\\u0629 \\u062f\\u0648\\u0646 \\u0623\\u064a \\u0635\\u0639\\u0648\\u0628\\u0629. \\u0625\\u0646\\u0647\\u0627 \\u0637\\u0631\\u064a\\u0642\\u0629 \\u0628\\u0633\\u064a\\u0637\\u0629 \\u0648\\u0633\\u0647\\u0644\\u0629 \\u0644\\u0644\\u063a\\u0627\\u064a\\u0629 \\u062d\\u064a\\u062b \\u064a\\u0645\\u0643\\u0646\\u0643 \\u0627\\u0644\\u0639\\u062b\\u0648\\u0631 \\u0639\\u0644\\u0649 \\u0627\\u0644\\u0648\\u0638\\u064a\\u0641\\u0629 \\u0627\\u0644\\u062a\\u064a \\u062a\\u062d\\u0644\\u0645 \\u0628\\u0647\\u0627.\",\"button_text_ar\":\"\\u0627\\u0644\\u0645\\u0639\\u0631\\u0641\\u0629 \\u0642\\u0648\\u0629\",\"button_url_ar\":\"#\",\"left_image\":\"217\",\"video_url\":\"https:\\\/\\\/youtu.be\\\/1Cv7qzDXY08\",\"about_us_knowledgebase_repeater\":{\"repeater_title_en_US\":[\"This is the best platform where you can\",\"This is the best platform where you can\",\"This is the best platform where you can\",\"Another way to live peacefully\"],\"repeater_title_ar\":[\"\\u0627\\u0633\\u062a\\u0643\\u0634\\u0627\\u0641 \\u0627\\u0644\\u0645\\u0632\\u064a\\u062f\",\"\\u0627\\u0633\\u062a\\u0643\\u0634\\u0627\\u0641 \\u0627\\u0644\\u0645\\u0632\\u064a\\u062f\",\"\\u0627\\u0633\\u062a\\u0643\\u0634\\u0627\\u0641 \\u0627\\u0644\\u0645\\u0632\\u064a\\u062f\",\"\\u0627\\u0633\\u062a\\u0643\\u0634\\u0627\\u0641 \\u0627\\u0644\\u0645\\u0632\\u064a\\u062f\"]},\"padding_top\":\"0\",\"padding_bottom\":\"0\"}","addon_namespace":"Plugins\\PageBuilder\\Addons\\Tenants\\Knowledgebase\\AboutKnowledgebaseOne","created_at":"2023-03-14T09:10:54.000000Z","updated_at":"2023-03-14T09:10:54.000000Z"},{"id":49,"addon_name":"TestimonialFour","addon_type":"update","addon_location":"dynamic_page","addon_order":4,"addon_page_id":18,"addon_page_type":"dynamic_page","addon_settings":"{\"id\":\"57\",\"addon_name\":\"TestimonialFour\",\"addon_namespace\":\"UGx1Z2luc1xQYWdlQnVpbGRlclxBZGRvbnNcVGVuYW50c1xDb21tb25cbWlzY1xUZXN0aW1vbmlhbEZvdXI=\",\"addon_type\":\"update\",\"addon_location\":\"dynamic_page\",\"addon_order\":\"4\",\"addon_page_id\":\"18\",\"addon_page_type\":\"dynamic_page\",\"title_en_US\":\"Our Customer {h}Review{\\\/h}\",\"title_ar\":\"\\u0645\\u0631\\u0627\\u062c\\u0639\\u0629 \\u0627\\u0644\\u0639\\u0645\\u0644\\u0627\\u0621 \\u0644\\u062f\\u064a\\u0646\\u0627\",\"item\":\"5\",\"order_by\":\"id\",\"order\":\"asc\",\"padding_top\":\"0\",\"padding_bottom\":\"0\"}","addon_namespace":"Plugins\\PageBuilder\\Addons\\Tenants\\Common\\misc\\TestimonialFour","created_at":"2023-03-14T09:10:54.000000Z","updated_at":"2023-03-14T09:10:54.000000Z"},{"id":50,"addon_name":"FaqTwo","addon_type":"update","addon_location":"dynamic_page","addon_order":5,"addon_page_id":18,"addon_page_type":"dynamic_page","addon_settings":"{\"id\":\"58\",\"addon_name\":\"FaqTwo\",\"addon_namespace\":\"UGx1Z2luc1xQYWdlQnVpbGRlclxBZGRvbnNcVGVuYW50c1xDb21tb25cbWlzY1xGYXFUd28=\",\"addon_type\":\"update\",\"addon_location\":\"dynamic_page\",\"addon_order\":\"5\",\"addon_page_id\":\"18\",\"addon_page_type\":\"dynamic_page\",\"heading_titleen_US\":\"Freequently asked {h}Question{\\\/h}\",\"left_title-en_US\":\"Do you have any Question?\",\"button_text_en_US\":\"Submit your quistion\",\"heading_titlear\":\"\\u0623\\u0633\\u0626\\u0644\\u0629 \\u0634\\u0627\\u0626\\u0639\\u0629\",\"left_title-ar\":\"\\u0647\\u0644 \\u0644\\u062f\\u064a\\u0643 \\u0627\\u064a \\u0633\\u0624\\u0627\\u0644\\u061f\",\"button_text_ar\":\"\\u064a\\u064f\\u0642\\u062f\\u0651\\u0650\\u0645\",\"order_by\":\"id\",\"order\":\"asc\",\"category_items\":\"5\",\"padding_top\":\"0\",\"padding_bottom\":\"0\"}","addon_namespace":"Plugins\\PageBuilder\\Addons\\Tenants\\Common\\misc\\FaqTwo","created_at":"2023-03-14T09:10:54.000000Z","updated_at":"2023-03-14T09:10:54.000000Z"}]