[
  {
    "id": 1,
    "addon_name": "HeaderArea",
    "addon_type": "update",
    "addon_location": "dynamic_page",
    "addon_order": 1,
    "addon_page_id": 35,
    "addon_page_type": "dynamic_page",
    "addon_settings": "{\"id\":\"31\",\"addon_name\":\"HeaderArea\",\"addon_namespace\":\"UGx1Z2luc1xQYWdlQnVpbGRlclxBZGRvbnNcVGVuYW50c1xCYXJiZXJTaG9wXEhlYWRlckFyZWE=\",\"addon_type\":\"update\",\"addon_location\":\"dynamic_page\",\"addon_order\":\"1\",\"addon_page_id\":\"35\",\"addon_page_type\":\"dynamic_page\",\"title_en_US\":\"We are looking to make you {h}Handsome{\\\/h}\",\"description_en_US\":\"If you\\u2019ve ever wondered what hairstyle suite you and how you should cut your hair, here\\u2019s a list of the top styles for all men.\\r\\n\\r\\nBook an Appointment\",\"button_text_en_US\":\"Book an Appointment\",\"button_url_en_US\":\"#\",\"video_text_en_US\":\"Watch Video\",\"video_url_en_US\":\"https:\\\/\\\/www.youtube.com\\\/watch?v=8AdddGDMZ1s\",\"open_text_en_US\":\"Open\",\"close_text_en_US\":\"Close\",\"open_time_en_US\":\"09:00 am\",\"close_time_en_US\":\"10:00 pm\",\"title_ar\":\"\\u0646\\u062d\\u0646 \\u0646\\u062a\\u0637\\u0644\\u0639 \\u0625\\u0644\\u0649 \\u062c\\u0639\\u0644\\u0643 \\u0648\\u0633\\u064a\\u0645\\u064b\\u0627\",\"description_ar\":\"\\u0625\\u0630\\u0627 \\u0643\\u0646\\u062a \\u0642\\u062f \\u062a\\u0633\\u0627\\u0621\\u0644\\u062a \\u064a\\u0648\\u0645\\u064b\\u0627 \\u0639\\u0646 \\u062a\\u0635\\u0641\\u064a\\u0641\\u0629 \\u0627\\u0644\\u0634\\u0639\\u0631 \\u0627\\u0644\\u062a\\u064a \\u062a\\u0646\\u0627\\u0633\\u0628\\u0643 \\u0648\\u0643\\u064a\\u0641 \\u064a\\u062c\\u0628 \\u0639\\u0644\\u064a\\u0643 \\u0642\\u0635 \\u0634\\u0639\\u0631\\u0643 \\u060c \\u0641\\u0625\\u0644\\u064a\\u0643 \\u0642\\u0627\\u0626\\u0645\\u0629 \\u0628\\u0623\\u0641\\u0636\\u0644 \\u0627\\u0644\\u062a\\u0633\\u0631\\u064a\\u062d\\u0627\\u062a \\u0644\\u062c\\u0645\\u064a\\u0639 \\u0627\\u0644\\u0631\\u062c\\u0627\\u0644.\\r\\n\\r\\n\\u0627\\u062d\\u062c\\u0632 \\u0645\\u0648\\u0639\\u062f\\u064b\\u0627\",\"button_text_ar\":\"\\u0627\\u062d\\u062c\\u0632 \\u0645\\u0648\\u0639\\u062f\\u064b\\u0627\",\"button_url_ar\":\"#\",\"video_text_ar\":\"\\u0634\\u0627\\u0647\\u062f \\u0627\\u0644\\u0641\\u064a\\u062f\\u064a\\u0648\",\"video_url_ar\":\"#\",\"open_text_ar\":\"\\u064a\\u0641\\u062a\\u062d\",\"close_text_ar\":\"\\u064a\\u063a\\u0644\\u0642\",\"open_time_ar\":\"09:00 am\",\"close_time_ar\":\"10:00 pm\",\"left_small_star_image\":\"503\",\"middle_scissor_image\":\"502\",\"middle_small_star_image\":\"504\",\"middle_medium_text_star_image\":\"506\",\"right_product_image\":\"508\",\"right_shape_image\":\"507\",\"right_barber_image\":\"509\",\"right_price_image\":\"505\",\"barber_shop_banner_bottom_left_repeater\":{\"repeater_title_en_US\":[\"Saloon Service\",\"Barbering\",\"Spa & Massage\",\"Grooming\",\"Grooming\",\"Grooming\",\"Grooming\",\"Grooming\",\"Grooming\"],\"repeater_image_en_US\":[\"500\",\"500\",\"500\",\"500\",\"500\",\"500\",\"500\",\"500\",\"500\"],\"repeater_title_ar\":[\"\\u062e\\u062f\\u0645\\u0629 \\u0635\\u0627\\u0644\\u0648\\u0646\",\"\\u062e\\u062f\\u0645\\u0629 \\u0635\\u0627\\u0644\\u0648\\u0646\",\"\\u062e\\u062f\\u0645\\u0629 \\u0635\\u0627\\u0644\\u0648\\u0646\",\"\\u062e\\u062f\\u0645\\u0629 \\u0635\\u0627\\u0644\\u0648\\u0646\",\"\\u062e\\u062f\\u0645\\u0629 \\u0635\\u0627\\u0644\\u0648\\u0646\",\"\\u062e\\u062f\\u0645\\u0629 \\u0635\\u0627\\u0644\\u0648\\u0646\",\"\\u062e\\u062f\\u0645\\u0629 \\u0635\\u0627\\u0644\\u0648\\u0646\",\"\\u062e\\u062f\\u0645\\u0629 \\u0635\\u0627\\u0644\\u0648\\u0646\",\"\\u062e\\u062f\\u0645\\u0629 \\u0635\\u0627\\u0644\\u0648\\u0646\"],\"repeater_image_ar\":[\"500\",\"500\",\"500\",\"500\",\"500\",\"500\",\"500\",\"500\",\"500\"]},\"barber_shop_banner_bottom_right_repeater\":{\"repeater_title_en_US\":[\"Hair Cut\",\"Face Wash\",\"Hair Color\",\"Clean Shave\",\"Foam Shave\",\"Foam Shave\",\"Foam Shave\",\"Foam Shave\"],\"repeater_image_en_US\":[\"500\",\"500\",\"500\",\"500\",\"500\",\"500\",\"500\",\"500\"],\"repeater_title_ar\":[\"\\u062e\\u062f\\u0645\\u0629 \\u0635\\u0627\\u0644\\u0648\\u0646\",\"\\u062e\\u062f\\u0645\\u0629 \\u0635\\u0627\\u0644\\u0648\\u0646\",\"\\u062e\\u062f\\u0645\\u0629 \\u0635\\u0627\\u0644\\u0648\\u0646\",\"\\u062e\\u062f\\u0645\\u0629 \\u0635\\u0627\\u0644\\u0648\\u0646\",\"\\u062e\\u062f\\u0645\\u0629 \\u0635\\u0627\\u0644\\u0648\\u0646\",\"\\u062e\\u062f\\u0645\\u0629 \\u0635\\u0627\\u0644\\u0648\\u0646\",\"\\u062e\\u062f\\u0645\\u0629 \\u0635\\u0627\\u0644\\u0648\\u0646\",\"\\u062e\\u062f\\u0645\\u0629 \\u0635\\u0627\\u0644\\u0648\\u0646\"],\"repeater_image_ar\":[null,null,null,null,null,null,null,null]},\"padding_top\":\"100\",\"padding_bottom\":\"100\"}",
    "addon_namespace": "Plugins\\PageBuilder\\Addons\\Tenants\\BarberShop\\HeaderArea",
    "created_at": "2023-05-27T11:12:16.000000Z",
    "updated_at": "2023-05-27T11:12:16.000000Z"
  },
  {
    "id": 2,
    "addon_name": "AppointmentArea",
    "addon_type": "update",
    "addon_location": "dynamic_page",
    "addon_order": 2,
    "addon_page_id": 35,
    "addon_page_type": "dynamic_page",
    "addon_settings": "{\"id\":\"32\",\"addon_name\":\"AppointmentArea\",\"addon_namespace\":\"UGx1Z2luc1xQYWdlQnVpbGRlclxBZGRvbnNcVGVuYW50c1xCYXJiZXJTaG9wXEFwcG9pbnRtZW50QXJlYQ==\",\"addon_type\":\"update\",\"addon_location\":\"dynamic_page\",\"addon_order\":\"2\",\"addon_page_id\":\"35\",\"addon_page_type\":\"dynamic_page\",\"title_en_US\":\"Our Barber {h}Service{\\\/h}\",\"button_text_en_US\":\"Book Now\",\"bottom_button_text_en_US\":\"Explore More\",\"bottom_button_url_en_US\":\"#\",\"title_ar\":\"\\u062d\\u0644\\u0627\\u0642\\u0646\\u0627\",\"button_text_ar\":\"\\u062d\\u0644\\u0627\\u0642\\u0646\\u0627\",\"bottom_button_text_ar\":\"\\u062d\\u0644\\u0627\\u0642\\u0646\\u0627\",\"bottom_button_url_ar\":\"#\",\"category\":\"1\",\"order_by\":\"id\",\"order\":\"asc\",\"items\":\"6\",\"left_small_image\":\"504\",\"right_small_image\":\"502\",\"padding_top\":\"100\",\"padding_bottom\":\"50\"}",
    "addon_namespace": "Plugins\\PageBuilder\\Addons\\Tenants\\BarberShop\\AppointmentArea",
    "created_at": "2023-05-27T11:12:16.000000Z",
    "updated_at": "2023-05-27T11:12:16.000000Z"
  },
  {
    "id": 3,
    "addon_name": "AboutArea",
    "addon_type": "update",
    "addon_location": "dynamic_page",
    "addon_order": 3,
    "addon_page_id": 35,
    "addon_page_type": "dynamic_page",
    "addon_settings": "{\"id\":\"33\",\"addon_name\":\"AboutArea\",\"addon_namespace\":\"UGx1Z2luc1xQYWdlQnVpbGRlclxBZGRvbnNcVGVuYW50c1xCYXJiZXJTaG9wXEFib3V0QXJlYQ==\",\"addon_type\":\"update\",\"addon_location\":\"dynamic_page\",\"addon_order\":\"3\",\"addon_page_id\":\"35\",\"addon_page_type\":\"dynamic_page\",\"title_en_US\":\"We are Happy to make you {h}Handsome{\\\/h}\",\"description_en_US\":\"If you\\u2019ve ever wondered what hairstyle suite you and how you should cut your hair.\\r\\n\\r\\nIf you\\u2019ve ever wondered what hairstyle suite you and how you should cut your hair, here\\u2019s a list of the top styles for all men. If you\\u2019ve ever wondered what hairstyle suite you and how you should cut your hair, here\\u2019s a list of the top styles for all men.\",\"button_text_en_US\":\"Explore More\",\"button_url_en_US\":\"#\",\"author_name_en_US\":\"Leslie Alexander\",\"title_ar\":\"\\u064a\\u0633\\u0639\\u062f\\u0646\\u0627 \\u0623\\u0646 \\u0646\\u062c\\u0639\\u0644\\u0643 \\u0648\\u0633\\u064a\\u0645\\u064b\\u0627\",\"description_ar\":\"\\u0625\\u0630\\u0627 \\u0643\\u0646\\u062a \\u0642\\u062f \\u062a\\u0633\\u0627\\u0621\\u0644\\u062a \\u064a\\u0648\\u0645\\u064b\\u0627 \\u0639\\u0646 \\u062a\\u0635\\u0641\\u064a\\u0641\\u0629 \\u0627\\u0644\\u0634\\u0639\\u0631 \\u0627\\u0644\\u062a\\u064a \\u062a\\u0646\\u0627\\u0633\\u0628\\u0643 \\u0648\\u0643\\u064a\\u0641 \\u064a\\u062c\\u0628 \\u0639\\u0644\\u064a\\u0643 \\u0642\\u0635 \\u0634\\u0639\\u0631\\u0643.\\r\\n\\r\\n\\u0625\\u0630\\u0627 \\u0643\\u0646\\u062a \\u0642\\u062f \\u062a\\u0633\\u0627\\u0621\\u0644\\u062a \\u064a\\u0648\\u0645\\u064b\\u0627 \\u0639\\u0646 \\u062a\\u0635\\u0641\\u064a\\u0641\\u0629 \\u0627\\u0644\\u0634\\u0639\\u0631 \\u0627\\u0644\\u062a\\u064a \\u062a\\u0646\\u0627\\u0633\\u0628\\u0643 \\u0648\\u0643\\u064a\\u0641 \\u064a\\u062c\\u0628 \\u0639\\u0644\\u064a\\u0643 \\u0642\\u0635 \\u0634\\u0639\\u0631\\u0643 \\u060c \\u0641\\u0625\\u0644\\u064a\\u0643 \\u0642\\u0627\\u0626\\u0645\\u0629 \\u0628\\u0623\\u0641\\u0636\\u0644 \\u0627\\u0644\\u062a\\u0633\\u0631\\u064a\\u062d\\u0627\\u062a \\u0644\\u062c\\u0645\\u064a\\u0639 \\u0627\\u0644\\u0631\\u062c\\u0627\\u0644. \\u0625\\u0630\\u0627 \\u0643\\u0646\\u062a \\u0642\\u062f \\u062a\\u0633\\u0627\\u0621\\u0644\\u062a \\u064a\\u0648\\u0645\\u064b\\u0627 \\u0639\\u0646 \\u062a\\u0635\\u0641\\u064a\\u0641\\u0629 \\u0627\\u0644\\u0634\\u0639\\u0631 \\u0627\\u0644\\u062a\\u064a \\u062a\\u0646\\u0627\\u0633\\u0628\\u0643 \\u0648\\u0643\\u064a\\u0641 \\u064a\\u062c\\u0628 \\u0639\\u0644\\u064a\\u0643 \\u0642\\u0635 \\u0634\\u0639\\u0631\\u0643 \\u060c \\u0641\\u0625\\u0644\\u064a\\u0643 \\u0642\\u0627\\u0626\\u0645\\u0629 \\u0628\\u0623\\u0641\\u0636\\u0644 \\u0627\\u0644\\u062a\\u0633\\u0631\\u064a\\u062d\\u0627\\u062a \\u0644\\u062c\\u0645\\u064a\\u0639 \\u0627\\u0644\\u0631\\u062c\\u0627\\u0644.\",\"button_text_ar\":\"\\u064a\\u0633\\u0639\\u062f\\u0646\\u0627 \\u0623\\u0646 \\u0646\",\"button_url_ar\":\"#\",\"author_name_ar\":\"\\u064a\\u0633\\u0639\\u062f\\u0646\\u0627 \\u0623\\u0646 \\u0646\",\"left_image_one\":\"512\",\"left_image_two\":\"513\",\"author_image\":\"510\",\"shape_image\":\"511\",\"padding_top\":\"50\",\"padding_bottom\":\"50\"}",
    "addon_namespace": "Plugins\\PageBuilder\\Addons\\Tenants\\BarberShop\\AboutArea",
    "created_at": "2023-05-27T11:12:16.000000Z",
    "updated_at": "2023-05-27T11:12:16.000000Z"
  },
  {
    "id": 4,
    "addon_name": "ShopArea",
    "addon_type": "update",
    "addon_location": "dynamic_page",
    "addon_order": 4,
    "addon_page_id": 35,
    "addon_page_type": "dynamic_page",
    "addon_settings": "{\"id\":\"34\",\"addon_name\":\"ShopArea\",\"addon_namespace\":\"UGx1Z2luc1xQYWdlQnVpbGRlclxBZGRvbnNcVGVuYW50c1xCYXJiZXJTaG9wXFNob3BBcmVh\",\"addon_type\":\"update\",\"addon_location\":\"dynamic_page\",\"addon_order\":\"4\",\"addon_page_id\":\"35\",\"addon_page_type\":\"dynamic_page\",\"title_en_US\":\"Explore Our {h}Shop{\\\/h}\",\"title_ar\":\"\\u0627\\u0643\\u062a\\u0634\\u0641 \\u0645\\u062a\\u062c\\u0631\\u0646\\u0627\",\"categories\":[\"10\"],\"order_by\":\"id\",\"order\":\"asc\",\"items\":\"5\",\"product_type\":\"popular\",\"short_image_top\":\"504\",\"bottom_image_top\":\"504\",\"padding_top\":\"50\",\"padding_bottom\":\"100\"}",
    "addon_namespace": "Plugins\\PageBuilder\\Addons\\Tenants\\BarberShop\\ShopArea",
    "created_at": "2023-05-27T11:12:16.000000Z",
    "updated_at": "2023-05-27T11:12:16.000000Z"
  },
  {
    "id": 5,
    "addon_name": "WorkArea",
    "addon_type": "update",
    "addon_location": "dynamic_page",
    "addon_order": 5,
    "addon_page_id": 35,
    "addon_page_type": "dynamic_page",
    "addon_settings": "{\"id\":\"35\",\"addon_name\":\"WorkArea\",\"addon_namespace\":\"UGx1Z2luc1xQYWdlQnVpbGRlclxBZGRvbnNcVGVuYW50c1xCYXJiZXJTaG9wXFdvcmtBcmVh\",\"addon_type\":\"update\",\"addon_location\":\"dynamic_page\",\"addon_order\":\"5\",\"addon_page_id\":\"35\",\"addon_page_type\":\"dynamic_page\",\"title_en_US\":\"Explore Our {h}Work{\\\/h}\",\"button_text_en_US\":\"Explore More\",\"button_url_en_US\":\"#\",\"title_ar\":\"\\u0627\\u0643\\u062a\\u0634\\u0641 \\u0639\\u0645\\u0644\\u0646\\u0627\",\"button_text_ar\":\"\\u0639\\u0631\\u0636 \\u0627\\u0644\\u0645\\u0632\\u064a\\u062f\",\"button_url_ar\":\"#\",\"barber_work_area_repeater\":{\"repeater_image_\":[\"521\",\"520\",\"519\",\"518\",\"517\"],\"repeater_image_url_\":[\"#\",\"#\",\"#\",\"#\",\"#\"],\"repeater_style_\":[\"horizontal\",\"vertical\",\"grid\",\"semi-horizontal\",\"grid\"]},\"short_image_top\":\"504\",\"bottom_image_top\":\"504\",\"padding_top\":\"100\",\"padding_bottom\":\"100\"}",
    "addon_namespace": "Plugins\\PageBuilder\\Addons\\Tenants\\BarberShop\\WorkArea",
    "created_at": "2023-05-27T11:12:16.000000Z",
    "updated_at": "2023-05-27T11:12:16.000000Z"
  },
  {
    "id": 6,
    "addon_name": "TestimonialArea",
    "addon_type": "update",
    "addon_location": "dynamic_page",
    "addon_order": 6,
    "addon_page_id": 35,
    "addon_page_type": "dynamic_page",
    "addon_settings": "{\"id\":\"36\",\"addon_name\":\"TestimonialArea\",\"addon_namespace\":\"UGx1Z2luc1xQYWdlQnVpbGRlclxBZGRvbnNcVGVuYW50c1xCYXJiZXJTaG9wXFRlc3RpbW9uaWFsQXJlYQ==\",\"addon_type\":\"update\",\"addon_location\":\"dynamic_page\",\"addon_order\":\"6\",\"addon_page_id\":\"35\",\"addon_page_type\":\"dynamic_page\",\"title_en_US\":\"Our Customer {h}Review{\\\/h}\",\"title_ar\":\"\\u0645\\u0631\\u0627\\u062c\\u0639\\u0629 \\u0627\\u0644\\u0639\\u0645\\u0644\\u0627\\u0621 \\u0644\\u062f\\u064a\\u0646\\u0627\",\"item\":\"4\",\"order_by\":\"id\",\"order\":\"asc\",\"padding_top\":\"100\",\"padding_bottom\":\"100\"}",
    "addon_namespace": "Plugins\\PageBuilder\\Addons\\Tenants\\BarberShop\\TestimonialArea",
    "created_at": "2023-05-27T11:12:16.000000Z",
    "updated_at": "2023-05-27T11:12:16.000000Z"
  },
  {
    "id": 7,
    "addon_name": "ContactArea",
    "addon_type": "update",
    "addon_location": "dynamic_page",
    "addon_order": 8,
    "addon_page_id": 35,
    "addon_page_type": "dynamic_page",
    "addon_settings": "{\"id\":\"37\",\"addon_name\":\"ContactArea\",\"addon_namespace\":\"UGx1Z2luc1xQYWdlQnVpbGRlclxBZGRvbnNcVGVuYW50c1xCYXJiZXJTaG9wXENvbnRhY3RBcmVh\",\"addon_type\":\"update\",\"addon_location\":\"dynamic_page\",\"addon_order\":\"8\",\"addon_page_id\":\"35\",\"addon_page_type\":\"dynamic_page\",\"title_en_US\":\"Get 20% Discount of your Book\",\"subtitle_en_US\":\"If you\\u2019ve ever wondered what hairstyle suite you and how you should cut your hair, here\\u2019s a list of the top styles for all men.\",\"button_text_en_US\":\"Book an Appointment\",\"button_url_en_US\":\"#\",\"title_ar\":\"\\u0627\\u062d\\u0635\\u0644 \\u0639\\u0644\\u0649 \\u062e\\u0635\\u0645 20\\u066a \\u0639\\u0644\\u0649 \\u0643\\u062a\\u0627\\u0628\\u0643\",\"subtitle_ar\":\"\\u0625\\u0630\\u0627 \\u0643\\u0646\\u062a \\u0642\\u062f \\u062a\\u0633\\u0627\\u0621\\u0644\\u062a \\u064a\\u0648\\u0645\\u064b\\u0627 \\u0639\\u0646 \\u062a\\u0635\\u0641\\u064a\\u0641\\u0629 \\u0627\\u0644\\u0634\\u0639\\u0631 \\u0627\\u0644\\u062a\\u064a \\u062a\\u0646\\u0627\\u0633\\u0628\\u0643 \\u0648\\u0643\\u064a\\u0641 \\u064a\\u062c\\u0628 \\u0639\\u0644\\u064a\\u0643 \\u0642\\u0635 \\u0634\\u0639\\u0631\\u0643 \\u060c \\u0641\\u0625\\u0644\\u064a\\u0643 \\u0642\\u0627\\u0626\\u0645\\u0629 \\u0628\\u0623\\u0641\\u0636\\u0644 \\u0627\\u0644\\u062a\\u0633\\u0631\\u064a\\u062d\\u0627\\u062a \\u0644\\u062c\\u0645\\u064a\\u0639 \\u0627\\u0644\\u0631\\u062c\\u0627\\u0644.\",\"button_text_ar\":\"\\u0627\\u062d\\u0635\\u0644 \\u0639\\u0644\\u0649\",\"button_url_ar\":\"#\",\"top_shape_text_image\":\"511\",\"short_bottom_image\":\"504\",\"padding_top\":\"50\",\"padding_bottom\":\"100\"}",
    "addon_namespace": "Plugins\\PageBuilder\\Addons\\Tenants\\BarberShop\\ContactArea",
    "created_at": "2023-05-27T11:12:16.000000Z",
    "updated_at": "2023-05-27T11:12:16.000000Z"
  },
  {
    "id": 8,
    "addon_name": "BlogArea",
    "addon_type": "update",
    "addon_location": "dynamic_page",
    "addon_order": 7,
    "addon_page_id": 35,
    "addon_page_type": "dynamic_page",
    "addon_settings": "{\"id\":\"38\",\"addon_name\":\"BlogArea\",\"addon_namespace\":\"UGx1Z2luc1xQYWdlQnVpbGRlclxBZGRvbnNcVGVuYW50c1xCYXJiZXJTaG9wXEJsb2dBcmVh\",\"addon_type\":\"update\",\"addon_location\":\"dynamic_page\",\"addon_order\":\"8\",\"addon_page_id\":\"35\",\"addon_page_type\":\"dynamic_page\",\"title_en_US\":\"Our Latest Blog\",\"button_text_en_US\":\"Read More\",\"title_ar\":\"\\u0623\\u062d\\u062f\\u062b \\u0645\\u062f\\u0648\\u0646\\u0629 \\u0644\\u062f\\u064a\\u0646\\u0627\",\"button_text_ar\":\"\\u0627\\u0642\\u0631\\u0623 \\u0623\\u0643\\u062b\\u0631\",\"categories\":\"12\",\"order_by\":\"id\",\"order\":\"asc\",\"items\":\"3\",\"bottom_short_image\":\"504\",\"padding_top\":\"50\",\"padding_bottom\":\"100\"}",
    "addon_namespace": "Plugins\\PageBuilder\\Addons\\Tenants\\BarberShop\\BlogArea",
    "created_at": "2023-05-27T11:12:16.000000Z",
    "updated_at": "2023-05-27T11:12:16.000000Z"
  }
]