[{"id":94,"addon_name":"HeaderArea","addon_type":"update","addon_location":"dynamic_page","addon_order":1,"addon_page_id":30,"addon_page_type":"dynamic_page","addon_settings":"{\"id\":\"94\",\"addon_name\":\"HeaderArea\",\"addon_namespace\":\"UGx1Z2luc1xQYWdlQnVpbGRlclxBZGRvbnNcVGVuYW50c1xDb25zdWx0YW5jeVxIZWFkZXJBcmVh\",\"addon_type\":\"update\",\"addon_location\":\"dynamic_page\",\"addon_order\":\"1\",\"addon_page_id\":\"30\",\"addon_page_type\":\"dynamic_page\",\"title_en_US\":\"We are here to help you with good Service Consultation\",\"description_en_US\":\"We are the one of the best consultancy service in the world. We provide all kind of valuable solution for your Business. If you need any help feel free to ask us\",\"button_text_en_US\":\"Get Started\",\"button_url_en_US\":\"#\",\"bottom_title_en_US\":\"Satisfied Customer\",\"title_ar\":\"\\u0646\\u0634\\u0643\\u0631\\u0643 \\u0639\\u0644\\u0649 \\u0631\\u0633\\u0627\\u0644\\u062a\\u0643 \\u0646\\u062d\\u0646 \\u0647\\u0646\\u0627 \\u0644\\u0645\\u0633\\u0627\\u0639\\u062f\\u062a\\u0643 \\u0641\\u064a \\u062a\\u0642\\u062f\\u064a\\u0645 \\u0627\\u0633\\u062a\\u0634\\u0627\\u0631\\u0629 \\u062e\\u062f\\u0645\\u0629 \\u062c\\u064a\\u062f\\u0629\",\"description_ar\":\"\\u0646\\u062d\\u0646 \\u0645\\u0646 \\u0623\\u0641\\u0636\\u0644 \\u0627\\u0644\\u062e\\u062f\\u0645\\u0627\\u062a \\u0627\\u0644\\u0627\\u0633\\u062a\\u0634\\u0627\\u0631\\u064a\\u0629 \\u0641\\u064a \\u0627\\u0644\\u0639\\u0627\\u0644\\u0645. \\u0646\\u062d\\u0646 \\u0646\\u0642\\u062f\\u0645 \\u0643\\u0644 \\u0623\\u0646\\u0648\\u0627\\u0639 \\u0627\\u0644\\u062d\\u0644\\u0648\\u0644 \\u0627\\u0644\\u0642\\u064a\\u0645\\u0629 \\u0644\\u0639\\u0645\\u0644\\u0643. \\u0625\\u0630\\u0627 \\u0643\\u0646\\u062a \\u0628\\u062d\\u0627\\u062c\\u0629 \\u0625\\u0644\\u0649 \\u0623\\u064a \\u0645\\u0633\\u0627\\u0639\\u062f\\u0629 \\u0641\\u0644\\u0627 \\u062a\\u062a\\u0631\\u062f\\u062f \\u0641\\u064a \\u0633\\u0624\\u0627\\u0644\\u0646\\u0627\",\"button_text_ar\":\"\\u0627\\u0644\\u0628\\u062f\\u0621\",\"button_url_ar\":\"#\",\"bottom_title_ar\":\"\\u0632\\u0628\\u0648\\u0646 \\u0631\\u0627\\u0636\",\"right_image\":\"392\",\"right_image_two\":\"387\",\"right_image_three\":\"390\",\"right_image_four\":\"388\",\"right_image_five\":\"393\",\"padding_top\":\"0\",\"padding_bottom\":\"0\"}","addon_namespace":"Plugins\\PageBuilder\\Addons\\Tenants\\Consultancy\\HeaderArea","created_at":"2023-03-14T09:10:54.000000Z","updated_at":"2023-03-14T09:10:54.000000Z"},{"id":95,"addon_name":"CounterupArea","addon_type":"update","addon_location":"dynamic_page","addon_order":2,"addon_page_id":30,"addon_page_type":"dynamic_page","addon_settings":"{\"id\":\"96\",\"addon_name\":\"CounterupArea\",\"addon_namespace\":\"UGx1Z2luc1xQYWdlQnVpbGRlclxBZGRvbnNcVGVuYW50c1xDb25zdHJ1Y3Rpb25cQ291bnRlcnVwQXJlYQ==\",\"addon_type\":\"update\",\"addon_location\":\"dynamic_page\",\"addon_order\":\"2\",\"addon_page_id\":\"30\",\"addon_page_type\":\"dynamic_page\",\"construction_counterup_repeater\":{\"repeater_number_en_US\":[\"10\",\"20\",\"30\",\"500\"],\"repeater_extra_alpha_en_US\":[\"+\",\"+\",\"+\",\"+\"],\"repeater_title_en_US\":[\"Years Experience\",\"Satisfied Customer\",\"Trusted Company\",\"Branch in the world\"],\"repeater_number_ar\":[\"10\",\"10\",\"10\",\"10\"],\"repeater_extra_alpha_ar\":[\"+\",\"+\",\"+\",\"+\"],\"repeater_title_ar\":[\"\\u0633\\u0646\\u0648\\u0627\\u062a \\u062e\\u0628\\u0631\\u0629\",\"\\u0633\\u0646\\u0648\\u0627\\u062a \\u062e\\u0628\\u0631\\u0629\",\"\\u0633\\u0646\\u0648\\u0627\\u062a \\u062e\\u0628\\u0631\\u0629\",\"\\u0633\\u0646\\u0648\\u0627\\u062a \\u062e\\u0628\\u0631\\u0629\"]},\"padding_top\":\"0\",\"padding_bottom\":\"0\"}","addon_namespace":"Plugins\\PageBuilder\\Addons\\Tenants\\Construction\\CounterupArea","created_at":"2023-03-14T09:10:54.000000Z","updated_at":"2023-03-14T09:10:54.000000Z"},{"id":96,"addon_name":"ServiceArea","addon_type":"update","addon_location":"dynamic_page","addon_order":3,"addon_page_id":30,"addon_page_type":"dynamic_page","addon_settings":"{\"id\":\"97\",\"addon_name\":\"ServiceArea\",\"addon_namespace\":\"UGx1Z2luc1xQYWdlQnVpbGRlclxBZGRvbnNcVGVuYW50c1xDb25zdWx0YW5jeVxTZXJ2aWNlQXJlYQ==\",\"addon_type\":\"update\",\"addon_location\":\"dynamic_page\",\"addon_order\":\"3\",\"addon_page_id\":\"30\",\"addon_page_type\":\"dynamic_page\",\"title_en_US\":\"Service\",\"subtitle_en_US\":\"We are here to help you with\",\"title_ar\":\"\\u062e\\u062f\\u0645\\u0629\",\"subtitle_ar\":\"\\u0646\\u062d\\u0646 \\u0647\\u0646\\u0627 \\u0644\\u0645\\u0633\\u0627\\u0639\\u062f\\u062a\\u0643\",\"consultancy_service_repeater\":{\"repeater_title_en_US\":[\"Strategic Planning\",\"Company Formation\",\"Payroll Service\",\"Tax Preparation\",\"Crypto Taxes\",\"Business Immigration\"],\"repeater_title_url_en_US\":[\"#\",\"#\",\"#\",\"#\",\"#\",\"#\"],\"repeater_description_en_US\":[\"We are the one of the best consultancy service in the world. We provide all kind of valuable solution for your Business. If you need any help feel free to ask us.\",\"We are the one of the best consultancy service in the world. We provide all kind of valuable solution for your Business. If you need any help feel free to ask us.\",\"We are the one of the best consultancy service in the world. We provide all kind of valuable solution for your Business. If you need any help feel free to ask us.\",\"We are the one of the best consultancy service in the world. We provide all kind of valuable solution for your Business. If you need any help feel free to ask us.\",\"We are the one of the best consultancy service in the world. We provide all kind of valuable solution for your Business. If you need any help feel free to ask us.\",\"We are the one of the best consultancy service in the world. We provide all kind of valuable solution for your Business. If you need any help feel free to ask us.\"],\"repeater_button_text_en_US\":[\"Explore More\",\"Explore More\",\"Explore More\",\"Explore More\",\"Explore More\",\"Explore More\"],\"repeater_button_url_en_US\":[\"#\",\"#\",\"#\",\"#\",\"#\",\"#\"],\"repeater_image_en_US\":[\"372\",\"371\",\"370\",\"369\",\"368\",\"367\"],\"repeater_title_ar\":[\"\\u062a\\u062e\\u0637\\u064a\\u0637 \\u0627\\u0633\\u062a\\u0631\\u0627\\u062a\\u064a\\u062c\\u064a\",\"\\u062a\\u062e\\u0637\\u064a\\u0637 \\u0627\\u0633\\u062a\\u0631\\u0627\\u062a\\u064a\\u062c\\u064a\",\"\\u062a\\u062e\\u0637\\u064a\\u0637 \\u0627\\u0633\\u062a\\u0631\\u0627\\u062a\\u064a\\u062c\\u064a\",\"\\u062a\\u062e\\u0637\\u064a\\u0637 \\u0627\\u0633\\u062a\\u0631\\u0627\\u062a\\u064a\\u062c\\u064a\",\"\\u062a\\u062e\\u0637\\u064a\\u0637 \\u0627\\u0633\\u062a\\u0631\\u0627\\u062a\\u064a\\u062c\\u064a\",\"\\u062a\\u062e\\u0637\\u064a\\u0637 \\u0627\\u0633\\u062a\\u0631\\u0627\\u062a\\u064a\\u062c\\u064a\"],\"repeater_title_url_ar\":[\"#\",\"#\",\"#\",\"#\",\"#\",\"#\"],\"repeater_description_ar\":[\"\\u0646\\u062d\\u0646 \\u0645\\u0646 \\u0623\\u0641\\u0636\\u0644 \\u0627\\u0644\\u062e\\u062f\\u0645\\u0627\\u062a \\u0627\\u0644\\u0627\\u0633\\u062a\\u0634\\u0627\\u0631\\u064a\\u0629 \\u0641\\u064a \\u0627\\u0644\\u0639\\u0627\\u0644\\u0645. \\u0646\\u062d\\u0646 \\u0646\\u0642\\u062f\\u0645 \\u0643\\u0644 \\u0623\\u0646\\u0648\\u0627\\u0639 \\u0627\\u0644\\u062d\\u0644\\u0648\\u0644 \\u0627\\u0644\\u0642\\u064a\\u0645\\u0629 \\u0644\\u0639\\u0645\\u0644\\u0643. \\u0625\\u0630\\u0627 \\u0643\\u0646\\u062a \\u0628\\u062d\\u0627\\u062c\\u0629 \\u0625\\u0644\\u0649 \\u0623\\u064a \\u0645\\u0633\\u0627\\u0639\\u062f\\u0629 \\u0641\\u0644\\u0627 \\u062a\\u062a\\u0631\\u062f\\u062f \\u0641\\u064a \\u0633\\u0624\\u0627\\u0644\\u0646\\u0627.\",\"\\u0646\\u062d\\u0646 \\u0645\\u0646 \\u0623\\u0641\\u0636\\u0644 \\u0627\\u0644\\u062e\\u062f\\u0645\\u0627\\u062a \\u0627\\u0644\\u0627\\u0633\\u062a\\u0634\\u0627\\u0631\\u064a\\u0629 \\u0641\\u064a \\u0627\\u0644\\u0639\\u0627\\u0644\\u0645. \\u0646\\u062d\\u0646 \\u0646\\u0642\\u062f\\u0645 \\u0643\\u0644 \\u0623\\u0646\\u0648\\u0627\\u0639 \\u0627\\u0644\\u062d\\u0644\\u0648\\u0644 \\u0627\\u0644\\u0642\\u064a\\u0645\\u0629 \\u0644\\u0639\\u0645\\u0644\\u0643. \\u0625\\u0630\\u0627 \\u0643\\u0646\\u062a \\u0628\\u062d\\u0627\\u062c\\u0629 \\u0625\\u0644\\u0649 \\u0623\\u064a \\u0645\\u0633\\u0627\\u0639\\u062f\\u0629 \\u0641\\u0644\\u0627 \\u062a\\u062a\\u0631\\u062f\\u062f \\u0641\\u064a \\u0633\\u0624\\u0627\\u0644\\u0646\\u0627.\",\"\\u0646\\u062d\\u0646 \\u0645\\u0646 \\u0623\\u0641\\u0636\\u0644 \\u0627\\u0644\\u062e\\u062f\\u0645\\u0627\\u062a \\u0627\\u0644\\u0627\\u0633\\u062a\\u0634\\u0627\\u0631\\u064a\\u0629 \\u0641\\u064a \\u0627\\u0644\\u0639\\u0627\\u0644\\u0645. \\u0646\\u062d\\u0646 \\u0646\\u0642\\u062f\\u0645 \\u0643\\u0644 \\u0623\\u0646\\u0648\\u0627\\u0639 \\u0627\\u0644\\u062d\\u0644\\u0648\\u0644 \\u0627\\u0644\\u0642\\u064a\\u0645\\u0629 \\u0644\\u0639\\u0645\\u0644\\u0643. \\u0625\\u0630\\u0627 \\u0643\\u0646\\u062a \\u0628\\u062d\\u0627\\u062c\\u0629 \\u0625\\u0644\\u0649 \\u0623\\u064a \\u0645\\u0633\\u0627\\u0639\\u062f\\u0629 \\u0641\\u0644\\u0627 \\u062a\\u062a\\u0631\\u062f\\u062f \\u0641\\u064a \\u0633\\u0624\\u0627\\u0644\\u0646\\u0627.\",\"\\u0646\\u062d\\u0646 \\u0645\\u0646 \\u0623\\u0641\\u0636\\u0644 \\u0627\\u0644\\u062e\\u062f\\u0645\\u0627\\u062a \\u0627\\u0644\\u0627\\u0633\\u062a\\u0634\\u0627\\u0631\\u064a\\u0629 \\u0641\\u064a \\u0627\\u0644\\u0639\\u0627\\u0644\\u0645. \\u0646\\u062d\\u0646 \\u0646\\u0642\\u062f\\u0645 \\u0643\\u0644 \\u0623\\u0646\\u0648\\u0627\\u0639 \\u0627\\u0644\\u062d\\u0644\\u0648\\u0644 \\u0627\\u0644\\u0642\\u064a\\u0645\\u0629 \\u0644\\u0639\\u0645\\u0644\\u0643. \\u0625\\u0630\\u0627 \\u0643\\u0646\\u062a \\u0628\\u062d\\u0627\\u062c\\u0629 \\u0625\\u0644\\u0649 \\u0623\\u064a \\u0645\\u0633\\u0627\\u0639\\u062f\\u0629 \\u0641\\u0644\\u0627 \\u062a\\u062a\\u0631\\u062f\\u062f \\u0641\\u064a \\u0633\\u0624\\u0627\\u0644\\u0646\\u0627.\",\"\\u0646\\u062d\\u0646 \\u0645\\u0646 \\u0623\\u0641\\u0636\\u0644 \\u0627\\u0644\\u062e\\u062f\\u0645\\u0627\\u062a \\u0627\\u0644\\u0627\\u0633\\u062a\\u0634\\u0627\\u0631\\u064a\\u0629 \\u0641\\u064a \\u0627\\u0644\\u0639\\u0627\\u0644\\u0645. \\u0646\\u062d\\u0646 \\u0646\\u0642\\u062f\\u0645 \\u0643\\u0644 \\u0623\\u0646\\u0648\\u0627\\u0639 \\u0627\\u0644\\u062d\\u0644\\u0648\\u0644 \\u0627\\u0644\\u0642\\u064a\\u0645\\u0629 \\u0644\\u0639\\u0645\\u0644\\u0643. \\u0625\\u0630\\u0627 \\u0643\\u0646\\u062a \\u0628\\u062d\\u0627\\u062c\\u0629 \\u0625\\u0644\\u0649 \\u0623\\u064a \\u0645\\u0633\\u0627\\u0639\\u062f\\u0629 \\u0641\\u0644\\u0627 \\u062a\\u062a\\u0631\\u062f\\u062f \\u0641\\u064a \\u0633\\u0624\\u0627\\u0644\\u0646\\u0627.\",\"\\u0646\\u062d\\u0646 \\u0645\\u0646 \\u0623\\u0641\\u0636\\u0644 \\u0627\\u0644\\u062e\\u062f\\u0645\\u0627\\u062a \\u0627\\u0644\\u0627\\u0633\\u062a\\u0634\\u0627\\u0631\\u064a\\u0629 \\u0641\\u064a \\u0627\\u0644\\u0639\\u0627\\u0644\\u0645. \\u0646\\u062d\\u0646 \\u0646\\u0642\\u062f\\u0645 \\u0643\\u0644 \\u0623\\u0646\\u0648\\u0627\\u0639 \\u0627\\u0644\\u062d\\u0644\\u0648\\u0644 \\u0627\\u0644\\u0642\\u064a\\u0645\\u0629 \\u0644\\u0639\\u0645\\u0644\\u0643. \\u0625\\u0630\\u0627 \\u0643\\u0646\\u062a \\u0628\\u062d\\u0627\\u062c\\u0629 \\u0625\\u0644\\u0649 \\u0623\\u064a \\u0645\\u0633\\u0627\\u0639\\u062f\\u0629 \\u0641\\u0644\\u0627 \\u062a\\u062a\\u0631\\u062f\\u062f \\u0641\\u064a \\u0633\\u0624\\u0627\\u0644\\u0646\\u0627.\"],\"repeater_button_text_ar\":[\"\\u0627\\u0633\\u062a\\u0643\\u0634\\u0627\\u0641 \\u0627\\u0644\\u0645\\u0632\\u064a\\u062f\",\"\\u0627\\u0633\\u062a\\u0643\\u0634\\u0627\\u0641 \\u0627\\u0644\\u0645\\u0632\\u064a\\u062f\",\"\\u0627\\u0633\\u062a\\u0643\\u0634\\u0627\\u0641 \\u0627\\u0644\\u0645\\u0632\\u064a\\u062f\",\"\\u0627\\u0633\\u062a\\u0643\\u0634\\u0627\\u0641 \\u0627\\u0644\\u0645\\u0632\\u064a\\u062f\",\"\\u0627\\u0633\\u062a\\u0643\\u0634\\u0627\\u0641 \\u0627\\u0644\\u0645\\u0632\\u064a\\u062f\",\"\\u0627\\u0633\\u062a\\u0643\\u0634\\u0627\\u0641 \\u0627\\u0644\\u0645\\u0632\\u064a\\u062f\"],\"repeater_button_url_ar\":[\"#\",\"#\",\"#\",\"#\",\"#\",\"#\"],\"repeater_image_ar\":[\"372\",\"371\",\"370\",\"369\",\"368\",\"367\"]},\"padding_top\":\"0\",\"padding_bottom\":\"0\"}","addon_namespace":"Plugins\\PageBuilder\\Addons\\Tenants\\Consultancy\\ServiceArea","created_at":"2023-03-14T09:10:54.000000Z","updated_at":"2023-03-14T09:10:54.000000Z"},{"id":97,"addon_name":"AboutArea","addon_type":"update","addon_location":"dynamic_page","addon_order":4,"addon_page_id":30,"addon_page_type":"dynamic_page","addon_settings":"{\"id\":\"97\",\"addon_name\":\"AboutArea\",\"addon_namespace\":\"UGx1Z2luc1xQYWdlQnVpbGRlclxBZGRvbnNcVGVuYW50c1xDb25zdWx0YW5jeVxBYm91dEFyZWE=\",\"addon_type\":\"update\",\"addon_location\":\"dynamic_page\",\"addon_order\":\"4\",\"addon_page_id\":\"30\",\"addon_page_type\":\"dynamic_page\",\"title_en_US\":\"About us\",\"subtitle_en_US\":\"We Lead you Business Team to Victory\",\"description_en_US\":\"We are the one of the best consultancy service in the world. We provide all kind of valuable solution for your Business. If you need any help feel free to ask us\",\"left_button_text_en_US\":\"Our Mission\",\"left_button_url_en_US\":\"#\",\"right_button_text_en_US\":\"Our Vission\",\"right_button_url_en_US\":\"#\",\"bottom_description_en_US\":\"We are the one of the best consultancy service in the world. We provide all kind of valuable solution for your Business. If you need any help feel free to ask us.\",\"title_ar\":\"\\u0645\\u0639\\u0644\\u0648\\u0645\\u0627\\u062a \\u0639\\u0646\\u0627\",\"subtitle_ar\":\"\\u0646\\u062d\\u0646 \\u0646\\u0642\\u0648\\u062f\\u0643 \\u0641\\u0631\\u064a\\u0642 \\u0627\\u0644\\u0639\\u0645\\u0644 \\u0625\\u0644\\u0649 \\u0627\\u0644\\u0646\\u0635\\u0631\",\"description_ar\":\"\\u0646\\u062d\\u0646 \\u0645\\u0646 \\u0623\\u0641\\u0636\\u0644 \\u0627\\u0644\\u062e\\u062f\\u0645\\u0627\\u062a \\u0627\\u0644\\u0627\\u0633\\u062a\\u0634\\u0627\\u0631\\u064a\\u0629 \\u0641\\u064a \\u0627\\u0644\\u0639\\u0627\\u0644\\u0645. \\u0646\\u062d\\u0646 \\u0646\\u0642\\u062f\\u0645 \\u0643\\u0644 \\u0623\\u0646\\u0648\\u0627\\u0639 \\u0627\\u0644\\u062d\\u0644\\u0648\\u0644 \\u0627\\u0644\\u0642\\u064a\\u0645\\u0629 \\u0644\\u0639\\u0645\\u0644\\u0643. \\u0625\\u0630\\u0627 \\u0643\\u0646\\u062a \\u0628\\u062d\\u0627\\u062c\\u0629 \\u0625\\u0644\\u0649 \\u0623\\u064a \\u0645\\u0633\\u0627\\u0639\\u062f\\u0629 \\u0641\\u0644\\u0627 \\u062a\\u062a\\u0631\\u062f\\u062f \\u0641\\u064a \\u0633\\u0624\\u0627\\u0644\\u0646\\u0627\",\"left_button_text_ar\":\"\\u0645\\u0639\\u0644\\u0648\\u0645\\u0627\\u062a \\u0639\\u0646\\u0627\",\"left_button_url_ar\":\"#\",\"right_button_text_ar\":\"\\u0645\\u0639\\u0644\\u0648\\u0645\\u0627\\u062a \\u0639\\u0646\\u0627\",\"right_button_url_ar\":\"#\",\"bottom_description_ar\":\"\\u0646\\u062d\\u0646 \\u0645\\u0646 \\u0623\\u0641\\u0636\\u0644 \\u0627\\u0644\\u062e\\u062f\\u0645\\u0627\\u062a \\u0627\\u0644\\u0627\\u0633\\u062a\\u0634\\u0627\\u0631\\u064a\\u0629 \\u0641\\u064a \\u0627\\u0644\\u0639\\u0627\\u0644\\u0645. \\u0646\\u062d\\u0646 \\u0646\\u0642\\u062f\\u0645 \\u0643\\u0644 \\u0623\\u0646\\u0648\\u0627\\u0639 \\u0627\\u0644\\u062d\\u0644\\u0648\\u0644 \\u0627\\u0644\\u0642\\u064a\\u0645\\u0629 \\u0644\\u0639\\u0645\\u0644\\u0643. \\u0625\\u0630\\u0627 \\u0643\\u0646\\u062a \\u0628\\u062d\\u0627\\u062c\\u0629 \\u0625\\u0644\\u0649 \\u0623\\u064a \\u0645\\u0633\\u0627\\u0639\\u062f\\u0629 \\u0641\\u0644\\u0627 \\u062a\\u062a\\u0631\\u062f\\u062f \\u0641\\u064a \\u0633\\u0624\\u0627\\u0644\\u0646\\u0627\",\"left_image\":\"387\",\"right_image\":\"388\",\"padding_top\":\"0\",\"padding_bottom\":\"0\"}","addon_namespace":"Plugins\\PageBuilder\\Addons\\Tenants\\Consultancy\\AboutArea","created_at":"2023-03-14T09:10:54.000000Z","updated_at":"2023-03-14T09:10:54.000000Z"},{"id":98,"addon_name":"TeamMemberArea","addon_type":"update","addon_location":"dynamic_page","addon_order":5,"addon_page_id":30,"addon_page_type":"dynamic_page","addon_settings":"{\"id\":\"99\",\"addon_name\":\"TeamMemberArea\",\"addon_namespace\":\"UGx1Z2luc1xQYWdlQnVpbGRlclxBZGRvbnNcVGVuYW50c1xDb25zdWx0YW5jeVxUZWFtTWVtYmVyQXJlYQ==\",\"addon_type\":\"update\",\"addon_location\":\"dynamic_page\",\"addon_order\":\"5\",\"addon_page_id\":\"30\",\"addon_page_type\":\"dynamic_page\",\"title_en_US\":\"Member\",\"subtitle_en_US\":\"Meet with our Expert\",\"button_text_en_US\":\"Explore More\",\"button_url_en_US\":\"#\",\"title_ar\":\"\\u0639\\u0636\\u0648\",\"subtitle_ar\":\"\\u0647\\u0630\\u0627 \\u0634\\u064a\\u0621 \\u0639\\u0638\\u064a\\u0645 \\u0644\\u0644\\u062a\\u0639\\u062f\\u062f\",\"button_text_ar\":null,\"button_url_ar\":null,\"team_member_consultancy_repeater\":{\"repeater_name_en_US\":[\"F\\u00fcl\\u00f6p Kata\",\"Alexis Sanchez\",\"Emila Martinez\",\"Elieana Dcruz\",\"Maria Gomez\",\"Cristiano Fabian\"],\"repeater_url_en_US\":[\"#\",\"#\",\"#\",\"#\",\"#\",\"#\"],\"repeater_expertise_text_en_US\":[\"Expert at\",\"Expert at\",\"Expert at\",\"Expert at\",\"Expert at\",\"Expert at\"],\"repeater_designation_en_US\":[\"Business Development\",\"Photography Manage\",\"Marketing Department\",\"Videography Motion\",\"Seo Optimization\",\"Event Management\"],\"repeater_image_en_US\":[\"380\",\"379\",\"378\",\"377\",\"375\",\"376\"],\"repeater_name_ar\":[\"\\u0639\\u0636\\u0648\",\"\\u0639\\u0636\\u0648\",\"\\u0639\\u0636\\u0648\",\"\\u0639\\u0636\\u0648\",\"\\u0639\\u0636\\u0648\",\"\\u0639\\u0636\\u0648\"],\"repeater_url_ar\":[\"#\",\"#\",\"#\",\"#\",\"#\",\"#\"],\"repeater_expertise_text_ar\":[\"\\u0639\\u0636\\u0648\",\"\\u0639\\u0636\\u0648\",\"\\u0639\\u0636\\u0648\",\"\\u0639\\u0636\\u0648\",\"\\u0639\\u0636\\u0648\",\"\\u0639\\u0636\\u0648\"],\"repeater_designation_ar\":[\"\\u0634\\u064a\\u0621 \\u0639\\u0638\\u064a\\u0645 \\u0644\\u0644\\u062a\\u0639\\u062f\\u062f\",\"\\u0634\\u064a\\u0621 \\u0639\\u0638\\u064a\\u0645 \\u0644\\u0644\\u062a\\u0639\\u062f\\u062f\",\"\\u0634\\u064a\\u0621 \\u0639\\u0638\\u064a\\u0645 \\u0644\\u0644\\u062a\\u0639\\u062f\\u062f\",\"\\u0634\\u064a\\u0621 \\u0639\\u0638\\u064a\\u0645 \\u0644\\u0644\\u062a\\u0639\\u062f\\u062f\",\"\\u0634\\u064a\\u0621 \\u0639\\u0638\\u064a\\u0645 \\u0644\\u0644\\u062a\\u0639\\u062f\\u062f\",\"\\u0634\\u064a\\u0621 \\u0639\\u0638\\u064a\\u0645 \\u0644\\u0644\\u062a\\u0639\\u062f\\u062f\"],\"repeater_image_ar\":[\"380\",\"379\",\"378\",\"377\",\"375\",\"376\"]},\"padding_top\":\"0\",\"padding_bottom\":\"0\"}","addon_namespace":"Plugins\\PageBuilder\\Addons\\Tenants\\Consultancy\\TeamMemberArea","created_at":"2023-03-14T09:10:54.000000Z","updated_at":"2023-03-14T09:10:54.000000Z"},{"id":99,"addon_name":"TestimonialArea","addon_type":"update","addon_location":"dynamic_page","addon_order":6,"addon_page_id":30,"addon_page_type":"dynamic_page","addon_settings":"{\"id\":\"100\",\"addon_name\":\"TestimonialArea\",\"addon_namespace\":\"UGx1Z2luc1xQYWdlQnVpbGRlclxBZGRvbnNcVGVuYW50c1xDb25zdHJ1Y3Rpb25cVGVzdGltb25pYWxBcmVh\",\"addon_type\":\"update\",\"addon_location\":\"dynamic_page\",\"addon_order\":\"6\",\"addon_page_id\":\"30\",\"addon_page_type\":\"dynamic_page\",\"title_en_US\":\"Review\",\"subtitle_en_US\":\"What our Clients Say about us\",\"title_ar\":\"\\u0645\\u062d\\u062a\\u0648\\u064a\\u0627\\u062a\\u0646\\u0627\",\"subtitle_ar\":\"\\u0647\\u0630\\u0627 \\u0634\\u064a\\u0621 \\u0639\\u0638\\u064a\\u0645 \\u0644\\u0644\\u062a\\u0639\\u062f\\u062f\",\"item\":\"6\",\"order_by\":\"id\",\"order\":\"desc\",\"heading_style\":\"consultancy\",\"padding_top\":\"0\",\"padding_bottom\":\"0\"}","addon_namespace":"Plugins\\PageBuilder\\Addons\\Tenants\\Construction\\TestimonialArea","created_at":"2023-03-14T09:10:54.000000Z","updated_at":"2023-03-14T09:10:54.000000Z"},{"id":100,"addon_name":"FaqArea","addon_type":"update","addon_location":"dynamic_page","addon_order":7,"addon_page_id":30,"addon_page_type":"dynamic_page","addon_settings":"{\"id\":\"101\",\"addon_name\":\"FaqArea\",\"addon_namespace\":\"UGx1Z2luc1xQYWdlQnVpbGRlclxBZGRvbnNcVGVuYW50c1xDb25zdWx0YW5jeVxGYXFBcmVh\",\"addon_type\":\"update\",\"addon_location\":\"dynamic_page\",\"addon_order\":\"7\",\"addon_page_id\":\"30\",\"addon_page_type\":\"dynamic_page\",\"title_en_US\":\"FAQ\",\"subtitle_en_US\":\"Frequently asked questions\",\"title_ar\":\"\\u0631\\u0624\\u064a\\u062a\\u0646\\u0627\",\"subtitle_ar\":\"\\u0647\\u0630\\u0627 \\u0634\\u064a\\u0621 \\u0639\\u0638\\u064a\\u0645 \\u0644\\u0644\\u062a\\u0639\\u062f\\u062f\",\"faq_area_consultancy_repeater\":{\"repeater_title_en_US\":[\"How it works?\",\"What happens when I join\",\"Can I get service without login?\",\"Is there any cost to join?\",\"Can I get service without login?\",\"How Can I get all the information\",\"How Can I get best Advice?\",\"Is there any cost to join?\"],\"repeater_description_en_US\":[\"We are the one of the best consultancy service in the world. We provide all kind of valuable solution for your Business. If you need any help feel free to ask us.\",\"We are the one of the best consultancy service in the world. We provide all kind of valuable solution for your Business. If you need any help feel free to ask us.\",\"We are the one of the best consultancy service in the world. We provide all kind of valuable solution for your Business. If you need any help feel free to ask us.\",\"We are the one of the best consultancy service in the world. We provide all kind of valuable solution for your Business. If you need any help feel free to ask us.\",\"We are the one of the best consultancy service in the world. We provide all kind of valuable solution for your Business. If you need any help feel free to ask us.\",\"We are the one of the best consultancy service in the world. We provide all kind of valuable solution for your Business. If you need any help feel free to ask us.\",\"We are the one of the best consultancy service in the world. We provide all kind of valuable solution for your Business. If you need any help feel free to ask us.\",\"We are the one of the best consultancy service in the world. We provide all kind of valuable solution for your Business. If you need any help feel free to ask us.\"],\"open_status_en_US\":[\"no\",\"no\",\"yes\",\"no\",\"yes\",\"no\",\"no\",\"no\"],\"repeater_title_ar\":[\"\\u0643\\u064a\\u0641 \\u062a\\u0639\\u0645\\u0644\\u061f\",\"\\u0643\\u064a\\u0641 \\u062a\\u0639\\u0645\\u0644\\u061f\",\"\\u0643\\u064a\\u0641 \\u062a\\u0639\\u0645\\u0644\\u061f\",\"\\u0643\\u064a\\u0641 \\u062a\\u0639\\u0645\\u0644\\u061f\",\"\\u0643\\u064a\\u0641 \\u062a\\u0639\\u0645\\u0644\\u061f\",\"\\u0643\\u064a\\u0641 \\u062a\\u0639\\u0645\\u0644\\u061f\",\"\\u0643\\u064a\\u0641 \\u062a\\u0639\\u0645\\u0644\\u061f\",\"\\u0643\\u064a\\u0641 \\u062a\\u0639\\u0645\\u0644\\u061f\"],\"repeater_description_ar\":[\"\\u0646\\u062d\\u0646 \\u0645\\u0646 \\u0623\\u0641\\u0636\\u0644 \\u0627\\u0644\\u062e\\u062f\\u0645\\u0627\\u062a \\u0627\\u0644\\u0627\\u0633\\u062a\\u0634\\u0627\\u0631\\u064a\\u0629 \\u0641\\u064a \\u0627\\u0644\\u0639\\u0627\\u0644\\u0645. \\u0646\\u062d\\u0646 \\u0646\\u0642\\u062f\\u0645 \\u0643\\u0644 \\u0623\\u0646\\u0648\\u0627\\u0639 \\u0627\\u0644\\u062d\\u0644\\u0648\\u0644 \\u0627\\u0644\\u0642\\u064a\\u0645\\u0629 \\u0644\\u0639\\u0645\\u0644\\u0643. \\u0625\\u0630\\u0627 \\u0643\\u0646\\u062a \\u0628\\u062d\\u0627\\u062c\\u0629 \\u0625\\u0644\\u0649 \\u0623\\u064a \\u0645\\u0633\\u0627\\u0639\\u062f\\u0629 \\u0641\\u0644\\u0627 \\u062a\\u062a\\u0631\\u062f\\u062f \\u0641\\u064a \\u0633\\u0624\\u0627\\u0644\\u0646\\u0627.\",\"\\u0646\\u062d\\u0646 \\u0645\\u0646 \\u0623\\u0641\\u0636\\u0644 \\u0627\\u0644\\u062e\\u062f\\u0645\\u0627\\u062a \\u0627\\u0644\\u0627\\u0633\\u062a\\u0634\\u0627\\u0631\\u064a\\u0629 \\u0641\\u064a \\u0627\\u0644\\u0639\\u0627\\u0644\\u0645. \\u0646\\u062d\\u0646 \\u0646\\u0642\\u062f\\u0645 \\u0643\\u0644 \\u0623\\u0646\\u0648\\u0627\\u0639 \\u0627\\u0644\\u062d\\u0644\\u0648\\u0644 \\u0627\\u0644\\u0642\\u064a\\u0645\\u0629 \\u0644\\u0639\\u0645\\u0644\\u0643. \\u0625\\u0630\\u0627 \\u0643\\u0646\\u062a \\u0628\\u062d\\u0627\\u062c\\u0629 \\u0625\\u0644\\u0649 \\u0623\\u064a \\u0645\\u0633\\u0627\\u0639\\u062f\\u0629 \\u0641\\u0644\\u0627 \\u062a\\u062a\\u0631\\u062f\\u062f \\u0641\\u064a \\u0633\\u0624\\u0627\\u0644\\u0646\\u0627.\",\"\\u0646\\u062d\\u0646 \\u0645\\u0646 \\u0623\\u0641\\u0636\\u0644 \\u0627\\u0644\\u062e\\u062f\\u0645\\u0627\\u062a \\u0627\\u0644\\u0627\\u0633\\u062a\\u0634\\u0627\\u0631\\u064a\\u0629 \\u0641\\u064a \\u0627\\u0644\\u0639\\u0627\\u0644\\u0645. \\u0646\\u062d\\u0646 \\u0646\\u0642\\u062f\\u0645 \\u0643\\u0644 \\u0623\\u0646\\u0648\\u0627\\u0639 \\u0627\\u0644\\u062d\\u0644\\u0648\\u0644 \\u0627\\u0644\\u0642\\u064a\\u0645\\u0629 \\u0644\\u0639\\u0645\\u0644\\u0643. \\u0625\\u0630\\u0627 \\u0643\\u0646\\u062a \\u0628\\u062d\\u0627\\u062c\\u0629 \\u0625\\u0644\\u0649 \\u0623\\u064a \\u0645\\u0633\\u0627\\u0639\\u062f\\u0629 \\u0641\\u0644\\u0627 \\u062a\\u062a\\u0631\\u062f\\u062f \\u0641\\u064a \\u0633\\u0624\\u0627\\u0644\\u0646\\u0627.\",\"\\u0646\\u062d\\u0646 \\u0645\\u0646 \\u0623\\u0641\\u0636\\u0644 \\u0627\\u0644\\u062e\\u062f\\u0645\\u0627\\u062a \\u0627\\u0644\\u0627\\u0633\\u062a\\u0634\\u0627\\u0631\\u064a\\u0629 \\u0641\\u064a \\u0627\\u0644\\u0639\\u0627\\u0644\\u0645. \\u0646\\u062d\\u0646 \\u0646\\u0642\\u062f\\u0645 \\u0643\\u0644 \\u0623\\u0646\\u0648\\u0627\\u0639 \\u0627\\u0644\\u062d\\u0644\\u0648\\u0644 \\u0627\\u0644\\u0642\\u064a\\u0645\\u0629 \\u0644\\u0639\\u0645\\u0644\\u0643. \\u0625\\u0630\\u0627 \\u0643\\u0646\\u062a \\u0628\\u062d\\u0627\\u062c\\u0629 \\u0625\\u0644\\u0649 \\u0623\\u064a \\u0645\\u0633\\u0627\\u0639\\u062f\\u0629 \\u0641\\u0644\\u0627 \\u062a\\u062a\\u0631\\u062f\\u062f \\u0641\\u064a \\u0633\\u0624\\u0627\\u0644\\u0646\\u0627.\",\"\\u0646\\u062d\\u0646 \\u0645\\u0646 \\u0623\\u0641\\u0636\\u0644 \\u0627\\u0644\\u062e\\u062f\\u0645\\u0627\\u062a \\u0627\\u0644\\u0627\\u0633\\u062a\\u0634\\u0627\\u0631\\u064a\\u0629 \\u0641\\u064a \\u0627\\u0644\\u0639\\u0627\\u0644\\u0645. \\u0646\\u062d\\u0646 \\u0646\\u0642\\u062f\\u0645 \\u0643\\u0644 \\u0623\\u0646\\u0648\\u0627\\u0639 \\u0627\\u0644\\u062d\\u0644\\u0648\\u0644 \\u0627\\u0644\\u0642\\u064a\\u0645\\u0629 \\u0644\\u0639\\u0645\\u0644\\u0643. \\u0625\\u0630\\u0627 \\u0643\\u0646\\u062a \\u0628\\u062d\\u0627\\u062c\\u0629 \\u0625\\u0644\\u0649 \\u0623\\u064a \\u0645\\u0633\\u0627\\u0639\\u062f\\u0629 \\u0641\\u0644\\u0627 \\u062a\\u062a\\u0631\\u062f\\u062f \\u0641\\u064a \\u0633\\u0624\\u0627\\u0644\\u0646\\u0627.\",\"\\u0646\\u062d\\u0646 \\u0645\\u0646 \\u0623\\u0641\\u0636\\u0644 \\u0627\\u0644\\u062e\\u062f\\u0645\\u0627\\u062a \\u0627\\u0644\\u0627\\u0633\\u062a\\u0634\\u0627\\u0631\\u064a\\u0629 \\u0641\\u064a \\u0627\\u0644\\u0639\\u0627\\u0644\\u0645. \\u0646\\u062d\\u0646 \\u0646\\u0642\\u062f\\u0645 \\u0643\\u0644 \\u0623\\u0646\\u0648\\u0627\\u0639 \\u0627\\u0644\\u062d\\u0644\\u0648\\u0644 \\u0627\\u0644\\u0642\\u064a\\u0645\\u0629 \\u0644\\u0639\\u0645\\u0644\\u0643. \\u0625\\u0630\\u0627 \\u0643\\u0646\\u062a \\u0628\\u062d\\u0627\\u062c\\u0629 \\u0625\\u0644\\u0649 \\u0623\\u064a \\u0645\\u0633\\u0627\\u0639\\u062f\\u0629 \\u0641\\u0644\\u0627 \\u062a\\u062a\\u0631\\u062f\\u062f \\u0641\\u064a \\u0633\\u0624\\u0627\\u0644\\u0646\\u0627.\",\"\\u0646\\u062d\\u0646 \\u0645\\u0646 \\u0623\\u0641\\u0636\\u0644 \\u0627\\u0644\\u062e\\u062f\\u0645\\u0627\\u062a \\u0627\\u0644\\u0627\\u0633\\u062a\\u0634\\u0627\\u0631\\u064a\\u0629 \\u0641\\u064a \\u0627\\u0644\\u0639\\u0627\\u0644\\u0645. \\u0646\\u062d\\u0646 \\u0646\\u0642\\u062f\\u0645 \\u0643\\u0644 \\u0623\\u0646\\u0648\\u0627\\u0639 \\u0627\\u0644\\u062d\\u0644\\u0648\\u0644 \\u0627\\u0644\\u0642\\u064a\\u0645\\u0629 \\u0644\\u0639\\u0645\\u0644\\u0643. \\u0625\\u0630\\u0627 \\u0643\\u0646\\u062a \\u0628\\u062d\\u0627\\u062c\\u0629 \\u0625\\u0644\\u0649 \\u0623\\u064a \\u0645\\u0633\\u0627\\u0639\\u062f\\u0629 \\u0641\\u0644\\u0627 \\u062a\\u062a\\u0631\\u062f\\u062f \\u0641\\u064a \\u0633\\u0624\\u0627\\u0644\\u0646\\u0627.\",\"\\u0646\\u062d\\u0646 \\u0645\\u0646 \\u0623\\u0641\\u0636\\u0644 \\u0627\\u0644\\u062e\\u062f\\u0645\\u0627\\u062a \\u0627\\u0644\\u0627\\u0633\\u062a\\u0634\\u0627\\u0631\\u064a\\u0629 \\u0641\\u064a \\u0627\\u0644\\u0639\\u0627\\u0644\\u0645. \\u0646\\u062d\\u0646 \\u0646\\u0642\\u062f\\u0645 \\u0643\\u0644 \\u0623\\u0646\\u0648\\u0627\\u0639 \\u0627\\u0644\\u062d\\u0644\\u0648\\u0644 \\u0627\\u0644\\u0642\\u064a\\u0645\\u0629 \\u0644\\u0639\\u0645\\u0644\\u0643. \\u0625\\u0630\\u0627 \\u0643\\u0646\\u062a \\u0628\\u062d\\u0627\\u062c\\u0629 \\u0625\\u0644\\u0649 \\u0623\\u064a \\u0645\\u0633\\u0627\\u0639\\u062f\\u0629 \\u0641\\u0644\\u0627 \\u062a\\u062a\\u0631\\u062f\\u062f \\u0641\\u064a \\u0633\\u0624\\u0627\\u0644\\u0646\\u0627.\"],\"open_status_ar\":[\"no\",\"no\",\"no\",\"no\",\"no\",\"no\",\"no\",\"no\"]},\"padding_top\":\"0\",\"padding_bottom\":\"0\"}","addon_namespace":"Plugins\\PageBuilder\\Addons\\Tenants\\Consultancy\\FaqArea","created_at":"2023-03-14T09:10:54.000000Z","updated_at":"2023-03-14T09:10:54.000000Z"},{"id":101,"addon_name":"BlogArea","addon_type":"update","addon_location":"dynamic_page","addon_order":8,"addon_page_id":30,"addon_page_type":"dynamic_page","addon_settings":"{\"id\":\"102\",\"addon_name\":\"BlogArea\",\"addon_namespace\":\"UGx1Z2luc1xQYWdlQnVpbGRlclxBZGRvbnNcVGVuYW50c1xDb25zdWx0YW5jeVxCbG9nQXJlYQ==\",\"addon_type\":\"update\",\"addon_location\":\"dynamic_page\",\"addon_order\":\"8\",\"addon_page_id\":\"30\",\"addon_page_type\":\"dynamic_page\",\"title_en_US\":\"Blog\",\"subtitle_en_US\":\"Our Latest Blog\",\"title_ar\":\"\\u0631\\u0624\\u064a\\u062a\\u0646\\u0627\",\"subtitle_ar\":\"\\u0647\\u0630\\u0627 \\u0634\\u064a\\u0621 \\u0639\\u0638\\u064a\\u0645 \\u0644\\u0644\\u062a\\u0639\\u062f\\u062f\",\"categories\":\"10\",\"items\":\"5\",\"order_by\":\"id\",\"order\":\"desc\",\"padding_top\":\"0\",\"padding_bottom\":\"0\"}","addon_namespace":"Plugins\\PageBuilder\\Addons\\Tenants\\Consultancy\\BlogArea","created_at":"2023-03-14T09:10:55.000000Z","updated_at":"2023-03-14T09:10:55.000000Z"},{"id":102,"addon_name":"ContactArea","addon_type":"update","addon_location":"dynamic_page","addon_order":9,"addon_page_id":30,"addon_page_type":"dynamic_page","addon_settings":"{\"id\":\"103\",\"addon_name\":\"ContactArea\",\"addon_namespace\":\"UGx1Z2luc1xQYWdlQnVpbGRlclxBZGRvbnNcVGVuYW50c1xDb25zdWx0YW5jeVxDb250YWN0QXJlYQ==\",\"addon_type\":\"update\",\"addon_location\":\"dynamic_page\",\"addon_order\":\"9\",\"addon_page_id\":\"30\",\"addon_page_type\":\"dynamic_page\",\"title_en_US\":\"Contact\",\"subtitle_en_US\":\"We are Ready to Assist you. Connect with us Today.\",\"description_en_US\":\"The design quality, flexibility, documentation and support are all absolutely excellent. I buy the Avada theme for all my clients, knowing that whatever they require, Avada will be able to deliver.\",\"button_text_en_US\":\"Contact Us\",\"button_url_en_US\":\"#\",\"title_ar\":\"\\u0631\\u0624\\u064a\\u062a\\u0646\\u0627\",\"subtitle_ar\":\"\\u0647\\u0630\\u0627 \\u0634\\u064a\\u0621 \\u0639\\u0638\\u064a\\u0645 \\u0644\\u0644\\u062a\\u0639\\u062f\\u062f\",\"description_ar\":\"\\u062c\\u0648\\u062f\\u0629 \\u0627\\u0644\\u062a\\u0635\\u0645\\u064a\\u0645 \\u0648\\u0627\\u0644\\u0645\\u0631\\u0648\\u0646\\u0629 \\u0648\\u0627\\u0644\\u062a\\u0648\\u062b\\u064a\\u0642 \\u0648\\u0627\\u0644\\u062f\\u0639\\u0645 \\u0643\\u0644\\u0647\\u0627 \\u0645\\u0645\\u062a\\u0627\\u0632\\u0629 \\u0644\\u0644\\u063a\\u0627\\u064a\\u0629. \\u0623\\u0634\\u062a\\u0631\\u064a \\u0645\\u0648\\u0636\\u0648\\u0639 Avada \\u0644\\u062c\\u0645\\u064a\\u0639 \\u0639\\u0645\\u0644\\u0627\\u0626\\u064a \\u060c \\u0645\\u0639 \\u0627\\u0644\\u0639\\u0644\\u0645 \\u0623\\u0646 \\u0643\\u0644 \\u0645\\u0627 \\u064a\\u0637\\u0644\\u0628\\u0648\\u0646\\u0647 \\u060c \\u0633\\u062a\\u0643\\u0648\\u0646 Avada \\u0642\\u0627\\u062f\\u0631\\u0629 \\u0639\\u0644\\u0649 \\u062a\\u0642\\u062f\\u064a\\u0645\\u0647.\",\"button_text_ar\":\"\\u0627\\u062a\\u0635\\u0644 \\u0628\\u0646\\u0627\",\"button_url_ar\":\"#\",\"padding_top\":\"0\",\"padding_bottom\":\"0\"}","addon_namespace":"Plugins\\PageBuilder\\Addons\\Tenants\\Consultancy\\ContactArea","created_at":"2023-03-14T09:10:55.000000Z","updated_at":"2023-03-14T09:10:55.000000Z"}]