[
  {
    "id": 86,
    "addon_name": "HeaderArea",
    "addon_type": "update",
    "addon_location": "dynamic_page",
    "addon_order": 1,
    "addon_page_id": 29,
    "addon_page_type": "dynamic_page",
    "addon_settings": "{\"id\":\"87\",\"addon_name\":\"HeaderArea\",\"addon_namespace\":\"UGx1Z2luc1xQYWdlQnVpbGRlclxBZGRvbnNcVGVuYW50c1xDb25zdHJ1Y3Rpb25cSGVhZGVyQXJlYQ==\",\"addon_type\":\"update\",\"addon_location\":\"dynamic_page\",\"addon_order\":\"1\",\"addon_page_id\":\"29\",\"addon_page_type\":\"dynamic_page\",\"title_en_US\":\"We will help you to build your Dream\",\"description_en_US\":\"Amet minim mollit non deserunt ullamco est sit aliqua dolor do amet sint. Velit officia consequat duis enim velit mollit. Exercitation veniam consequat sunt nostrud amet.\",\"button_text_en_US\":\"Our Project\",\"button_url_en_US\":\"#\",\"right_image_en_US\":\"338\",\"title_ar\":\"\\u0633\\u0646\\u0633\\u0627\\u0639\\u062f\\u0643 \\u0639\\u0644\\u0649 \\u0628\\u0646\\u0627\\u0621 \\u062d\\u0644\\u0645\\u0643\",\"description_ar\":\"\\u0633\\u0646\\u0633\\u0627\\u0639\\u062f\\u0643 \\u0639\\u0644\\u0649 \\u0628\\u0646\\u0627\\u0621 \\u062d\\u0644\\u0645\\u0643\\u0633\\u0646\\u0633\\u0627\\u0639\\u062f\\u0643 \\u0639\\u0644\\u0649 \\u0628\\u0646\\u0627\\u0621 \\u062d\\u0644\\u0645\\u0643\\u0633\\u0646\\u0633\\u0627\\u0639\\u062f\\u0643 \\u0639\\u0644\\u0649 \\u0628\\u0646\\u0627\\u0621 \\u062d\\u0644\\u0645\\u0643\\u0633\\u0646\\u0633\\u0627\\u0639\\u062f\\u0643 \\u0639\\u0644\\u0649 \\u0628\\u0646\\u0627\\u0621 \\u062d\\u0644\\u0645\\u0643\",\"button_text_ar\":\"\\u0645\\u0634\\u0631\\u0648\\u0639\\u0646\\u0627\",\"button_url_ar\":\"#\",\"right_image_ar\":\"338\",\"padding_top\":\"0\",\"padding_bottom\":\"0\"}",
    "addon_namespace": "Plugins\\PageBuilder\\Addons\\Tenants\\Construction\\HeaderArea",
    "created_at": "2023-03-14T09:10:54.000000Z",
    "updated_at": "2023-03-14T09:10:54.000000Z"
  },
  {
    "id": 87,
    "addon_name": "ServiceArea",
    "addon_type": "update",
    "addon_location": "dynamic_page",
    "addon_order": 2,
    "addon_page_id": 29,
    "addon_page_type": "dynamic_page",
    "addon_settings": "{\"id\":\"88\",\"addon_name\":\"ServiceArea\",\"addon_namespace\":\"UGx1Z2luc1xQYWdlQnVpbGRlclxBZGRvbnNcVGVuYW50c1xDb25zdHJ1Y3Rpb25cU2VydmljZUFyZWE=\",\"addon_type\":\"update\",\"addon_location\":\"dynamic_page\",\"addon_order\":\"2\",\"addon_page_id\":\"29\",\"addon_page_type\":\"dynamic_page\",\"title_en_US\":\"We are your trusted partner to Build something new\",\"description_en_US\":\"Aliqua id fugiat nostrud irure ex duis ea quis id quis ad et. Sunt qui esse pariatur duis deserunt mollit dolore cillum min tempor enim. Elit aute irure tempor cupidat incididunt sint deserunt ut voluptate aute id deserunt.\",\"button_text_en_US\":\"Explore More\",\"button_url_en_US\":\"#\",\"title_ar\":\"\\u0646\\u062d\\u0646 \\u0634\\u0631\\u064a\\u0643\\u0643 \\u0627\\u0644\\u0645\\u0648\\u062b\\u0648\\u0642 \\u0628\\u0647 \\u0644\\u0628\\u0646\\u0627\\u0621 \\u0634\\u064a\\u0621 \\u062c\\u062f\\u064a\\u062f\",\"description_ar\":\"\\u0646\\u062d\\u0646 \\u0634\\u0631\\u064a\\u0643\\u0643 \\u0627\\u0644\\u0645\\u0648\\u062b\\u0648\\u0642 \\u0628\\u0647 \\u0644\\u0628\\u0646\\u0627\\u0621 \\u0634\\u064a\\u0621 \\u062c\\u062f\\u064a\\u062f\\u0646\\u062d\\u0646 \\u0634\\u0631\\u064a\\u0643\\u0643 \\u0627\\u0644\\u0645\\u0648\\u062b\\u0648\\u0642 \\u0628\\u0647 \\u0644\\u0628\\u0646\\u0627\\u0621 \\u0634\\u064a\\u0621 \\u062c\\u062f\\u064a\\u062f\\u0646\\u062d\\u0646 \\u0634\\u0631\\u064a\\u0643\\u0643 \\u0627\\u0644\\u0645\\u0648\\u062b\\u0648\\u0642 \\u0628\\u0647 \\u0644\\u0628\\u0646\\u0627\\u0621 \\u0634\\u064a\\u0621 \\u062c\\u062f\\u064a\\u062f\\u0646\\u062d\\u0646 \\u0634\\u0631\\u064a\\u0643\\u0643 \\u0627\\u0644\\u0645\\u0648\\u062b\\u0648\\u0642 \\u0628\\u0647 \\u0644\\u0628\\u0646\\u0627\\u0621 \\u0634\\u064a\\u0621 \\u062c\\u062f\\u064a\\u062f\",\"button_text_ar\":\"\\u0627\\u0633\\u062a\\u0643\\u0634\\u0627\\u0641 \\u0627\\u0644\\u0645\\u0632\\u064a\\u062f\",\"button_url_ar\":\"#\",\"construction_service_repeater\":{\"repeater_title_en_US\":[\"The Best Price\",\"Daily Consultant\",\"Custom Design\",\"Premium Quality\"],\"repeater_title_url_en_US\":[\"#\",\"#\",\"#\",\"#\"],\"repeater_description_en_US\":[\"Et harum quidem rerum facilis est et expedita distinctio nam libero tempore, cum soluta nobis.\",\"Et harum quidem rerum facilis est et expedita distinctio nam libero tempore, cum soluta nobis.\",\"Et harum quidem rerum facilis est et expedita distinctio nam libero tempore, cum soluta nobis.\",\"Et harum quidem rerum facilis est et expedita distinctio nam libero tempore, cum soluta nobis.\"],\"repeater_image_en_US\":[\"342\",\"341\",\"340\",\"339\"],\"repeater_title_ar\":[\"\\u0647\\u0630\\u0627 \\u0627\\u0641\\u0636\\u0644 \\u0633\\u0639\\u0631\",\"\\u0647\\u0630\\u0627 \\u0627\\u0641\\u0636\\u0644 \\u0633\\u0639\\u0631\",\"\\u0647\\u0630\\u0627 \\u0627\\u0641\\u0636\\u0644 \\u0633\\u0639\\u0631\",\"\\u0647\\u0630\\u0627 \\u0627\\u0641\\u0636\\u0644 \\u0633\\u0639\\u0631\"],\"repeater_title_url_ar\":[\"#\",\"#\",\"#\",\"#\"],\"repeater_description_ar\":[\"\\u0646\\u062d\\u0646 \\u0634\\u0631\\u064a\\u0643\\u0643 \\u0627\\u0644\\u0645\\u0648\\u062b\\u0648\\u0642 \\u0628\\u0647 \\u0644\\u0628\\u0646\\u0627\\u0621 \\u0634\\u064a\\u0621 \\u062c\\u062f\\u064a\\u062f\\u0646\\u062d\\u0646 \\u0634\\u0631\\u064a\\u0643\\u0643 \\u0627\\u0644\\u0645\\u0648\\u062b\\u0648\\u0642 \\u0628\\u0647 \\u0644\\u0628\\u0646\\u0627\\u0621 \\u0634\\u064a\\u0621 \\u062c\\u062f\\u064a\\u062f\",\"\\u0646\\u062d\\u0646 \\u0634\\u0631\\u064a\\u0643\\u0643 \\u0627\\u0644\\u0645\\u0648\\u062b\\u0648\\u0642 \\u0628\\u0647 \\u0644\\u0628\\u0646\\u0627\\u0621 \\u0634\\u064a\\u0621 \\u062c\\u062f\\u064a\\u062f\\u0646\\u062d\\u0646 \\u0634\\u0631\\u064a\\u0643\\u0643 \\u0627\\u0644\\u0645\\u0648\\u062b\\u0648\\u0642 \\u0628\\u0647 \\u0644\\u0628\\u0646\\u0627\\u0621 \\u0634\\u064a\\u0621 \\u062c\\u062f\\u064a\\u062f\",\"\\u0646\\u062d\\u0646 \\u0634\\u0631\\u064a\\u0643\\u0643 \\u0627\\u0644\\u0645\\u0648\\u062b\\u0648\\u0642 \\u0628\\u0647 \\u0644\\u0628\\u0646\\u0627\\u0621 \\u0634\\u064a\\u0621 \\u062c\\u062f\\u064a\\u062f\\u0646\\u062d\\u0646 \\u0634\\u0631\\u064a\\u0643\\u0643 \\u0627\\u0644\\u0645\\u0648\\u062b\\u0648\\u0642 \\u0628\\u0647 \\u0644\\u0628\\u0646\\u0627\\u0621 \\u0634\\u064a\\u0621 \\u062c\\u062f\\u064a\\u062f\",\"\\u0646\\u062d\\u0646 \\u0634\\u0631\\u064a\\u0643\\u0643 \\u0627\\u0644\\u0645\\u0648\\u062b\\u0648\\u0642 \\u0628\\u0647 \\u0644\\u0628\\u0646\\u0627\\u0621 \\u0634\\u064a\\u0621 \\u062c\\u062f\\u064a\\u062f\\u0646\\u062d\\u0646 \\u0634\\u0631\\u064a\\u0643\\u0643 \\u0627\\u0644\\u0645\\u0648\\u062b\\u0648\\u0642 \\u0628\\u0647 \\u0644\\u0628\\u0646\\u0627\\u0621 \\u0634\\u064a\\u0621 \\u062c\\u062f\\u064a\\u062f\"],\"repeater_image_ar\":[\"342\",\"341\",\"340\",\"339\"]},\"padding_top\":\"0\",\"padding_bottom\":\"0\"}",
    "addon_namespace": "Plugins\\PageBuilder\\Addons\\Tenants\\Construction\\ServiceArea",
    "created_at": "2023-03-14T09:10:54.000000Z",
    "updated_at": "2023-03-14T09:10:54.000000Z"
  },
  {
    "id": 88,
    "addon_name": "OfferArea",
    "addon_type": "update",
    "addon_location": "dynamic_page",
    "addon_order": 3,
    "addon_page_id": 29,
    "addon_page_type": "dynamic_page",
    "addon_settings": "{\"id\":\"89\",\"addon_name\":\"OfferArea\",\"addon_namespace\":\"UGx1Z2luc1xQYWdlQnVpbGRlclxBZGRvbnNcVGVuYW50c1xDb25zdHJ1Y3Rpb25cT2ZmZXJBcmVh\",\"addon_type\":\"update\",\"addon_location\":\"dynamic_page\",\"addon_order\":\"3\",\"addon_page_id\":\"29\",\"addon_page_type\":\"dynamic_page\",\"title_en_US\":\"What we offer\",\"description_en_US\":\"Aliqua id fugiat nostrud irure ex duis ea quis id quis ad et. Sunt qui esse pariatur duis deserunt .\",\"title_ar\":\"\\u0645\\u0627\\u0630\\u0627 \\u0646\\u0642\\u062f\\u0645\",\"description_ar\":\"\\u0645\\u0627\\u0630\\u0627 \\u0646\\u0642\\u062f\\u0645\\u0645\\u0627\\u0630\\u0627 \\u0646\\u0642\\u062f\\u0645\\u0645\\u0627\\u0630\\u0627 \\u0646\\u0642\\u062f\\u0645\\u0645\\u0627\\u0630\\u0627 \\u0646\\u0642\\u062f\\u0645\\u0645\\u0627\\u0630\\u0627 \\u0646\\u0642\\u062f\\u0645\\u0645\\u0627\\u0630\\u0627 \\u0646\\u0642\\u062f\\u0645\\u0645\\u0627\\u0630\\u0627 \\u0646\\u0642\\u062f\\u0645\\u0645\\u0627\\u0630\\u0627 \\u0646\\u0642\\u062f\\u0645\",\"right_image\":\"343\",\"construction_offer_repeater\":{\"repeater_title_en_US\":[\"Shipbuilding Contracting\",\"Design & Build\",\"Architecture\",\"Renovation\",\"Painting\"],\"repeater_description_en_US\":[\"Aliqua id fugiat nostrud irure ex duis ea quis id quis ad et. Sunt qui esse pariatur duis deserunt mollit dolore cillum minim tempor enim. Elit aute irure tempor cupidatat incididunt sint deserunt.\",\"Aliqua id fugiat nostrud irure ex duis ea quis id quis ad et. Sunt qui esse pariatur duis deserunt mollit dolore cillum minim tempor enim. Elit aute irure tempor cupidatat incididunt sint deserunt.\",\"Aliqua id fugiat nostrud irure ex duis ea quis id quis ad et. Sunt qui esse pariatur duis deserunt mollit dolore cillum minim tempor enim. Elit aute irure tempor cupidatat incididunt sint deserunt.\",\"Aliqua id fugiat nostrud irure ex duis ea quis id quis ad et. Sunt qui esse pariatur duis deserunt mollit dolore cillum minim tempor enim. Elit aute irure tempor cupidatat incididunt sint deserunt.\",\"Aliqua id fugiat nostrud irure ex duis ea quis id quis ad et. Sunt qui esse pariatur duis deserunt mollit dolore cillum minim tempor enim. Elit aute irure tempor cupidatat incididunt sint deserunt.\"],\"repeater_title_ar\":[\"\\u0645\\u0642\\u0627\\u0648\\u0644\\u0627\\u062a \\u0628\\u0646\\u0627\\u0621 \\u0627\\u0644\\u0633\\u0641\\u0646\",\"\\u0645\\u0642\\u0627\\u0648\\u0644\\u0627\\u062a \\u0628\\u0646\\u0627\\u0621 \\u0627\\u0644\\u0633\\u0641\\u0646\",\"\\u0645\\u0642\\u0627\\u0648\\u0644\\u0627\\u062a \\u0628\\u0646\\u0627\\u0621 \\u0627\\u0644\\u0633\\u0641\\u0646\",\"\\u0645\\u0642\\u0627\\u0648\\u0644\\u0627\\u062a \\u0628\\u0646\\u0627\\u0621 \\u0627\\u0644\\u0633\\u0641\\u0646\",\"\\u0645\\u0642\\u0627\\u0648\\u0644\\u0627\\u062a \\u0628\\u0646\\u0627\\u0621 \\u0627\\u0644\\u0633\\u0641\\u0646\"],\"repeater_description_ar\":[\"\\u0645\\u0642\\u0627\\u0648\\u0644\\u0627\\u062a \\u0628\\u0646\\u0627\\u0621 \\u0627\\u0644\\u0633\\u0641\\u0646\\u0645\\u0642\\u0627\\u0648\\u0644\\u0627\\u062a \\u0628\\u0646\\u0627\\u0621 \\u0627\\u0644\\u0633\\u0641\\u0646\\u0645\\u0642\\u0627\\u0648\\u0644\\u0627\\u062a \\u0628\\u0646\\u0627\\u0621 \\u0627\\u0644\\u0633\\u0641\\u0646\\u0645\\u0642\\u0627\\u0648\\u0644\\u0627\\u062a \\u0628\\u0646\\u0627\\u0621 \\u0627\\u0644\\u0633\\u0641\\u0646\\u0645\\u0642\\u0627\\u0648\\u0644\\u0627\\u062a \\u0628\\u0646\\u0627\\u0621 \\u0627\\u0644\\u0633\\u0641\\u0646\\u0645\\u0642\\u0627\\u0648\\u0644\\u0627\\u062a \\u0628\\u0646\\u0627\\u0621 \\u0627\\u0644\\u0633\\u0641\\u0646\\u0645\\u0642\\u0627\\u0648\\u0644\\u0627\\u062a \\u0628\\u0646\\u0627\\u0621 \\u0627\\u0644\\u0633\\u0641\\u0646\",\"\\u0645\\u0642\\u0627\\u0648\\u0644\\u0627\\u062a \\u0628\\u0646\\u0627\\u0621 \\u0627\\u0644\\u0633\\u0641\\u0646\\u0645\\u0642\\u0627\\u0648\\u0644\\u0627\\u062a \\u0628\\u0646\\u0627\\u0621 \\u0627\\u0644\\u0633\\u0641\\u0646\\u0645\\u0642\\u0627\\u0648\\u0644\\u0627\\u062a \\u0628\\u0646\\u0627\\u0621 \\u0627\\u0644\\u0633\\u0641\\u0646\\u0645\\u0642\\u0627\\u0648\\u0644\\u0627\\u062a \\u0628\\u0646\\u0627\\u0621 \\u0627\\u0644\\u0633\\u0641\\u0646\\u0645\\u0642\\u0627\\u0648\\u0644\\u0627\\u062a \\u0628\\u0646\\u0627\\u0621 \\u0627\\u0644\\u0633\\u0641\\u0646\\u0645\\u0642\\u0627\\u0648\\u0644\\u0627\\u062a \\u0628\\u0646\\u0627\\u0621 \\u0627\\u0644\\u0633\\u0641\\u0646\\u0645\\u0642\\u0627\\u0648\\u0644\\u0627\\u062a \\u0628\\u0646\\u0627\\u0621 \\u0627\\u0644\\u0633\\u0641\\u0646\",\"\\u0645\\u0642\\u0627\\u0648\\u0644\\u0627\\u062a \\u0628\\u0646\\u0627\\u0621 \\u0627\\u0644\\u0633\\u0641\\u0646\\u0645\\u0642\\u0627\\u0648\\u0644\\u0627\\u062a \\u0628\\u0646\\u0627\\u0621 \\u0627\\u0644\\u0633\\u0641\\u0646\\u0645\\u0642\\u0627\\u0648\\u0644\\u0627\\u062a \\u0628\\u0646\\u0627\\u0621 \\u0627\\u0644\\u0633\\u0641\\u0646\\u0645\\u0642\\u0627\\u0648\\u0644\\u0627\\u062a \\u0628\\u0646\\u0627\\u0621 \\u0627\\u0644\\u0633\\u0641\\u0646\\u0645\\u0642\\u0627\\u0648\\u0644\\u0627\\u062a \\u0628\\u0646\\u0627\\u0621 \\u0627\\u0644\\u0633\\u0641\\u0646\\u0645\\u0642\\u0627\\u0648\\u0644\\u0627\\u062a \\u0628\\u0646\\u0627\\u0621 \\u0627\\u0644\\u0633\\u0641\\u0646\\u0645\\u0642\\u0627\\u0648\\u0644\\u0627\\u062a \\u0628\\u0646\\u0627\\u0621 \\u0627\\u0644\\u0633\\u0641\\u0646\",\"\\u0645\\u0642\\u0627\\u0648\\u0644\\u0627\\u062a \\u0628\\u0646\\u0627\\u0621 \\u0627\\u0644\\u0633\\u0641\\u0646\\u0645\\u0642\\u0627\\u0648\\u0644\\u0627\\u062a \\u0628\\u0646\\u0627\\u0621 \\u0627\\u0644\\u0633\\u0641\\u0646\\u0645\\u0642\\u0627\\u0648\\u0644\\u0627\\u062a \\u0628\\u0646\\u0627\\u0621 \\u0627\\u0644\\u0633\\u0641\\u0646\\u0645\\u0642\\u0627\\u0648\\u0644\\u0627\\u062a \\u0628\\u0646\\u0627\\u0621 \\u0627\\u0644\\u0633\\u0641\\u0646\\u0645\\u0642\\u0627\\u0648\\u0644\\u0627\\u062a \\u0628\\u0646\\u0627\\u0621 \\u0627\\u0644\\u0633\\u0641\\u0646\\u0645\\u0642\\u0627\\u0648\\u0644\\u0627\\u062a \\u0628\\u0646\\u0627\\u0621 \\u0627\\u0644\\u0633\\u0641\\u0646\\u0645\\u0642\\u0627\\u0648\\u0644\\u0627\\u062a \\u0628\\u0646\\u0627\\u0621 \\u0627\\u0644\\u0633\\u0641\\u0646\",\"\\u0645\\u0642\\u0627\\u0648\\u0644\\u0627\\u062a \\u0628\\u0646\\u0627\\u0621 \\u0627\\u0644\\u0633\\u0641\\u0646\\u0645\\u0642\\u0627\\u0648\\u0644\\u0627\\u062a \\u0628\\u0646\\u0627\\u0621 \\u0627\\u0644\\u0633\\u0641\\u0646\\u0645\\u0642\\u0627\\u0648\\u0644\\u0627\\u062a \\u0628\\u0646\\u0627\\u0621 \\u0627\\u0644\\u0633\\u0641\\u0646\\u0645\\u0642\\u0627\\u0648\\u0644\\u0627\\u062a \\u0628\\u0646\\u0627\\u0621 \\u0627\\u0644\\u0633\\u0641\\u0646\\u0645\\u0642\\u0627\\u0648\\u0644\\u0627\\u062a \\u0628\\u0646\\u0627\\u0621 \\u0627\\u0644\\u0633\\u0641\\u0646\\u0645\\u0642\\u0627\\u0648\\u0644\\u0627\\u062a \\u0628\\u0646\\u0627\\u0621 \\u0627\\u0644\\u0633\\u0641\\u0646\\u0645\\u0642\\u0627\\u0648\\u0644\\u0627\\u062a \\u0628\\u0646\\u0627\\u0621 \\u0627\\u0644\\u0633\\u0641\\u0646\"]},\"padding_top\":\"0\",\"padding_bottom\":\"0\"}",
    "addon_namespace": "Plugins\\PageBuilder\\Addons\\Tenants\\Construction\\OfferArea",
    "created_at": "2023-03-14T09:10:54.000000Z",
    "updated_at": "2023-03-14T09:10:54.000000Z"
  },
  {
    "id": 89,
    "addon_name": "CounterupArea",
    "addon_type": "update",
    "addon_location": "dynamic_page",
    "addon_order": 4,
    "addon_page_id": 29,
    "addon_page_type": "dynamic_page",
    "addon_settings": "{\"id\":\"90\",\"addon_name\":\"CounterupArea\",\"addon_namespace\":\"UGx1Z2luc1xQYWdlQnVpbGRlclxBZGRvbnNcVGVuYW50c1xDb25zdHJ1Y3Rpb25cQ291bnRlcnVwQXJlYQ==\",\"addon_type\":\"update\",\"addon_location\":\"dynamic_page\",\"addon_order\":\"4\",\"addon_page_id\":\"29\",\"addon_page_type\":\"dynamic_page\",\"construction_counterup_repeater\":{\"repeater_number_en_US\":[\"10\",\"2.5\",\"1.6\",\"13\"],\"repeater_extra_alpha_en_US\":[\"+\",\"k+\",\"k\",\"k\"],\"repeater_title_en_US\":[\"Years Experience\",\"Successful Project\",\"Current project\",\"Worldwide Clients\"],\"repeater_number_ar\":[\"10\",\"10\",\"10\",\"10\"],\"repeater_extra_alpha_ar\":[\"+\",\"+\",\"+\",\"+\"],\"repeater_title_ar\":[\"\\u0633\\u0646\\u0648\\u0627\\u062a \\u062e\\u0628\\u0631\\u0629\",\"\\u0633\\u0646\\u0648\\u0627\\u062a \\u062e\\u0628\\u0631\\u0629\",\"\\u0633\\u0646\\u0648\\u0627\\u062a \\u062e\\u0628\\u0631\\u0629\",\"\\u0633\\u0646\\u0648\\u0627\\u062a \\u062e\\u0628\\u0631\\u0629\"]},\"padding_top\":\"0\",\"padding_bottom\":\"0\"}",
    "addon_namespace": "Plugins\\PageBuilder\\Addons\\Tenants\\Construction\\CounterupArea",
    "created_at": "2023-03-14T09:10:54.000000Z",
    "updated_at": "2023-03-14T09:10:54.000000Z"
  },
  {
    "id": 90,
    "addon_name": "ProjectArea",
    "addon_type": "update",
    "addon_location": "dynamic_page",
    "addon_order": 5,
    "addon_page_id": 29,
    "addon_page_type": "dynamic_page",
    "addon_settings": "{\"id\":\"91\",\"addon_name\":\"ProjectArea\",\"addon_namespace\":\"UGx1Z2luc1xQYWdlQnVpbGRlclxBZGRvbnNcVGVuYW50c1xDb25zdHJ1Y3Rpb25cUHJvamVjdEFyZWE=\",\"addon_type\":\"update\",\"addon_location\":\"dynamic_page\",\"addon_order\":\"5\",\"addon_page_id\":\"29\",\"addon_page_type\":\"dynamic_page\",\"title_en_US\":\"Our Successful project\",\"title_ar\":\"\\u0645\\u0634\\u0631\\u0648\\u0639\\u0646\\u0627 \\u0627\\u0644\\u0646\\u0627\\u062c\\u062d\",\"construction_project_repeater\":{\"repeater_title_en_US\":[\"The Fllingmarim  House\",\"Duplex multiple House\",\"New Castle Velly\",\"Faria Mantaaka\"],\"repeater_location_en_US\":[\"Syracuse, Connecticut\",\"Syria, Damesk\",\"Liverpool, England\",\"Sydney, Australia\"],\"repeater_url_en_US\":[\"#\",\"#\",\"#\",\"#\"],\"repeater_image_en_US\":[\"346\",\"345\",\"346\",\"344\"],\"repeater_title_ar\":[\"\\u0628\\u064a\\u062a \\u0627\\u0644\\u0642\\u0644\\u0639\\u0629\",\"\\u0628\\u064a\\u062a \\u0627\\u0644\\u0642\\u0644\\u0639\\u0629\",\"\\u0628\\u064a\\u062a \\u0627\\u0644\\u0642\\u0644\\u0639\\u0629\",\"\\u0628\\u064a\\u062a \\u0627\\u0644\\u0642\\u0644\\u0639\\u0629\"],\"repeater_location_ar\":[\"\\u0633\\u064a\\u0631\\u0627\\u0643\\u064a\\u0648\\u0632 \\u060c \\u0643\\u0648\\u0646\\u064a\\u062a\\u064a\\u0643\\u062a\",\"\\u0633\\u064a\\u0631\\u0627\\u0643\\u064a\\u0648\\u0632 \\u060c \\u0643\\u0648\\u0646\\u064a\\u062a\\u064a\\u0643\\u062a\",\"\\u0633\\u064a\\u0631\\u0627\\u0643\\u064a\\u0648\\u0632 \\u060c \\u0643\\u0648\\u0646\\u064a\\u062a\\u064a\\u0643\\u062a\",\"\\u0633\\u064a\\u0631\\u0627\\u0643\\u064a\\u0648\\u0632 \\u060c \\u0643\\u0648\\u0646\\u064a\\u062a\\u064a\\u0643\\u062a\"],\"repeater_url_ar\":[\"#\",\"#\",\"#\",\"#\"],\"repeater_image_ar\":[\"346\",\"344\",\"345\",\"346\"]},\"padding_top\":\"0\",\"padding_bottom\":\"0\"}",
    "addon_namespace": "Plugins\\PageBuilder\\Addons\\Tenants\\Construction\\ProjectArea",
    "created_at": "2023-03-14T09:10:54.000000Z",
    "updated_at": "2023-03-14T09:10:54.000000Z"
  },
  {
    "id": 91,
    "addon_name": "TestimonialArea",
    "addon_type": "update",
    "addon_location": "dynamic_page",
    "addon_order": 6,
    "addon_page_id": 29,
    "addon_page_type": "dynamic_page",
    "addon_settings": "{\"id\":\"92\",\"addon_name\":\"TestimonialArea\",\"addon_namespace\":\"UGx1Z2luc1xQYWdlQnVpbGRlclxBZGRvbnNcVGVuYW50c1xDb25zdHJ1Y3Rpb25cVGVzdGltb25pYWxBcmVh\",\"addon_type\":\"update\",\"addon_location\":\"dynamic_page\",\"addon_order\":\"6\",\"addon_page_id\":\"29\",\"addon_page_type\":\"dynamic_page\",\"title_en_US\":\"What Our Customer Say\",\"title_ar\":\"\\u0645\\u0627\\u0630\\u0627 \\u064a\\u0642\\u0648\\u0644 \\u0639\\u0645\\u0644\\u0627\\u0624\\u0646\\u0627\",\"item\":\"6\",\"order_by\":\"id\",\"order\":\"desc\",\"padding_top\":\"0\",\"padding_bottom\":\"0\"}",
    "addon_namespace": "Plugins\\PageBuilder\\Addons\\Tenants\\Construction\\TestimonialArea",
    "created_at": "2023-03-14T09:10:54.000000Z",
    "updated_at": "2023-03-14T09:10:54.000000Z"
  },
  {
    "id": 92,
    "addon_name": "BlogArea",
    "addon_type": "update",
    "addon_location": "dynamic_page",
    "addon_order": 7,
    "addon_page_id": 29,
    "addon_page_type": "dynamic_page",
    "addon_settings": "{\"id\":\"93\",\"addon_name\":\"BlogArea\",\"addon_namespace\":\"UGx1Z2luc1xQYWdlQnVpbGRlclxBZGRvbnNcVGVuYW50c1xDb25zdHJ1Y3Rpb25cQmxvZ0FyZWE=\",\"addon_type\":\"update\",\"addon_location\":\"dynamic_page\",\"addon_order\":\"7\",\"addon_page_id\":\"29\",\"addon_page_type\":\"dynamic_page\",\"title_en_US\":\"Our Latest Blog\",\"title_ar\":\"\\u0645\\u062d\\u062a\\u0648\\u064a\\u0627\\u062a\\u0646\\u0627\",\"categories\":\"9\",\"items\":\"5\",\"order_by\":\"id\",\"order\":\"asc\",\"padding_top\":\"0\",\"padding_bottom\":\"0\"}",
    "addon_namespace": "Plugins\\PageBuilder\\Addons\\Tenants\\Construction\\BlogArea",
    "created_at": "2023-03-14T09:10:54.000000Z",
    "updated_at": "2023-03-14T09:10:54.000000Z"
  },
  {
    "id": 93,
    "addon_name": "ContactArea",
    "addon_type": "update",
    "addon_location": "dynamic_page",
    "addon_order": 8,
    "addon_page_id": 29,
    "addon_page_type": "dynamic_page",
    "addon_settings": "{\"id\":\"94\",\"addon_name\":\"ContactArea\",\"addon_namespace\":\"UGx1Z2luc1xQYWdlQnVpbGRlclxBZGRvbnNcVGVuYW50c1xDb25zdHJ1Y3Rpb25cQ29udGFjdEFyZWE=\",\"addon_type\":\"update\",\"addon_location\":\"dynamic_page\",\"addon_order\":\"8\",\"addon_page_id\":\"29\",\"addon_page_type\":\"dynamic_page\",\"title_en_US\":\"Let\\u2019s Talk About your project\",\"button_text_en_US\":\"Contact Us\",\"button_url_en_US\":\"#\",\"title_ar\":\"\\u0641\\u0644\\u0646\\u062a\\u062d\\u062f\\u062b \\u0639\\u0646 \\u0645\\u0634\\u0631\\u0648\\u0639\\u0643\",\"button_text_ar\":\"\\u0641\\u0644\\u0646\\u062a\\u062d\\u062f\\u062b\",\"button_url_ar\":\"#\",\"padding_top\":\"0\",\"padding_bottom\":\"0\"}",
    "addon_namespace": "Plugins\\PageBuilder\\Addons\\Tenants\\Construction\\ContactArea",
    "created_at": "2023-03-14T09:10:54.000000Z",
    "updated_at": "2023-03-14T09:10:54.000000Z"
  }
]