[
  {
    "id": 58,
    "addon_name": "EcommerceHeader",
    "addon_type": "update",
    "addon_location": "dynamic_page",
    "addon_order": 1,
    "addon_page_id": 20,
    "addon_page_type": "dynamic_page",
    "addon_settings": "{\"id\":\"58\",\"addon_name\":\"EcommerceHeader\",\"addon_namespace\":\"UGx1Z2luc1xQYWdlQnVpbGRlclxBZGRvbnNcVGVuYW50c1xlQ29tbWVyY2VcRWNvbW1lcmNlSGVhZGVy\",\"addon_type\":\"update\",\"addon_location\":\"dynamic_page\",\"addon_order\":\"1\",\"addon_page_id\":\"20\",\"addon_page_type\":\"dynamic_page\",\"eCommerce_header_repeater\":{\"repeater_title_en_US\":[\"Find your Best Product with Gallery Online\",\"Collection of Product with Galleria Online\"],\"repeater_description_en_US\":[\"We are very much greatful to you for your donation. Your little effort help us to change big community life\",\"We are very much greatful to you for your donation. Your little effort help us to change big community life\"],\"repeater_button_text_en_US\":[\"Buy Now\",\"Buy Now\"],\"repeater_button_url_en_US\":[\"#\",\"#\"],\"repeater_right_image_en_US\":[\"240\",\"239\"],\"repeater_title_ar\":[\"\\u0627\\u0628\\u062d\\u062b \\u0639\\u0646 \\u0623\\u0641\\u0636\\u0644 \\u0645\\u0646\\u062a\\u062c \\u0644\\u0643 \\u0645\\u0646 \\u062e\\u0644\\u0627\\u0644 \\u0627\\u0644\\u0645\\u0639\\u0631\\u0636 \\u0639\\u0628\\u0631 \\u0627\\u0644\\u0625\\u0646\\u062a\\u0631\\u0646\\u062a\",\"\\u0627\\u0628\\u062d\\u062b \\u0639\\u0646 \\u0623\\u0641\\u0636\\u0644 \\u0645\\u0646\\u062a\\u062c \\u0644\\u0643 \\u0645\\u0646 \\u062e\\u0644\\u0627\\u0644 \\u0627\\u0644\\u0645\\u0639\\u0631\\u0636 \\u0639\\u0628\\u0631 \\u0627\\u0644\\u0625\\u0646\\u062a\\u0631\\u0646\\u062a\"],\"repeater_description_ar\":[\"\\u0627\\u0628\\u062d\\u062b \\u0639\\u0646 \\u0623\\u0641\\u0636\\u0644 \\u0645\\u0646\\u062a\\u062c \\u0644\\u0643 \\u0645\\u0646 \\u062e\\u0644\\u0627\\u0644 \\u0627\\u0644\\u0645\\u0639\\u0631\\u0636 \\u0639\\u0628\\u0631 \\u0627\\u0644\\u0625\\u0646\\u062a\\u0631\\u0646\\u062a\",\"\\u0627\\u0628\\u062d\\u062b \\u0639\\u0646 \\u0623\\u0641\\u0636\\u0644 \\u0645\\u0646\\u062a\\u062c \\u0644\\u0643 \\u0645\\u0646 \\u062e\\u0644\\u0627\\u0644 \\u0627\\u0644\\u0645\\u0639\\u0631\\u0636 \\u0639\\u0628\\u0631 \\u0627\\u0644\\u0625\\u0646\\u062a\\u0631\\u0646\\u062a\"],\"repeater_button_text_ar\":[\"\\u0627\\u0644\\u0625\\u0646\\u062a\\u0631\\u0646\\u062a\",\"\\u0627\\u0644\\u0625\\u0646\\u062a\\u0631\\u0646\\u062a\"],\"repeater_button_url_ar\":[\"#\",\"#\"],\"repeater_right_image_ar\":[\"240\",\"240\"]},\"padding_top\":\"0\",\"padding_bottom\":\"0\"}",
    "addon_namespace": "Plugins\\PageBuilder\\Addons\\Tenants\\eCommerce\\EcommerceHeader",
    "created_at": "2023-03-14T09:10:54.000000Z",
    "updated_at": "2023-03-14T09:10:54.000000Z"
  },
  {
    "id": 59,
    "addon_name": "OfferArea",
    "addon_type": "update",
    "addon_location": "dynamic_page",
    "addon_order": 2,
    "addon_page_id": 20,
    "addon_page_type": "dynamic_page",
    "addon_settings": "{\"id\":\"59\",\"addon_name\":\"OfferArea\",\"addon_namespace\":\"UGx1Z2luc1xQYWdlQnVpbGRlclxBZGRvbnNcVGVuYW50c1xlQ29tbWVyY2VcT2ZmZXJBcmVh\",\"addon_type\":\"update\",\"addon_location\":\"dynamic_page\",\"addon_order\":\"2\",\"addon_page_id\":\"20\",\"addon_page_type\":\"dynamic_page\",\"eCommerce_offer_area_repeater\":{\"repeater_title_en_US\":[\"Limited Offer\",\"Special Offer\",\"Exclusive Offer\"],\"repeater_subtitle_en_US\":[\"Mid Season salecupto 30%\",\"Mid Season salecupto 30%\",\"Mid Season salecupto 30%\"],\"repeater_subtitle_line_breaking_number_en_US\":[\"3\",\"3\",\"3\"],\"repeater_button_text_en_US\":[\"Buy Now\",\"Buy Now\",\"Buy Now\"],\"repeater_button_url_en_US\":[\"#\",\"#\",\"#\"],\"repeater_extra_note_en_US\":[null,null,\"Up to 50% off\"],\"repeater_right_image_en_US\":[\"259\",\"260\",\"243\"],\"repeater_title_ar\":[\"\\u0639\\u0631\\u0636 \\u0645\\u062d\\u062f\\u0648\\u062f\",\"\\u0639\\u0631\\u0636 \\u0645\\u062d\\u062f\\u0648\\u062f\",\"\\u0639\\u0631\\u0636 \\u0645\\u062d\\u062f\\u0648\\u062f\"],\"repeater_subtitle_ar\":[\"\\u0639\\u0631\\u0636 \\u0645\\u062d\\u062f\\u0648\\u062f\\u0639\\u0631\\u0636 \\u0645\\u062d\\u062f\\u0648\\u062f\",\"\\u0639\\u0631\\u0636 \\u0645\\u062d\\u062f\\u0648\\u062f\\u0639\\u0631\\u0636 \\u0645\\u062d\\u062f\\u0648\\u062f\",\"\\u0639\\u0631\\u0636 \\u0645\\u062d\\u062f\\u0648\\u062f\\u0639\\u0631\\u0636 \\u0645\\u062d\\u062f\\u0648\\u062f\"],\"repeater_subtitle_line_breaking_number_ar\":[\"3\",\"3\",\"3\"],\"repeater_button_text_ar\":[\"\\u0639\\u0631\\u0636 \\u0645\\u062d\\u062f\\u0648\\u062f\\u0639\\u0631\\u0636 \\u0645\\u062d\\u062f\\u0648\\u062f\",\"\\u0639\\u0631\\u0636 \\u0645\\u062d\\u062f\\u0648\\u062f\\u0639\\u0631\\u0636 \\u0645\\u062d\\u062f\\u0648\\u062f\",\"\\u0639\\u0631\\u0636 \\u0645\\u062d\\u062f\\u0648\\u062f\\u0639\\u0631\\u0636 \\u0645\\u062d\\u062f\\u0648\\u062f\"],\"repeater_button_url_ar\":[\"#\",\"#\",\"#\"],\"repeater_extra_note_ar\":[null,null,\"\\u0639\\u0631\\u0636 \\u0645\\u062d\\u062f\\u0648\\u062f\\u0639\\u0631\\u0636 \\u0645\\u062d\\u062f\\u0648\\u062f\"],\"repeater_right_image_ar\":[\"259\",\"260\",\"243\"]},\"padding_top\":\"0\",\"padding_bottom\":\"0\"}",
    "addon_namespace": "Plugins\\PageBuilder\\Addons\\Tenants\\eCommerce\\OfferArea",
    "created_at": "2023-03-14T09:10:54.000000Z",
    "updated_at": "2023-03-14T09:10:54.000000Z"
  },
  {
    "id": 60,
    "addon_name": "ProductSlider",
    "addon_type": "update",
    "addon_location": "dynamic_page",
    "addon_order": 3,
    "addon_page_id": 20,
    "addon_page_type": "dynamic_page",
    "addon_settings": "{\"id\":\"60\",\"addon_name\":\"ProductSlider\",\"addon_namespace\":\"UGx1Z2luc1xQYWdlQnVpbGRlclxBZGRvbnNcVGVuYW50c1xlQ29tbWVyY2VcUHJvZHVjdFNsaWRlcg==\",\"addon_type\":\"update\",\"addon_location\":\"dynamic_page\",\"addon_order\":\"3\",\"addon_page_id\":\"20\",\"addon_page_type\":\"dynamic_page\",\"title_en_US\":\"Our Popular Product\",\"button_text_en_US\":\"Buy Now\",\"title_ar\":\"\\u0645\\u062d\\u062a\\u0648\\u064a\\u0627\\u062a\\u0646\\u0627\",\"button_text_ar\":\"\\u0627\\u0634\\u062a\\u0631\\u064a \\u0627\\u0644\\u0622\\u0646\",\"categories\":[\"2\",\"3\",\"4\",\"5\",\"6\"],\"order_by\":\"id\",\"order\":\"asc\",\"items\":\"5\",\"product_type\":\"popular\",\"padding_top\":\"0\",\"padding_bottom\":\"0\"}",
    "addon_namespace": "Plugins\\PageBuilder\\Addons\\Tenants\\eCommerce\\ProductSlider",
    "created_at": "2023-03-14T09:10:54.000000Z",
    "updated_at": "2023-03-14T09:10:54.000000Z"
  },
  {
    "id": 61,
    "addon_name": "AllProduct",
    "addon_type": "update",
    "addon_location": "dynamic_page",
    "addon_order": 4,
    "addon_page_id": 20,
    "addon_page_type": "dynamic_page",
    "addon_settings": "{\"id\":\"61\",\"addon_name\":\"AllProduct\",\"addon_namespace\":\"UGx1Z2luc1xQYWdlQnVpbGRlclxBZGRvbnNcVGVuYW50c1xlQ29tbWVyY2VcQWxsUHJvZHVjdA==\",\"addon_type\":\"update\",\"addon_location\":\"dynamic_page\",\"addon_order\":\"4\",\"addon_page_id\":\"20\",\"addon_page_type\":\"dynamic_page\",\"title_en_US\":\"Our All Product\",\"deal_title_en_US\":\"Deals of The Day\",\"button_text_en_US\":\"Buy Now\",\"title_ar\":\"\\u0643\\u0644 \\u0645\\u0646\\u062a\\u062c\\u0627\\u062a\\u0646\\u0627\",\"deal_title_ar\":\"\\u0635\\u0641\\u0642\\u0627\\u062a \\u0627\\u0644\\u064a\\u0648\\u0645\",\"button_text_ar\":\"\\u0627\\u0634\\u062a\\u0631\\u064a \\u0627\\u0644\\u0622\\u0646\",\"categories\":[\"2\",\"3\",\"4\",\"5\",\"7\",\"8\"],\"product\":\"9\",\"order_by\":\"id\",\"order\":\"asc\",\"items\":\"6\",\"category_items\":null,\"padding_top\":\"0\",\"padding_bottom\":\"0\"}",
    "addon_namespace": "Plugins\\PageBuilder\\Addons\\Tenants\\eCommerce\\AllProduct",
    "created_at": "2023-03-14T09:10:54.000000Z",
    "updated_at": "2023-03-14T09:10:54.000000Z"
  },
  {
    "id": 62,
    "addon_name": "BestDeal",
    "addon_type": "update",
    "addon_location": "dynamic_page",
    "addon_order": 5,
    "addon_page_id": 20,
    "addon_page_type": "dynamic_page",
    "addon_settings": "{\"id\":\"62\",\"addon_name\":\"BestDeal\",\"addon_namespace\":\"UGx1Z2luc1xQYWdlQnVpbGRlclxBZGRvbnNcVGVuYW50c1xlQ29tbWVyY2VcQmVzdERlYWw=\",\"addon_type\":\"update\",\"addon_location\":\"dynamic_page\",\"addon_order\":\"5\",\"addon_page_id\":\"20\",\"addon_page_type\":\"dynamic_page\",\"title_en_US\":\"Best Deals of the Week\",\"title_ar\":\"\\u0645\\u062d\\u062a\\u0648\\u064a\\u0627\\u062a\\u0646\\u0627\",\"eCommerce_best_deal_repeater\":{\"repeater_title_en_US\":[\"Deals of The Day\",\"Special of The Day\",\"Exclusive of The Day\"],\"repeater_subtitle_en_US\":[\"Best Product\",\"Best Product\",\"Best Product\"],\"repeater_description_en_US\":[\"Sed ut perspiciatis unde omnis iste\",\"Sed ut perspiciatis unde omnis iste\",\"Sed ut perspiciatis unde omnis iste\"],\"repeater_button_text_en_US\":[\"Buy Now\",\"Buy Now\",\"Buy Now\"],\"repeater_button_url_en_US\":[\"#\",\"#\",\"#\"],\"repeater_image_en_US\":[\"242\",\"244\",\"254\"],\"repeater_title_ar\":[\"\\u0645\\u062d\\u062a\\u0648\\u064a\\u0627\\u062a\\u0646\\u0627\",\"\\u0645\\u062d\\u062a\\u0648\\u064a\\u0627\\u062a\\u0646\\u0627\",\"\\u0645\\u062d\\u062a\\u0648\\u064a\\u0627\\u062a\\u0646\\u0627\"],\"repeater_subtitle_ar\":[\"\\u0645\\u062d\\u062a\\u0648\\u064a\\u0627\\u062a\\u0646\\u0627\",\"\\u0645\\u062d\\u062a\\u0648\\u064a\\u0627\\u062a\\u0646\\u0627\",\"\\u0645\\u062d\\u062a\\u0648\\u064a\\u0627\\u062a\\u0646\\u0627\"],\"repeater_description_ar\":[\"\\u0645\\u062d\\u062a\\u0648\\u064a\\u0627\\u062a\\u0646\\u0627\",\"\\u0645\\u062d\\u062a\\u0648\\u064a\\u0627\\u062a\\u0646\\u0627\",\"\\u0645\\u062d\\u062a\\u0648\\u064a\\u0627\\u062a\\u0646\\u0627\"],\"repeater_button_text_ar\":[\"\\u0645\\u062d\\u062a\\u0648\\u064a\\u0627\\u062a\",\"\\u0645\\u062d\\u062a\\u0648\\u064a\\u0627\\u062a\",\"\\u0645\\u062d\\u062a\\u0648\\u064a\\u0627\\u062a\"],\"repeater_button_url_ar\":[\"#\",\"#\",\"#\"],\"repeater_image_ar\":[null,\"244\",\"254\"]},\"padding_top\":\"0\",\"padding_bottom\":\"0\"}",
    "addon_namespace": "Plugins\\PageBuilder\\Addons\\Tenants\\eCommerce\\BestDeal",
    "created_at": "2023-03-14T09:10:54.000000Z",
    "updated_at": "2023-03-14T09:10:54.000000Z"
  },
  {
    "id": 63,
    "addon_name": "ProductSlider",
    "addon_type": "update",
    "addon_location": "dynamic_page",
    "addon_order": 6,
    "addon_page_id": 20,
    "addon_page_type": "dynamic_page",
    "addon_settings": "{\"id\":\"63\",\"addon_name\":\"ProductSlider\",\"addon_namespace\":\"UGx1Z2luc1xQYWdlQnVpbGRlclxBZGRvbnNcVGVuYW50c1xlQ29tbWVyY2VcUHJvZHVjdFNsaWRlcg==\",\"addon_type\":\"update\",\"addon_location\":\"dynamic_page\",\"addon_order\":\"6\",\"addon_page_id\":\"20\",\"addon_page_type\":\"dynamic_page\",\"title_en_US\":\"Best Selling Products\",\"button_text_en_US\":\"Buy Now\",\"title_ar\":\"\\u0645\\u0639\\u0644\\u0648\\u0645\\u0627\\u062a \\u0627\\u0644\\u0627\\u062a\\u0635\\u0627\\u0644\",\"button_text_ar\":\"\\u0627\\u0634\\u062a\\u0631\\u064a \\u0627\\u0644\\u0622\\u0646\",\"categories\":[\"2\",\"3\",\"4\",\"5\",\"6\",\"7\",\"8\"],\"order_by\":\"id\",\"order\":\"asc\",\"items\":\"5\",\"product_type\":\"popular\",\"padding_top\":\"0\",\"padding_bottom\":\"0\"}",
    "addon_namespace": "Plugins\\PageBuilder\\Addons\\Tenants\\eCommerce\\ProductSlider",
    "created_at": "2023-03-14T09:10:54.000000Z",
    "updated_at": "2023-03-14T09:10:54.000000Z"
  },
  {
    "id": 64,
    "addon_name": "ProductCampaigns",
    "addon_type": "update",
    "addon_location": "dynamic_page",
    "addon_order": 7,
    "addon_page_id": 20,
    "addon_page_type": "dynamic_page",
    "addon_settings": "{\"id\":\"64\",\"addon_name\":\"ProductCampaigns\",\"addon_namespace\":\"UGx1Z2luc1xQYWdlQnVpbGRlclxBZGRvbnNcVGVuYW50c1xlQ29tbWVyY2VcUHJvZHVjdENhbXBhaWducw==\",\"addon_type\":\"update\",\"addon_location\":\"dynamic_page\",\"addon_order\":\"7\",\"addon_page_id\":\"20\",\"addon_page_type\":\"dynamic_page\",\"title_en_US\":\"Our Products Campaign\",\"campaign_right_title_en_US\":\"Time is running out\",\"button_text_en_US\":\"Buy Now\",\"title_ar\":\"\\u0645\\u0639\\u0644\\u0648\\u0645\\u0627\\u062a \\u0627\\u0644\\u0627\\u062a\\u0635\\u0627\\u0644\",\"campaign_right_title_ar\":\"\\u0645\\u0639\\u0644\\u0648\\u0645\\u0627\\u062a \\u0627\\u0644\\u0627\\u062a\\u0635\\u0627\\u0644\",\"button_text_ar\":\"\\u0627\\u0634\\u062a\\u0631\\u064a \\u0627\\u0644\\u0622\\u0646\",\"campaign_id\":\"1\",\"padding_top\":\"0\",\"padding_bottom\":\"0\"}",
    "addon_namespace": "Plugins\\PageBuilder\\Addons\\Tenants\\eCommerce\\ProductCampaigns",
    "created_at": "2023-03-14T09:10:54.000000Z",
    "updated_at": "2023-03-14T09:10:54.000000Z"
  },
  {
    "id": 65,
    "addon_name": "HotDeal",
    "addon_type": "update",
    "addon_location": "dynamic_page",
    "addon_order": 8,
    "addon_page_id": 20,
    "addon_page_type": "dynamic_page",
    "addon_settings": "{\"id\":\"65\",\"addon_name\":\"HotDeal\",\"addon_namespace\":\"UGx1Z2luc1xQYWdlQnVpbGRlclxBZGRvbnNcVGVuYW50c1xlQ29tbWVyY2VcSG90RGVhbA==\",\"addon_type\":\"update\",\"addon_location\":\"dynamic_page\",\"addon_order\":\"8\",\"addon_page_id\":\"20\",\"addon_page_type\":\"dynamic_page\",\"title_en_US\":\"Hot Deals Upto 30% Off\",\"button_text_en_US\":\"Buy Now\",\"title_ar\":\"\\u0645\\u0639\\u0644\\u0648\\u0645\\u0627\\u062a \\u0627\\u0644\\u0627\\u062a\\u0635\\u0627\\u0644\",\"button_text_ar\":\"\\u0645\\u0639\\u0644\\u0648\\u0645\\u0627\\u062a\",\"campaign_id\":\"1\",\"offer_image\":\"248\",\"right_image\":\"252\",\"padding_top\":\"0\",\"padding_bottom\":\"0\"}",
    "addon_namespace": "Plugins\\PageBuilder\\Addons\\Tenants\\eCommerce\\HotDeal",
    "created_at": "2023-03-14T09:10:54.000000Z",
    "updated_at": "2023-03-14T09:10:54.000000Z"
  },
  {
    "id": 66,
    "addon_name": "BrandOne",
    "addon_type": "update",
    "addon_location": "dynamic_page",
    "addon_order": 9,
    "addon_page_id": 20,
    "addon_page_type": "dynamic_page",
    "addon_settings": "{\"id\":\"66\",\"addon_name\":\"BrandOne\",\"addon_namespace\":\"UGx1Z2luc1xQYWdlQnVpbGRlclxBZGRvbnNcVGVuYW50c1xDb21tb25cbWlzY1xCcmFuZE9uZQ==\",\"addon_type\":\"update\",\"addon_location\":\"dynamic_page\",\"addon_order\":\"9\",\"addon_page_id\":\"20\",\"addon_page_type\":\"dynamic_page\",\"title_en_US\":null,\"title_ar\":null,\"item_show\":\"7\",\"padding_top\":\"0\",\"padding_bottom\":\"0\"}",
    "addon_namespace": "Plugins\\PageBuilder\\Addons\\Tenants\\Common\\misc\\BrandOne",
    "created_at": "2023-03-14T09:10:54.000000Z",
    "updated_at": "2023-03-14T09:10:54.000000Z"
  },
  {
    "id": 67,
    "addon_name": "eCommerceSubscribeNewsletter",
    "addon_type": "update",
    "addon_location": "dynamic_page",
    "addon_order": 10,
    "addon_page_id": 20,
    "addon_page_type": "dynamic_page",
    "addon_settings": "{\"id\":\"67\",\"addon_name\":\"eCommerceSubscribeNewsletter\",\"addon_namespace\":\"UGx1Z2luc1xQYWdlQnVpbGRlclxBZGRvbnNcVGVuYW50c1xlQ29tbWVyY2VcZUNvbW1lcmNlU3Vic2NyaWJlTmV3c2xldHRlcg==\",\"addon_type\":\"update\",\"addon_location\":\"dynamic_page\",\"addon_order\":\"10\",\"addon_page_id\":\"20\",\"addon_page_type\":\"dynamic_page\",\"title_en_US\":\"Subscribe to Our Newslatter\",\"description_en_US\":\"Subscribe our newslatter to get all the update .\",\"button_text_en_US\":\"Subscribe\",\"button_placeholder_text_en_US\":\"Enter your email address\",\"title_ar\":\"\\u0645\\u0639\\u0644\\u0648\\u0645\\u0627\\u062a \\u0627\\u0644\\u0627\\u062a\\u0635\\u0627\\u0644\",\"description_ar\":\"\\u0627\\u0634\\u062a\\u0631\\u0643 \\u0641\\u064a \\u0627\\u0644\\u0646\\u0634\\u0631\\u0629 \\u0627\\u0644\\u0625\\u062e\\u0628\\u0627\\u0631\\u064a\\u0629 \\u0644\\u062f\\u064a\\u0646\\u0627 \\u0644\\u0644\\u062d\\u0635\\u0648\\u0644 \\u0639\\u0644\\u0649 \\u0643\\u0644 \\u0627\\u0644\\u062a\\u062d\\u062f\\u064a\\u062b\\u0627\\u062a.\",\"button_text_ar\":\"\\u0627\\u0644\\u0625\\u0634\\u062a\\u0631\\u0627\\u0643\",\"button_placeholder_text_ar\":\"\\u0623\\u062f\\u062e\\u0644 \\u0639\\u0646\\u0648\\u0627\\u0646 \\u0628\\u0631\\u064a\\u062f\\u0643 \\u0627\\u0644\\u0627\\u0644\\u0643\\u062a\\u0631\\u0648\\u0646\\u064a\",\"padding_top\":\"0\",\"padding_bottom\":\"0\"}",
    "addon_namespace": "Plugins\\PageBuilder\\Addons\\Tenants\\eCommerce\\eCommerceSubscribeNewsletter",
    "created_at": "2023-03-14T09:10:54.000000Z",
    "updated_at": "2023-03-14T09:10:54.000000Z"
  },
  {
    "id": 68,
    "addon_name": "eCommerceServices",
    "addon_type": "update",
    "addon_location": "dynamic_page",
    "addon_order": 11,
    "addon_page_id": 20,
    "addon_page_type": "dynamic_page",
    "addon_settings": "{\"id\":\"68\",\"addon_name\":\"eCommerceServices\",\"addon_namespace\":\"UGx1Z2luc1xQYWdlQnVpbGRlclxBZGRvbnNcVGVuYW50c1xlQ29tbWVyY2VcZUNvbW1lcmNlU2VydmljZXM=\",\"addon_type\":\"update\",\"addon_location\":\"dynamic_page\",\"addon_order\":\"11\",\"addon_page_id\":\"20\",\"addon_page_type\":\"dynamic_page\",\"eCommerce_services_repeater\":{\"repeater_title_en_US\":[\"Curated Products\",\"Best Service\",\"Handamade\",\"Shipping\"],\"repeater_title_url_en_US\":[\"#\",\"#\",\"#\",\"#\"],\"repeater_subtitle_en_US\":[\"From handpicked sellers\",\"From handpicked sellers\",\"From handpicked sellers\",\"From handpicked sellers\"],\"repeater_image_en_US\":[\"271\",\"272\",\"269\",\"271\"],\"repeater_title_ar\":[\"\\u0627\\u0644\\u0645\\u0646\\u062a\\u062c\\u0627\\u062a \\u0627\\u0644\\u0645\\u0646\\u0633\\u0642\\u0629\",\"\\u0627\\u0644\\u0645\\u0646\\u062a\\u062c\\u0627\\u062a \\u0627\\u0644\\u0645\\u0646\\u0633\\u0642\\u0629\",\"\\u0627\\u0644\\u0645\\u0646\\u062a\\u062c\\u0627\\u062a \\u0627\\u0644\\u0645\\u0646\\u0633\\u0642\\u0629\",\"\\u0627\\u0644\\u0645\\u0646\\u062a\\u062c\\u0627\\u062a \\u0627\\u0644\\u0645\\u0646\\u0633\\u0642\\u0629\"],\"repeater_title_url_ar\":[\"#\",\"#\",\"#\",\"#\"],\"repeater_subtitle_ar\":[\"\\u0627\\u0644\\u0645\\u0646\\u062a\\u062c\\u0627\\u062a \\u0627\\u0644\\u0645\\u0646\\u0633\\u0642\\u0629\",\"\\u0627\\u0644\\u0645\\u0646\\u062a\\u062c\\u0627\\u062a \\u0627\\u0644\\u0645\\u0646\\u0633\\u0642\\u0629\",\"\\u0627\\u0644\\u0645\\u0646\\u062a\\u062c\\u0627\\u062a \\u0627\\u0644\\u0645\\u0646\\u0633\\u0642\\u0629\",\"\\u0627\\u0644\\u0645\\u0646\\u062a\\u062c\\u0627\\u062a \\u0627\\u0644\\u0645\\u0646\\u0633\\u0642\\u0629\"],\"repeater_image_ar\":[null,null,null,null]},\"padding_top\":\"0\",\"padding_bottom\":\"0\"}",
    "addon_namespace": "Plugins\\PageBuilder\\Addons\\Tenants\\eCommerce\\eCommerceServices",
    "created_at": "2023-03-14T09:10:54.000000Z",
    "updated_at": "2023-03-14T09:10:54.000000Z"
  }
]