[
  {
    "id": 27,
    "addon_name": "HeaderTwo",
    "addon_type": "update",
    "addon_location": "dynamic_page",
    "addon_order": 1,
    "addon_page_id": 13,
    "addon_page_type": "dynamic_page",
    "addon_settings": "{\"id\":\"33\",\"addon_name\":\"HeaderTwo\",\"addon_namespace\":\"UGx1Z2luc1xQYWdlQnVpbGRlclxBZGRvbnNcVGVuYW50c1xFdmVudFxIZWFkZXJUd28=\",\"addon_type\":\"update\",\"addon_location\":\"dynamic_page\",\"addon_order\":\"1\",\"addon_page_id\":\"13\",\"addon_page_type\":\"dynamic_page\",\"title_en_US\":\"Easily choose your conference and book your ticket\",\"description_en_US\":\"Et harum quidem rerum lacilis est et expedita distinctio. Nam libero tempore, cum soluta nobis est eligendi optio cumque nihil impedit quo minus id quod maxime placeat lacere possimus.\",\"button_text_en_US\":\"Get Ticket\",\"button_url_en_US\":\"#\",\"title_ar\":\"\\u0627\\u062e\\u062a\\u0631 \\u0627\\u0644\\u0645\\u0624\\u062a\\u0645\\u0631 \\u0628\\u0633\\u0647\\u0648\\u0644\\u0629 \\u0648\\u062d\\u062c\\u0632 \\u062a\\u0630\\u0643\\u0631\\u062a\\u0643\",\"description_ar\":\"\\u0645\\u062a\\u0645\\u064a\\u0632\\u0629.  \\u0645\\u0639 \\u0645\\u0631\\u0627\\u0639\\u0627\\u0629 \\u0639\\u062f\\u0645 \\u0627\\u0644\\u0642\\u062f\\u0631\\u0629 \\u0639\\u0644\\u0649 \\u0627\\u0644\\u0648\\u0635\\u0648\\u0644 \\u0625\\u0644\\u0649 \\u062d\\u0627\\u0644\\u0629 \\u0639\\u062f\\u0645 \\u0627\\u0644\\u0642\\u062f\\u0631\\u0629 \\u0639\\u0644\\u0649 \\u0627\\u062a\\u062e\\u0627\\u0630 \\u0627\\u0644\\u0642\\u0631\\u0627\\u0631 \\u0645\\u0637\\u0631\\u0648\\u062d\\u064b\\u0627 \\u0645\\u0646\\u0647 \\u0631\\u0642\\u0645 \\u0627\\u0644\\u062a\\u0639\\u0631\\u064a\\u0641 \\u0627\\u0644\\u0623\\u0642\\u0635\\u0649. \\u0645\\u062a\\u0645\\u064a\\u0632\\u0629.  \\u0645\\u0639 \\u0645\\u0631\\u0627\\u0639\\u0627\\u0629 \\u0639\\u062f\\u0645 \\u0627\\u0644\\u0642\\u062f\\u0631\\u0629 \\u0639\\u0644\\u0649 \\u0627\\u0644\\u0648\\u0635\\u0648\\u0644 \\u0625\\u0644\\u0649 \\u062d\\u0627\\u0644\\u0629 \\u0639\\u062f\\u0645 \\u0627\\u0644\\u0642\\u062f\\u0631\\u0629 \\u0639\\u0644\\u0649 \\u0627\\u062a\\u062e\\u0627\\u0630 \\u0627\\u0644\\u0642\\u0631\\u0627\\u0631 \\u0645\\u0637\\u0631\\u0648\\u062d\\u064b\\u0627 \\u0645\\u0646\\u0647 \\u0631\\u0642\\u0645 \\u0627\\u0644\\u062a\\u0639\\u0631\\u064a\\u0641 \\u0627\\u0644\\u0623\\u0642\\u0635\\u0649.\",\"button_text_ar\":\"\\u0629 \\u0639\\u0644\\u0649 \\u0627\\u062a\\u062e\\u0627\\u0630\",\"button_url_ar\":\"#\",\"bg_image\":\"173\",\"right_image\":\"174\",\"padding_top\":\"0\",\"padding_bottom\":\"0\"}",
    "addon_namespace": "Plugins\\PageBuilder\\Addons\\Tenants\\Event\\HeaderTwo",
    "created_at": "2023-03-14T09:10:54.000000Z",
    "updated_at": "2023-03-14T09:10:54.000000Z"
  },
  {
    "id": 28,
    "addon_name": "BrandOne",
    "addon_type": "update",
    "addon_location": "dynamic_page",
    "addon_order": 2,
    "addon_page_id": 13,
    "addon_page_type": "dynamic_page",
    "addon_settings": "{\"id\":\"35\",\"addon_name\":\"BrandOne\",\"addon_namespace\":\"UGx1Z2luc1xQYWdlQnVpbGRlclxBZGRvbnNcVGVuYW50c1xDb21tb25cbWlzY1xCcmFuZE9uZQ==\",\"addon_type\":\"update\",\"addon_location\":\"dynamic_page\",\"addon_order\":\"2\",\"addon_page_id\":\"13\",\"addon_page_type\":\"dynamic_page\",\"title_en_US\":\"Our Trusted Company and Sponsor\",\"title_ar\":\"\\u0627\\u0644\\u0634\\u0631\\u0643\\u0629 \\u0627\\u0644\\u0631\\u0627\\u0639\\u064a\\u0629 \\u0648\\u0627\\u0644\\u0634\\u0631\\u0643\\u0629 \\u0627\\u0644\\u0645\\u0648\\u062b\\u0648\\u0642 \\u0628\\u0647\\u0627\",\"item_show\":\"5\",\"padding_top\":\"0\",\"padding_bottom\":\"0\"}",
    "addon_namespace": "Plugins\\PageBuilder\\Addons\\Tenants\\Common\\misc\\BrandOne",
    "created_at": "2023-03-14T09:10:54.000000Z",
    "updated_at": "2023-03-14T09:10:54.000000Z"
  },
  {
    "id": 29,
    "addon_name": "EventSliderOne",
    "addon_type": "update",
    "addon_location": "dynamic_page",
    "addon_order": 3,
    "addon_page_id": 13,
    "addon_page_type": "dynamic_page",
    "addon_settings": "{\"id\":\"36\",\"addon_name\":\"EventSliderOne\",\"addon_namespace\":\"UGx1Z2luc1xQYWdlQnVpbGRlclxBZGRvbnNcVGVuYW50c1xFdmVudFxFdmVudFNsaWRlck9uZQ==\",\"addon_type\":\"update\",\"addon_location\":\"dynamic_page\",\"addon_order\":\"3\",\"addon_page_id\":\"13\",\"addon_page_type\":\"dynamic_page\",\"title_en_US\":\"Our Recent {h}Event{\\\/h}\",\"title_ar\":\"\\u062d\\u062f\\u062b\\u0646\\u0627 \\u0627\\u0644\\u0623\\u062e\\u064a\\u0631\",\"categories\":null,\"order_by\":\"id\",\"order\":\"asc\",\"items\":\"4\",\"padding_top\":\"0\",\"padding_bottom\":\"0\"}",
    "addon_namespace": "Plugins\\PageBuilder\\Addons\\Tenants\\Event\\EventSliderOne",
    "created_at": "2023-03-14T09:10:54.000000Z",
    "updated_at": "2023-03-14T09:10:54.000000Z"
  },
  {
    "id": 30,
    "addon_name": "AboutEventOne",
    "addon_type": "update",
    "addon_location": "dynamic_page",
    "addon_order": 4,
    "addon_page_id": 13,
    "addon_page_type": "dynamic_page",
    "addon_settings": "{\"id\":\"37\",\"addon_name\":\"AboutEventOne\",\"addon_namespace\":\"UGx1Z2luc1xQYWdlQnVpbGRlclxBZGRvbnNcVGVuYW50c1xFdmVudFxBYm91dEV2ZW50T25l\",\"addon_type\":\"update\",\"addon_location\":\"dynamic_page\",\"addon_order\":\"4\",\"addon_page_id\":\"13\",\"addon_page_type\":\"dynamic_page\",\"title_en_US\":\"Evento is the world biggest Conference booking\",\"description_en_US\":\"At vero eos et accusamus et iusto odio dignissimos ducimus qui blanditiis praesentium voluptatum deleniti atque corrupti quos dolores et quas mole excepturi sint occaecati cupiditate non provident\",\"button_text_en_US\":\"Explore More\",\"button_url_en_US\":\"#\",\"title_ar\":\"\\u0647\\u0648 \\u0623\\u0643\\u0628\\u0631 \\u062d\\u062c\\u0632 \\u0645\\u0624\\u062a\\u0645\\u0631 \\u0641\\u064a\",\"description_ar\":\"\\u0647\\u0648 \\u0623\\u0643\\u0628\\u0631 \\u062d\\u062c\\u0632 \\u0645\\u0624\\u062a\\u0645\\u0631 \\u0641\\u064a \\u0627\\u0644\\u0639\\u0627\\u0644\\u0645\\u0647\\u0648 \\u0623\\u0643\\u0628\\u0631 \\u062d\\u062c\\u0632 \\u0645\\u0624\\u062a\\u0645\\u0631 \\u0641\\u064a\\u0647\\u0648 \\u0623\\u0643\\u0628\\u0631 \\u062d\\u062c\\u0632 \\u0645\\u0624\\u062a\\u0645\\u0631 \\u0641\\u064a\\u0647\\u0648 \\u0623\\u0643\\u0628\\u0631 \\u062d\\u062c\\u0632 \\u0645\\u0624\\u062a\\u0645\\u0631 \\u0641\\u064a\\u0647\\u0648 \\u0623\\u0643\\u0628\\u0631 \\u062d\\u062c\\u0632 \\u0645\\u0624\\u062a\\u0645\\u0631 \\u0641\\u064a\",\"button_text_ar\":\"\\u0647\\u0648 \\u0623\\u0643\\u0628\\u0631 \\u062d\\u062c\\u0632 \\u0645\\u0624\\u062a\\u0645\\u0631 \\u0641\\u064a\",\"button_url_ar\":\"#\",\"left_image\":\"179\",\"about_us_repeater\":{\"repeater_image_en_US\":[\"178\",\"177\",\"176\",\"175\"],\"repeater_title_en_US\":[\"Get Speakers\",\"Pre Booking\",\"Get Participate\",\"Meet with Expert\"],\"repeater_image_ar\":[\"178\",\"177\",\"176\",\"175\"],\"repeater_title_ar\":[\"\\u0642\\u0627\\u0628\\u0644 \\u0627\\u0644\\u062e\\u0628\\u0631\\u0627\\u0621\",\"\\u0642\\u0627\\u0628\\u0644 \\u0627\\u0644\\u062e\\u0628\\u0631\\u0627\\u0621\",\"\\u0642\\u0627\\u0628\\u0644 \\u0627\\u0644\\u062e\\u0628\\u0631\\u0627\\u0621\",\"\\u0642\\u0627\\u0628\\u0644 \\u0627\\u0644\\u062e\\u0628\\u0631\\u0627\\u0621\"]},\"padding_top\":\"0\",\"padding_bottom\":\"0\"}",
    "addon_namespace": "Plugins\\PageBuilder\\Addons\\Tenants\\Event\\AboutEventOne",
    "created_at": "2023-03-14T09:10:54.000000Z",
    "updated_at": "2023-03-14T09:10:54.000000Z"
  },
  {
    "id": 31,
    "addon_name": "EventSliderOne",
    "addon_type": "update",
    "addon_location": "dynamic_page",
    "addon_order": 5,
    "addon_page_id": 13,
    "addon_page_type": "dynamic_page",
    "addon_settings": "{\"id\":\"38\",\"addon_name\":\"EventSliderOne\",\"addon_namespace\":\"UGx1Z2luc1xQYWdlQnVpbGRlclxBZGRvbnNcVGVuYW50c1xFdmVudFxFdmVudFNsaWRlck9uZQ==\",\"addon_type\":\"update\",\"addon_location\":\"dynamic_page\",\"addon_order\":\"5\",\"addon_page_id\":\"13\",\"addon_page_type\":\"dynamic_page\",\"title_en_US\":\"Our Popular {h}Event{\\\/h}\",\"title_ar\":null,\"categories\":\"2\",\"order_by\":\"id\",\"order\":\"asc\",\"items\":\"4\",\"padding_top\":\"0\",\"padding_bottom\":\"0\"}",
    "addon_namespace": "Plugins\\PageBuilder\\Addons\\Tenants\\Event\\EventSliderOne",
    "created_at": "2023-03-14T09:10:54.000000Z",
    "updated_at": "2023-03-14T09:10:54.000000Z"
  },
  {
    "id": 32,
    "addon_name": "EventCounterupOne",
    "addon_type": "update",
    "addon_location": "dynamic_page",
    "addon_order": 6,
    "addon_page_id": 13,
    "addon_page_type": "dynamic_page",
    "addon_settings": "{\"id\":\"39\",\"addon_name\":\"EventCounterupOne\",\"addon_namespace\":\"UGx1Z2luc1xQYWdlQnVpbGRlclxBZGRvbnNcVGVuYW50c1xFdmVudFxFdmVudENvdW50ZXJ1cE9uZQ==\",\"addon_type\":\"update\",\"addon_location\":\"dynamic_page\",\"addon_order\":\"6\",\"addon_page_id\":\"13\",\"addon_page_type\":\"dynamic_page\",\"about_us_repeater\":{\"repeater_number_en_US\":[\"12\",\"100\",\"267\",\"360\"],\"repeater_title_en_US\":[\"Years Experience\",\"Expert skillful speaker\",\"Attend for Participate\",\"Venu for the Event\"],\"repeater_number_ar\":[\"12\",null,null,null],\"repeater_title_ar\":[\"\\u0642\\u0627\\u0628\\u0644 \\u0627\\u0644\\u062e\\u0628\\u0631\\u0627\\u0621\",\"\\u0642\\u0627\\u0628\\u0644 \\u0627\\u0644\\u062e\\u0628\\u0631\\u0627\\u0621\",\"\\u0642\\u0627\\u0628\\u0644 \\u0627\\u0644\\u062e\\u0628\\u0631\\u0627\\u0621\",\"\\u0642\\u0627\\u0628\\u0644 \\u0627\\u0644\\u062e\\u0628\\u0631\\u0627\\u0621\"]},\"padding_top\":\"0\",\"padding_bottom\":\"0\"}",
    "addon_namespace": "Plugins\\PageBuilder\\Addons\\Tenants\\Event\\EventCounterupOne",
    "created_at": "2023-03-14T09:10:54.000000Z",
    "updated_at": "2023-03-14T09:10:54.000000Z"
  },
  {
    "id": 33,
    "addon_name": "EventSpeakers",
    "addon_type": "update",
    "addon_location": "dynamic_page",
    "addon_order": 7,
    "addon_page_id": 13,
    "addon_page_type": "dynamic_page",
    "addon_settings": "{\"id\":\"40\",\"addon_name\":\"EventSpeakers\",\"addon_namespace\":\"UGx1Z2luc1xQYWdlQnVpbGRlclxBZGRvbnNcVGVuYW50c1xFdmVudFxFdmVudFNwZWFrZXJz\",\"addon_type\":\"update\",\"addon_location\":\"dynamic_page\",\"addon_order\":\"7\",\"addon_page_id\":\"13\",\"addon_page_type\":\"dynamic_page\",\"title_en_US\":\"Our Speakers\",\"title_ar\":\"\\u0645\\u062d\\u062a\\u0648\\u064a\\u0627\\u062a\\u0646\\u0627\",\"team_member_repeater\":{\"repeater_name_en_US\":[\"Al Ahsan\",\"Nila Ahmed\",\"Jack Robinson\",\"Jessica Fernando\",\"Allen Donald\",\"Alexis Hernandez\",\"Maria Hernandez\",\"Kevin Hales\"],\"repeater_designation_en_US\":[\"Engineer\",\"Engineer\",\"Photographer\",\"Writter\",\"Poet\",\"Poet\",\"Poet\",\"Scientist\"],\"repeater_facebook_url_en_US\":[\"#\",\"#\",\"#\",\"#\",\"#\",\"#\",\"#\",\"#\"],\"repeater_twitter_url_en_US\":[\"#\",\"#\",\"#\",\"#\",\"#\",\"#\",\"#\",\"#\"],\"repeater_instagram_url_en_US\":[\"#\",\"#\",\"#\",\"#\",\"#\",\"#\",\"#\",\"#\"],\"repeater_image_en_US\":[\"63\",\"66\",\"65\",\"64\",\"65\",\"64\",\"62\",\"63\"],\"repeater_name_ar\":[\"\\u0627\\u0644\\u0623\\u062d\\u0633\\u0646\",\"\\u0627\\u0644\\u0623\\u062d\\u0633\\u0646\",\"\\u0627\\u0644\\u0623\\u062d\\u0633\\u0646\",\"\\u0627\\u0644\\u0623\\u062d\\u0633\\u0646\",\"\\u0627\\u0644\\u0623\\u062d\\u0633\\u0646\",\"\\u0627\\u0644\\u0623\\u062d\\u0633\\u0646\",\"\\u0627\\u0644\\u0623\\u062d\\u0633\\u0646\",\"\\u0627\\u0644\\u0623\\u062d\\u0633\\u0646\"],\"repeater_designation_ar\":[\"\\u0645\\u0647\\u0646\\u062f\\u0633\",\"\\u0645\\u0647\\u0646\\u062f\\u0633\",\"\\u0645\\u0647\\u0646\\u062f\\u0633\",\"\\u0645\\u0647\\u0646\\u062f\\u0633\",\"\\u0645\\u0647\\u0646\\u062f\\u0633\",\"\\u0645\\u0647\\u0646\\u062f\\u0633\",\"\\u0645\\u0647\\u0646\\u062f\\u0633\",\"\\u0645\\u0647\\u0646\\u062f\\u0633\"],\"repeater_facebook_url_ar\":[\"#\",\"#\",\"#\",\"#\",\"#\",\"#\",\"#\",\"#\"],\"repeater_twitter_url_ar\":[\"#\",\"#\",\"#\",\"#\",\"#\",\"#\",\"#\",\"#\"],\"repeater_instagram_url_ar\":[\"#\",\"#\",\"#\",\"#\",\"#\",\"#\",\"#\",\"#\"],\"repeater_image_ar\":[\"63\",\"62\",\"62\",\"62\",\"62\",\"62\",\"62\",\"62\"]},\"padding_top\":\"0\",\"padding_bottom\":\"0\"}",
    "addon_namespace": "Plugins\\PageBuilder\\Addons\\Tenants\\Event\\EventSpeakers",
    "created_at": "2023-03-14T09:10:54.000000Z",
    "updated_at": "2023-03-14T09:10:54.000000Z"
  },
  {
    "id": 34,
    "addon_name": "EventTestimonial",
    "addon_type": "update",
    "addon_location": "dynamic_page",
    "addon_order": 8,
    "addon_page_id": 13,
    "addon_page_type": "dynamic_page",
    "addon_settings": "{\"id\":\"42\",\"addon_name\":\"EventTestimonial\",\"addon_namespace\":\"UGx1Z2luc1xQYWdlQnVpbGRlclxBZGRvbnNcVGVuYW50c1xFdmVudFxFdmVudFRlc3RpbW9uaWFs\",\"addon_type\":\"update\",\"addon_location\":\"dynamic_page\",\"addon_order\":\"8\",\"addon_page_id\":\"13\",\"addon_page_type\":\"dynamic_page\",\"title_en_US\":\"Our Participate Review\",\"title_ar\":\"\\u0645\\u062d\\u062a\\u0648\\u064a\\u0627\\u062a\\u0646\\u0627\",\"item\":\"5\",\"order_by\":\"id\",\"order\":\"asc\",\"padding_top\":\"0\",\"padding_bottom\":\"0\"}",
    "addon_namespace": "Plugins\\PageBuilder\\Addons\\Tenants\\Event\\EventTestimonial",
    "created_at": "2023-03-14T09:10:54.000000Z",
    "updated_at": "2023-03-14T09:10:54.000000Z"
  },
  {
    "id": 35,
    "addon_name": "EventSubscribeNewsletter",
    "addon_type": "update",
    "addon_location": "dynamic_page",
    "addon_order": 9,
    "addon_page_id": 13,
    "addon_page_type": "dynamic_page",
    "addon_settings": "{\"id\":\"43\",\"addon_name\":\"EventSubscribeNewsletter\",\"addon_namespace\":\"UGx1Z2luc1xQYWdlQnVpbGRlclxBZGRvbnNcVGVuYW50c1xFdmVudFxFdmVudFN1YnNjcmliZU5ld3NsZXR0ZXI=\",\"addon_type\":\"update\",\"addon_location\":\"dynamic_page\",\"addon_order\":\"9\",\"addon_page_id\":\"13\",\"addon_page_type\":\"dynamic_page\",\"title_en_US\":\"Subscribe Our Newsetter\",\"description_en_US\":\"Et harum quidem rerum lacilis est et expedita distinctio. Nam libero tempore, cum soluta nobis est eligendi optio cumque nihil impedit quo minus. .\",\"button_text_en_US\":\"Subscribe\",\"button_placeholder_text_en_US\":\"Enter your email address\",\"title_ar\":\"\\u0627\\u0634\\u062a\\u0631\\u0643 \\u0641\\u064a \\u0627\\u0644\\u0646\\u0634\\u0631\\u0629 \\u0627\\u0644\\u0625\\u062e\\u0628\\u0627\\u0631\\u064a\\u0629 \\u0644\\u062f\\u064a\\u0646\\u0627\",\"description_ar\":\"\\u0627\\u0634\\u062a\\u0631\\u0643 \\u0641\\u064a \\u0627\\u0644\\u0646\\u0634\\u0631\\u0629 \\u0627\\u0644\\u0625\\u062e\\u0628\\u0627\\u0631\\u064a\\u0629 \\u0644\\u062f\\u064a\\u0646\\u0627\\u0627\\u0634\\u062a\\u0631\\u0643 \\u0641\\u064a \\u0627\\u0644\\u0646\\u0634\\u0631\\u0629 \\u0627\\u0644\\u0625\\u062e\\u0628\\u0627\\u0631\\u064a\\u0629 \\u0644\\u062f\\u064a\\u0646\\u0627\\u0627\\u0634\\u062a\\u0631\\u0643 \\u0641\\u064a \\u0627\\u0644\\u0646\\u0634\\u0631\\u0629 \\u0627\\u0644\\u0625\\u062e\\u0628\\u0627\\u0631\\u064a\\u0629 \\u0644\\u062f\\u064a\\u0646\\u0627\\u0627\\u0634\\u062a\\u0631\\u0643 \\u0641\\u064a \\u0627\\u0644\\u0646\\u0634\\u0631\\u0629 \\u0627\\u0644\\u0625\\u062e\\u0628\\u0627\\u0631\\u064a\\u0629 \\u0644\\u062f\\u064a\\u0646\\u0627\",\"button_text_ar\":\"\\u0627\\u0644\\u0625\\u0634\\u062a\\u0631\\u0627\\u0643\",\"button_placeholder_text_ar\":\"\\u0623\\u062f\\u062e\\u0644 \\u0639\\u0646\\u0648\\u0627\\u0646 \\u0628\\u0631\\u064a\\u062f\\u0643 \\u0627\\u0644\\u0627\\u0644\\u0643\\u062a\\u0631\\u0648\\u0646\\u064a\",\"padding_top\":\"0\",\"padding_bottom\":\"0\"}",
    "addon_namespace": "Plugins\\PageBuilder\\Addons\\Tenants\\Event\\EventSubscribeNewsletter",
    "created_at": "2023-03-14T09:10:54.000000Z",
    "updated_at": "2023-03-14T09:10:54.000000Z"
  }
]