
[
    {
        "id": 1,
        "addon_name": "HeaderArea",
        "addon_type": "update",
        "addon_location": "dynamic_page",
        "addon_order": 1,
        "addon_page_id": 36,
        "addon_page_type": "dynamic_page",
        "addon_settings": "{\"id\":\"1\",\"addon_name\":\"HeaderArea\",\"addon_namespace\":\"TW9kdWxlc1xIb3RlbEJvb2tpbmdcSHR0cFxQYWdlYnVpbGRlclxBZGRvbnNcSGVhZGVyc1xIZWFkZXJBcmVh\",\"addon_type\":\"update\",\"addon_location\":\"dynamic_page\",\"addon_order\":\"1\",\"addon_page_id\":\"36\",\"addon_page_type\":\"dynamic_page\",\"title_en_US\":\"Enjoy holidays, vacations & family time with us.\",\"description_en_US\":\"Find your best Room from here\",\"title_ar\":\"استمتع بالعطلات والإجازات ووقت العائلة معنا.\",\"description_ar\":\"ابحث عن غرفتك الأفضل من هنا\",\"background_image\":\"551\",\"padding_top\":\"92\",\"padding_bottom\":\"98\"}",
        "addon_namespace": "Modules\\HotelBooking\\Http\\Pagebuilder\\Addons\\Headers\\HeaderArea",
        "created_at": "2023-10-15 03:26:17",
        "updated_at": "2023-10-15 04:00:04"
    },
    {
        "id": 2,
        "addon_name": "HotelAmenityArea",
        "addon_type": "update",
        "addon_location": "dynamic_page",
        "addon_order": 2,
        "addon_page_id": 36,
        "addon_page_type": "dynamic_page",
        "addon_settings": "{\"id\":\"2\",\"addon_name\":\"HotelAmenityArea\",\"addon_namespace\":\"TW9kdWxlc1xIb3RlbEJvb2tpbmdcSHR0cFxQYWdlYnVpbGRlclxBZGRvbnNcQW1lbml0aWVzXEhvdGVsQW1lbml0eUFyZWE=\",\"addon_type\":\"update\",\"addon_location\":\"dynamic_page\",\"addon_order\":\"2\",\"addon_page_id\":\"36\",\"addon_page_type\":\"dynamic_page\",\"top_title_en_US\":\"Why book our hotels?\",\"top_title_ar\":\"\u0644\u0645\u0627\u0630\u0627 \u0646\u062d\u062c\u0632 \u0641\u0646\u0627\u062f\u0642\u0646\u0627\u061f\",\"portfolio_counter_area_repeater\":{\"title_en_US\":[\"Hassle Free Booking\",\"Hassle Free Booking\",\"Hassle Free Booking\",\"Hassle Free Booking\"],\"description_en_US\":[\"Book your hotel from our website without any hassle.\",\"Book your hotel from our website without any hassle.\",\"Book your hotel from our website without any hassle.\",\"Book your hotel from our website without any hassle.\"],\"icon_en_US\":[\"541\",\"542\",\"543\",\"544\"],\"title_ar\":[\"\u062d\u062c\u0632 \u062e\u0627\u0644\u064a \u0645\u0646 \u0627\u0644\u0645\u062a\u0627\u0639\u0628\",\"\u062d\u062c\u0632 \u062e\u0627\u0644\u064a \u0645\u0646 \u0627\u0644\u0645\u062a\u0627\u0639\u0628\",\"\u062d\u062c\u0632 \u062e\u0627\u0644\u064a \u0645\u0646 \u0627\u0644\u0645\u062a\u0627\u0639\u0628\",\"\u062d\u062c\u0632 \u062e\u0627\u0644\u064a \u0645\u0646 \u0627\u0644\u0645\u062a\u0627\u0639\u0628\"],\"description_ar\":[\"\u0627\u062d\u062c\u0632 \u0641\u0646\u062f\u0642\u0643 \u0645\u0646 \u0645\u0648\u0642\u0639\u0646\u0627 \u062f\u0648\u0646 \u0623\u064a \u0645\u062a\u0627\u0639\u0628.\",\"\u0627\u062d\u062c\u0632 \u0641\u0646\u062f\u0642\u0643 \u0645\u0646 \u0645\u0648\u0642\u0639\u0646\u0627 \u062f\u0648\u0646 \u0623\u064a \u0645\u062a\u0627\u0639\u0628.\",\"\u0627\u062d\u062c\u0632 \u0641\u0646\u062f\u0642\u0643 \u0645\u0646 \u0645\u0648\u0642\u0639\u0646\u0627 \u062f\u0648\u0646 \u0623\u064a \u0645\u062a\u0627\u0639\u0628.\",\"\u0627\u062d\u062c\u0632 \u0641\u0646\u062f\u0642\u0643 \u0645\u0646 \u0645\u0648\u0642\u0639\u0646\u0627 \u062f\u0648\u0646 \u0623\u064a \u0645\u062a\u0627\u0639\u0628.\"],\"icon_ar\":[\"541\",\"542\",\"543\",\"544\"]},\"padding_top\":\"110\",\"padding_bottom\":\"110\"}",
        "addon_namespace": "Modules\\HotelBooking\\Http\\Pagebuilder\\Addons\\Amenities\\HotelAmenityArea",
        "created_at": "2023-10-15 09:01:20",
        "updated_at": "2023-10-21 11:28:27"
    },
    {
        "id": 3,
        "addon_name": "AttractionArea",
        "addon_type": "update",
        "addon_location": "dynamic_page",
        "addon_order": 3,
        "addon_page_id": 36,
        "addon_page_type": "dynamic_page",
        "addon_settings": "{\"id\":\"3\",\"addon_name\":\"AttractionArea\",\"addon_namespace\":\"TW9kdWxlc1xIb3RlbEJvb2tpbmdcSHR0cFxQYWdlYnVpbGRlclxBZGRvbnNcQXR0cmFjdGlvbnNcQXR0cmFjdGlvbkFyZWE=\",\"addon_type\":\"update\",\"addon_location\":\"dynamic_page\",\"addon_order\":\"4\",\"addon_page_id\":\"36\",\"addon_page_type\":\"dynamic_page\",\"top_title_en_US\":\"Nearby Attractions\",\"top_title_ar\":\"\u0645\u0646\u0627\u0637\u0642 \u0627\u0644\u062c\u0630\u0628 \u0627\u0644\u0642\u0631\u064a\u0628\u0629\",\"hotel_booking_attraction_area_repeater\":{\"repeater_title_en_US\":[\"Eiffel Tower\",\"Disneyland\",\"Just de palace\",\"Arc de trimorph\",\"Eiffel Tower\",\"Eiffel Tower\",\"Eiffel Tower\"],\"repeater_description_en_US\":[\"Lorem Ipsum is simply dummy text of the printing and typesetting industry. Lorem Ipsum has been the industry's standard dummy text ever since the 1500s, when an unknown printer took a galley of type and scrambled it to make a type specimen book. It has survived not only five centuries, but also the leap into electronic typesetting, remaining essentially unchanged. It was popularised in the 1960s with the release of\",\"Lorem Ipsum is simply dummy text of the printing and typesetting industry. Lorem Ipsum has been the industry's standard dummy text ever since the 1500s, when an unknown printer took a galley of type and scrambled it to make a type specimen book. It has survived not only five centuries, but also the leap into electronic typesetting, remaining essentially unchanged. It was popularised in the 1960s with the release of\",\"Lorem Ipsum is simply dummy text of the printing and typesetting industry. Lorem Ipsum has been the industry's standard dummy text ever since the 1500s, when an unknown printer took a galley of type and scrambled it to make a type specimen book. It has survived not only five centuries, but also the leap into electronic typesetting, remaining essentially unchanged. It was popularised in the 1960s with the release of\",\"Lorem Ipsum is simply dummy text of the printing and typesetting industry. Lorem Ipsum has been the industry's standard dummy text ever since the 1500s, when an unknown printer took a galley of type and scrambled it to make a type specimen book. It has survived not only five centuries, but also the leap into electronic typesetting, remaining essentially unchanged. It was popularised in the 1960s with the release of\",\"Lorem Ipsum is simply dummy text of the printing and typesetting industry. Lorem Ipsum has been the industry's standard dummy text ever since the 1500s, when an unknown printer took a galley of type and scrambled it to make a type specimen book. It has survived not only five centuries, but also the leap into electronic typesetting, remaining essentially unchanged. It was popularised in the 1960s with the release of\",\"Lorem Ipsum is simply dummy text of the printing and typesetting industry. Lorem Ipsum has been the industry's standard dummy text ever since the 1500s, when an unknown printer took a galley of type and scrambled it to make a type specimen book. It has survived not only five centuries, but also the leap into electronic typesetting, remaining essentially unchanged. It was popularised in the 1960s with the release of\",\"Lorem Ipsum is simply dummy text of the printing and typesetting industry. Lorem Ipsum has been the industry's standard dummy text ever since the 1500s, when an unknown printer took a galley of type and scrambled it to make a type specimen book. It has survived not only five centuries, but also the leap into electronic typesetting, remaining essentially unchanged. It was popularised in the 1960s with the release of\"],\"repeater_image_en_US\":[\"539\",\"539\",\"539\",\"539\",\"539\",\"539\",\"539\"],\"repeater_title_ar\":[\"\u0628\u0631\u062c \u0627\u064a\u0641\u0644\",\"\u062f\u064a\u0632\u0646\u064a \u0644\u0627\u0646\u062f\",\"\u0641\u0642\u0637 \u062f\u064a \u0627\u0644\u0642\u0635\u0631\",\"\u0642\u0648\u0633 \u062b\u0644\u0627\u062b\u064a \u0627\u0644\u0634\u0643\u0644\",\"\u0628\u0631\u062c \u0627\u064a\u0641\u0644\",\"\u0628\u0631\u062c \u0627\u064a\u0641\u0644\",\"\u0628\u0631\u062c \u0627\u064a\u0641\u0644\"],\"repeater_description_ar\":[\"\u0644\u0648\u0631\u064a\u0645 \u0625\u064a\u0628\u0633\u0648\u0645 \u0647\u0648 \u0628\u0628\u0633\u0627\u0637\u0629 \u0646\u0635 \u0648\u0647\u0645\u064a \u0645\u0646 \u0635\u0646\u0627\u0639\u0629 \u0627\u0644\u0637\u0628\u0627\u0639\u0629 \u0648\u0627\u0644\u062a\u0646\u0636\u064a\u062f. \u0644\u0642\u062f \u0643\u0627\u0646 \u0644\u0648\u0631\u064a\u0645 \u0625\u064a\u0628\u0633\u0648\u0645 \u0647\u0648 \u0627\u0644\u0646\u0635 \u0627\u0644\u0648\u0647\u0645\u064a \u0627\u0644\u0642\u064a\u0627\u0633\u064a \u0641\u064a \u0627\u0644\u0635\u0646\u0627\u0639\u0629 \u0645\u0646\u0630 \u0627\u0644\u0642\u0631\u0646 \u0627\u0644\u0633\u0627\u062f\u0633 \u0639\u0634\u0631\u060c \u0639\u0646\u062f\u0645\u0627 \u0623\u062e\u0630\u062a \u0637\u0627\u0628\u0639\u0629 \u063a\u064a\u0631 \u0645\u0639\u0631\u0648\u0641\u0629 \u0644\u0648\u062d \u0627\u0644\u0643\u062a\u0627\u0628\u0629 \u0648\u062e\u0644\u0637\u062a\u0647 \u0644\u0635\u0646\u0639 \u0646\u0645\u0648\u0630\u062c \u0643\u062a\u0627\u0628. \u0644\u0642\u062f \u0635\u0645\u062f\u062a \u0644\u064a\u0633 \u0641\u0642\u0637 \u0644\u062e\u0645\u0633\u0629 \u0642\u0631\u0648\u0646\u060c \u0628\u0644 \u0642\u0641\u0632\u062a \u0623\u064a\u0636\u064b\u0627 \u0625\u0644\u0649 \u0627\u0644\u062a\u0646\u0636\u064a\u062f \u0627\u0644\u0625\u0644\u0643\u062a\u0631\u0648\u0646\u064a\u060c \u0648\u0628\u0642\u064a\u062a \u062f\u0648\u0646 \u062a\u063a\u064a\u064a\u0631 \u0628\u0634\u0643\u0644 \u0623\u0633\u0627\u0633\u064a. \u062a\u0645 \u0646\u0634\u0631\u0647 \u0641\u064a \u0627\u0644\u0633\u062a\u064a\u0646\u064a\u0627\u062a \u0645\u0639 \u0625\u0635\u062f\u0627\u0631\u0647\",\"\u0644\u0648\u0631\u064a\u0645 \u0625\u064a\u0628\u0633\u0648\u0645 \u0647\u0648 \u0628\u0628\u0633\u0627\u0637\u0629 \u0646\u0635 \u0648\u0647\u0645\u064a \u0645\u0646 \u0635\u0646\u0627\u0639\u0629 \u0627\u0644\u0637\u0628\u0627\u0639\u0629 \u0648\u0627\u0644\u062a\u0646\u0636\u064a\u062f. \u0644\u0642\u062f \u0643\u0627\u0646 \u0644\u0648\u0631\u064a\u0645 \u0625\u064a\u0628\u0633\u0648\u0645 \u0647\u0648 \u0627\u0644\u0646\u0635 \u0627\u0644\u0648\u0647\u0645\u064a \u0627\u0644\u0642\u064a\u0627\u0633\u064a \u0641\u064a \u0627\u0644\u0635\u0646\u0627\u0639\u0629 \u0645\u0646\u0630 \u0627\u0644\u0642\u0631\u0646 \u0627\u0644\u0633\u0627\u062f\u0633 \u0639\u0634\u0631\u060c \u0639\u0646\u062f\u0645\u0627 \u0623\u062e\u0630\u062a \u0637\u0627\u0628\u0639\u0629 \u063a\u064a\u0631 \u0645\u0639\u0631\u0648\u0641\u0629 \u0644\u0648\u062d \u0627\u0644\u0643\u062a\u0627\u0628\u0629 \u0648\u062e\u0644\u0637\u062a\u0647 \u0644\u0635\u0646\u0639 \u0646\u0645\u0648\u0630\u062c \u0643\u062a\u0627\u0628. \u0644\u0642\u062f \u0635\u0645\u062f\u062a \u0644\u064a\u0633 \u0641\u0642\u0637 \u0644\u062e\u0645\u0633\u0629 \u0642\u0631\u0648\u0646\u060c \u0628\u0644 \u0642\u0641\u0632\u062a \u0623\u064a\u0636\u064b\u0627 \u0625\u0644\u0649 \u0627\u0644\u062a\u0646\u0636\u064a\u062f \u0627\u0644\u0625\u0644\u0643\u062a\u0631\u0648\u0646\u064a\u060c \u0648\u0628\u0642\u064a\u062a \u062f\u0648\u0646 \u062a\u063a\u064a\u064a\u0631 \u0628\u0634\u0643\u0644 \u0623\u0633\u0627\u0633\u064a. \u062a\u0645 \u0646\u0634\u0631\u0647 \u0641\u064a \u0627\u0644\u0633\u062a\u064a\u0646\u064a\u0627\u062a \u0645\u0639 \u0625\u0635\u062f\u0627\u0631\u0647\",\"\u0644\u0648\u0631\u064a\u0645 \u0625\u064a\u0628\u0633\u0648\u0645 \u0647\u0648 \u0628\u0628\u0633\u0627\u0637\u0629 \u0646\u0635 \u0648\u0647\u0645\u064a \u0645\u0646 \u0635\u0646\u0627\u0639\u0629 \u0627\u0644\u0637\u0628\u0627\u0639\u0629 \u0648\u0627\u0644\u062a\u0646\u0636\u064a\u062f. \u0644\u0642\u062f \u0643\u0627\u0646 \u0644\u0648\u0631\u064a\u0645 \u0625\u064a\u0628\u0633\u0648\u0645 \u0647\u0648 \u0627\u0644\u0646\u0635 \u0627\u0644\u0648\u0647\u0645\u064a \u0627\u0644\u0642\u064a\u0627\u0633\u064a \u0641\u064a \u0627\u0644\u0635\u0646\u0627\u0639\u0629 \u0645\u0646\u0630 \u0627\u0644\u0642\u0631\u0646 \u0627\u0644\u0633\u0627\u062f\u0633 \u0639\u0634\u0631\u060c \u0639\u0646\u062f\u0645\u0627 \u0623\u062e\u0630\u062a \u0637\u0627\u0628\u0639\u0629 \u063a\u064a\u0631 \u0645\u0639\u0631\u0648\u0641\u0629 \u0644\u0648\u062d \u0627\u0644\u0643\u062a\u0627\u0628\u0629 \u0648\u062e\u0644\u0637\u062a\u0647 \u0644\u0635\u0646\u0639 \u0646\u0645\u0648\u0630\u062c \u0643\u062a\u0627\u0628. \u0644\u0642\u062f \u0635\u0645\u062f\u062a \u0644\u064a\u0633 \u0641\u0642\u0637 \u0644\u062e\u0645\u0633\u0629 \u0642\u0631\u0648\u0646\u060c \u0628\u0644 \u0642\u0641\u0632\u062a \u0623\u064a\u0636\u064b\u0627 \u0625\u0644\u0649 \u0627\u0644\u062a\u0646\u0636\u064a\u062f \u0627\u0644\u0625\u0644\u0643\u062a\u0631\u0648\u0646\u064a\u060c \u0648\u0628\u0642\u064a\u062a \u062f\u0648\u0646 \u062a\u063a\u064a\u064a\u0631 \u0628\u0634\u0643\u0644 \u0623\u0633\u0627\u0633\u064a. \u062a\u0645 \u0646\u0634\u0631\u0647 \u0641\u064a \u0627\u0644\u0633\u062a\u064a\u0646\u064a\u0627\u062a \u0645\u0639 \u0625\u0635\u062f\u0627\u0631\u0647\",\"\u0644\u0648\u0631\u064a\u0645 \u0625\u064a\u0628\u0633\u0648\u0645 \u0647\u0648 \u0628\u0628\u0633\u0627\u0637\u0629 \u0646\u0635 \u0648\u0647\u0645\u064a \u0645\u0646 \u0635\u0646\u0627\u0639\u0629 \u0627\u0644\u0637\u0628\u0627\u0639\u0629 \u0648\u0627\u0644\u062a\u0646\u0636\u064a\u062f. \u0644\u0642\u062f \u0643\u0627\u0646 \u0644\u0648\u0631\u064a\u0645 \u0625\u064a\u0628\u0633\u0648\u0645 \u0647\u0648 \u0627\u0644\u0646\u0635 \u0627\u0644\u0648\u0647\u0645\u064a \u0627\u0644\u0642\u064a\u0627\u0633\u064a \u0641\u064a \u0627\u0644\u0635\u0646\u0627\u0639\u0629 \u0645\u0646\u0630 \u0627\u0644\u0642\u0631\u0646 \u0627\u0644\u0633\u0627\u062f\u0633 \u0639\u0634\u0631\u060c \u0639\u0646\u062f\u0645\u0627 \u0623\u062e\u0630\u062a \u0637\u0627\u0628\u0639\u0629 \u063a\u064a\u0631 \u0645\u0639\u0631\u0648\u0641\u0629 \u0644\u0648\u062d \u0627\u0644\u0643\u062a\u0627\u0628\u0629 \u0648\u062e\u0644\u0637\u062a\u0647 \u0644\u0635\u0646\u0639 \u0646\u0645\u0648\u0630\u062c \u0643\u062a\u0627\u0628. \u0644\u0642\u062f \u0635\u0645\u062f\u062a \u0644\u064a\u0633 \u0641\u0642\u0637 \u0644\u062e\u0645\u0633\u0629 \u0642\u0631\u0648\u0646\u060c \u0628\u0644 \u0642\u0641\u0632\u062a \u0623\u064a\u0636\u064b\u0627 \u0625\u0644\u0649 \u0627\u0644\u062a\u0646\u0636\u064a\u062f \u0627\u0644\u0625\u0644\u0643\u062a\u0631\u0648\u0646\u064a\u060c \u0648\u0628\u0642\u064a\u062a \u062f\u0648\u0646 \u062a\u063a\u064a\u064a\u0631 \u0628\u0634\u0643\u0644 \u0623\u0633\u0627\u0633\u064a. \u062a\u0645 \u0646\u0634\u0631\u0647 \u0641\u064a \u0627\u0644\u0633\u062a\u064a\u0646\u064a\u0627\u062a \u0645\u0639 \u0625\u0635\u062f\u0627\u0631\u0647\",\"\u0644\u0648\u0631\u064a\u0645 \u0625\u064a\u0628\u0633\u0648\u0645 \u0647\u0648 \u0628\u0628\u0633\u0627\u0637\u0629 \u0646\u0635 \u0648\u0647\u0645\u064a \u0645\u0646 \u0635\u0646\u0627\u0639\u0629 \u0627\u0644\u0637\u0628\u0627\u0639\u0629 \u0648\u0627\u0644\u062a\u0646\u0636\u064a\u062f. \u0644\u0642\u062f \u0643\u0627\u0646 \u0644\u0648\u0631\u064a\u0645 \u0625\u064a\u0628\u0633\u0648\u0645 \u0647\u0648 \u0627\u0644\u0646\u0635 \u0627\u0644\u0648\u0647\u0645\u064a \u0627\u0644\u0642\u064a\u0627\u0633\u064a \u0641\u064a \u0627\u0644\u0635\u0646\u0627\u0639\u0629 \u0645\u0646\u0630 \u0627\u0644\u0642\u0631\u0646 \u0627\u0644\u0633\u0627\u062f\u0633 \u0639\u0634\u0631\u060c \u0639\u0646\u062f\u0645\u0627 \u0623\u062e\u0630\u062a \u0637\u0627\u0628\u0639\u0629 \u063a\u064a\u0631 \u0645\u0639\u0631\u0648\u0641\u0629 \u0644\u0648\u062d \u0627\u0644\u0643\u062a\u0627\u0628\u0629 \u0648\u062e\u0644\u0637\u062a\u0647 \u0644\u0635\u0646\u0639 \u0646\u0645\u0648\u0630\u062c \u0643\u062a\u0627\u0628. \u0644\u0642\u062f \u0635\u0645\u062f\u062a \u0644\u064a\u0633 \u0641\u0642\u0637 \u0644\u062e\u0645\u0633\u0629 \u0642\u0631\u0648\u0646\u060c \u0628\u0644 \u0642\u0641\u0632\u062a \u0623\u064a\u0636\u064b\u0627 \u0625\u0644\u0649 \u0627\u0644\u062a\u0646\u0636\u064a\u062f \u0627\u0644\u0625\u0644\u0643\u062a\u0631\u0648\u0646\u064a\u060c \u0648\u0628\u0642\u064a\u062a \u062f\u0648\u0646 \u062a\u063a\u064a\u064a\u0631 \u0628\u0634\u0643\u0644 \u0623\u0633\u0627\u0633\u064a. \u062a\u0645 \u0646\u0634\u0631\u0647 \u0641\u064a \u0627\u0644\u0633\u062a\u064a\u0646\u064a\u0627\u062a \u0645\u0639 \u0625\u0635\u062f\u0627\u0631\u0647\",\"\u0644\u0648\u0631\u064a\u0645 \u0625\u064a\u0628\u0633\u0648\u0645 \u0647\u0648 \u0628\u0628\u0633\u0627\u0637\u0629 \u0646\u0635 \u0648\u0647\u0645\u064a \u0645\u0646 \u0635\u0646\u0627\u0639\u0629 \u0627\u0644\u0637\u0628\u0627\u0639\u0629 \u0648\u0627\u0644\u062a\u0646\u0636\u064a\u062f. \u0644\u0642\u062f \u0643\u0627\u0646 \u0644\u0648\u0631\u064a\u0645 \u0625\u064a\u0628\u0633\u0648\u0645 \u0647\u0648 \u0627\u0644\u0646\u0635 \u0627\u0644\u0648\u0647\u0645\u064a \u0627\u0644\u0642\u064a\u0627\u0633\u064a \u0641\u064a \u0627\u0644\u0635\u0646\u0627\u0639\u0629 \u0645\u0646\u0630 \u0627\u0644\u0642\u0631\u0646 \u0627\u0644\u0633\u0627\u062f\u0633 \u0639\u0634\u0631\u060c \u0639\u0646\u062f\u0645\u0627 \u0623\u062e\u0630\u062a \u0637\u0627\u0628\u0639\u0629 \u063a\u064a\u0631 \u0645\u0639\u0631\u0648\u0641\u0629 \u0644\u0648\u062d \u0627\u0644\u0643\u062a\u0627\u0628\u0629 \u0648\u062e\u0644\u0637\u062a\u0647 \u0644\u0635\u0646\u0639 \u0646\u0645\u0648\u0630\u062c \u0643\u062a\u0627\u0628. \u0644\u0642\u062f \u0635\u0645\u062f\u062a \u0644\u064a\u0633 \u0641\u0642\u0637 \u0644\u062e\u0645\u0633\u0629 \u0642\u0631\u0648\u0646\u060c \u0628\u0644 \u0642\u0641\u0632\u062a \u0623\u064a\u0636\u064b\u0627 \u0625\u0644\u0649 \u0627\u0644\u062a\u0646\u0636\u064a\u062f \u0627\u0644\u0625\u0644\u0643\u062a\u0631\u0648\u0646\u064a\u060c \u0648\u0628\u0642\u064a\u062a \u062f\u0648\u0646 \u062a\u063a\u064a\u064a\u0631 \u0628\u0634\u0643\u0644 \u0623\u0633\u0627\u0633\u064a. \u062a\u0645 \u0646\u0634\u0631\u0647 \u0641\u064a \u0627\u0644\u0633\u062a\u064a\u0646\u064a\u0627\u062a \u0645\u0639 \u0625\u0635\u062f\u0627\u0631\u0647\",\"\u0644\u0648\u0631\u064a\u0645 \u0625\u064a\u0628\u0633\u0648\u0645 \u0647\u0648 \u0628\u0628\u0633\u0627\u0637\u0629 \u0646\u0635 \u0648\u0647\u0645\u064a \u0645\u0646 \u0635\u0646\u0627\u0639\u0629 \u0627\u0644\u0637\u0628\u0627\u0639\u0629 \u0648\u0627\u0644\u062a\u0646\u0636\u064a\u062f. \u0644\u0642\u062f \u0643\u0627\u0646 \u0644\u0648\u0631\u064a\u0645 \u0625\u064a\u0628\u0633\u0648\u0645 \u0647\u0648 \u0627\u0644\u0646\u0635 \u0627\u0644\u0648\u0647\u0645\u064a \u0627\u0644\u0642\u064a\u0627\u0633\u064a \u0641\u064a \u0627\u0644\u0635\u0646\u0627\u0639\u0629 \u0645\u0646\u0630 \u0627\u0644\u0642\u0631\u0646 \u0627\u0644\u0633\u0627\u062f\u0633 \u0639\u0634\u0631\u060c \u0639\u0646\u062f\u0645\u0627 \u0623\u062e\u0630\u062a \u0637\u0627\u0628\u0639\u0629 \u063a\u064a\u0631 \u0645\u0639\u0631\u0648\u0641\u0629 \u0644\u0648\u062d \u0627\u0644\u0643\u062a\u0627\u0628\u0629 \u0648\u062e\u0644\u0637\u062a\u0647 \u0644\u0635\u0646\u0639 \u0646\u0645\u0648\u0630\u062c \u0643\u062a\u0627\u0628. \u0644\u0642\u062f \u0635\u0645\u062f\u062a \u0644\u064a\u0633 \u0641\u0642\u0637 \u0644\u062e\u0645\u0633\u0629 \u0642\u0631\u0648\u0646\u060c \u0628\u0644 \u0642\u0641\u0632\u062a \u0623\u064a\u0636\u064b\u0627 \u0625\u0644\u0649 \u0627\u0644\u062a\u0646\u0636\u064a\u062f \u0627\u0644\u0625\u0644\u0643\u062a\u0631\u0648\u0646\u064a\u060c \u0648\u0628\u0642\u064a\u062a \u062f\u0648\u0646 \u062a\u063a\u064a\u064a\u0631 \u0628\u0634\u0643\u0644 \u0623\u0633\u0627\u0633\u064a. \u062a\u0645 \u0646\u0634\u0631\u0647 \u0641\u064a \u0627\u0644\u0633\u062a\u064a\u0646\u064a\u0627\u062a \u0645\u0639 \u0625\u0635\u062f\u0627\u0631\u0647\"],\"repeater_image_ar\":[\"539\",\"539\",\"539\",\"539\",\"539\",\"539\",\"539\"]},\"padding_top\":\"110\",\"padding_bottom\":\"110\"}",
        "addon_namespace": "Modules\\HotelBooking\\Http\\Pagebuilder\\Addons\\Attractions\\AttractionArea",
        "created_at": "2023-10-15 09:01:20",
        "updated_at": "2023-10-23 06:40:54"
    },

    {
        "id": 4,
        "addon_name": "GuestArea",
        "addon_type": "update",
        "addon_location": "dynamic_page",
        "addon_order": 4,
        "addon_page_id": 36,
        "addon_page_type": "dynamic_page",
        "addon_settings": "{\"id\":\"4\",\"addon_name\":\"GuestArea\",\"addon_namespace\":\"TW9kdWxlc1xIb3RlbEJvb2tpbmdcSHR0cFxQYWdlYnVpbGRlclxBZGRvbnNcR3Vlc3RzXEd1ZXN0QXJlYQ==\",\"addon_type\":\"update\",\"addon_location\":\"dynamic_page\",\"addon_order\":\"5\",\"addon_page_id\":\"36\",\"addon_page_type\":\"dynamic_page\",\"top_title_en_US\":\"What our guests think\",\"top_title_ar\":\"\u0645\u0627 \u064a\u0639\u062a\u0642\u062f\u0647 \u0636\u064a\u0648\u0641\u0646\u0627\",\"padding_top\":\"110\",\"padding_bottom\":\"110\"}",
        "addon_namespace": "Modules\\HotelBooking\\Http\\Pagebuilder\\Addons\\Guests\\GuestArea",
        "created_at": "2023-10-15 03:26:17",
        "updated_at": "2023-10-15 08:32:28"
    },
    {
        "id": 5,
        "addon_name": "ShotArea",
        "addon_type": "update",
        "addon_location": "dynamic_page",
        "addon_order": 5,
        "addon_page_id": 36,
        "addon_page_type": "dynamic_page",
        "addon_settings": "{\"id\":\"5\",\"addon_name\":\"ShotArea\",\"addon_namespace\":\"TW9kdWxlc1xIb3RlbEJvb2tpbmdcSHR0cFxQYWdlYnVpbGRlclxBZGRvbnNcU2hvdHNcU2hvdEFyZWE=\",\"addon_type\":\"update\",\"addon_location\":\"dynamic_page\",\"addon_order\":\"6\",\"addon_page_id\":\"36\",\"addon_page_type\":\"dynamic_page\",\"top_title_en_US\":\"Shots around our Hotels\",\"top_title_ar\":null,\"portfolio_counter_area_repeater\":{\"repeater_title_en_US\":[\"Eiffel Tower\",\"Eiffel Tower\",\"Eiffel Tower\",\"Eiffel Tower\",\"Eiffel Tower\",\"Eiffel Tower\",\"Eiffel Tower\",\"Eiffel Tower\"],\"repeater_description_en_US\":[\"We have over 28k reviews to assure you of top-notch service\",\"We have over 28k reviews to assure you of top-notch service\",\"We have over 28k reviews to assure you of top-notch service\",\"We have over 28k reviews to assure you of top-notch service\",\"We have over 28k reviews to assure you of top-notch service\",\"We have over 28k reviews to assure you of top-notch service\",\"We have over 28k reviews to assure you of top-notch service\",\"We have over 28k reviews to assure you of top-notch service\"],\"repeater_image_en_US\":[\"540\",\"540\",\"540\",\"540\",\"540\",\"540\",\"540\",\"540\"],\"repeater_title_ar\":[\"\u0628\u0631\u062c \u0627\u064a\u0641\u0644\",\"\u0628\u0631\u062c \u0627\u064a\u0641\u0644\",\"\u0628\u0631\u062c \u0627\u064a\u0641\u0644\",\"\u0628\u0631\u062c \u0627\u064a\u0641\u0644\",\"\u0628\u0631\u062c \u0627\u064a\u0641\u0644\",\"\u0628\u0631\u062c \u0627\u064a\u0641\u0644\",\"\u0628\u0631\u062c \u0627\u064a\u0641\u0644\",\"\u0628\u0631\u062c \u0627\u064a\u0641\u0644\"],\"repeater_description_ar\":[\"\u0644\u062f\u064a\u0646\u0627 \u0623\u0643\u062b\u0631 \u0645\u0646 28 \u0623\u0644\u0641 \u062a\u0642\u064a\u064a\u0645 \u0644\u0646\u0624\u0643\u062f \u0644\u0643 \u062a\u0642\u062f\u064a\u0645 \u062e\u062f\u0645\u0629 \u0645\u0646 \u0627\u0644\u062f\u0631\u062c\u0629 \u0627\u0644\u0623\u0648\u0644\u0649\",\"\u0644\u062f\u064a\u0646\u0627 \u0623\u0643\u062b\u0631 \u0645\u0646 28 \u0623\u0644\u0641 \u062a\u0642\u064a\u064a\u0645 \u0644\u0646\u0624\u0643\u062f \u0644\u0643 \u062a\u0642\u062f\u064a\u0645 \u062e\u062f\u0645\u0629 \u0645\u0646 \u0627\u0644\u062f\u0631\u062c\u0629 \u0627\u0644\u0623\u0648\u0644\u0649\",\"\u0644\u062f\u064a\u0646\u0627 \u0623\u0643\u062b\u0631 \u0645\u0646 28 \u0623\u0644\u0641 \u062a\u0642\u064a\u064a\u0645 \u0644\u0646\u0624\u0643\u062f \u0644\u0643 \u062a\u0642\u062f\u064a\u0645 \u062e\u062f\u0645\u0629 \u0645\u0646 \u0627\u0644\u062f\u0631\u062c\u0629 \u0627\u0644\u0623\u0648\u0644\u0649\",\"\u0644\u062f\u064a\u0646\u0627 \u0623\u0643\u062b\u0631 \u0645\u0646 28 \u0623\u0644\u0641 \u062a\u0642\u064a\u064a\u0645 \u0644\u0646\u0624\u0643\u062f \u0644\u0643 \u062a\u0642\u062f\u064a\u0645 \u062e\u062f\u0645\u0629 \u0645\u0646 \u0627\u0644\u062f\u0631\u062c\u0629 \u0627\u0644\u0623\u0648\u0644\u0649\",\"\u0644\u062f\u064a\u0646\u0627 \u0623\u0643\u062b\u0631 \u0645\u0646 28 \u0623\u0644\u0641 \u062a\u0642\u064a\u064a\u0645 \u0644\u0646\u0624\u0643\u062f \u0644\u0643 \u062a\u0642\u062f\u064a\u0645 \u062e\u062f\u0645\u0629 \u0645\u0646 \u0627\u0644\u062f\u0631\u062c\u0629 \u0627\u0644\u0623\u0648\u0644\u0649\",\"\u0644\u062f\u064a\u0646\u0627 \u0623\u0643\u062b\u0631 \u0645\u0646 28 \u0623\u0644\u0641 \u062a\u0642\u064a\u064a\u0645 \u0644\u0646\u0624\u0643\u062f \u0644\u0643 \u062a\u0642\u062f\u064a\u0645 \u062e\u062f\u0645\u0629 \u0645\u0646 \u0627\u0644\u062f\u0631\u062c\u0629 \u0627\u0644\u0623\u0648\u0644\u0649\",\"\u0644\u062f\u064a\u0646\u0627 \u0623\u0643\u062b\u0631 \u0645\u0646 28 \u0623\u0644\u0641 \u062a\u0642\u064a\u064a\u0645 \u0644\u0646\u0624\u0643\u062f \u0644\u0643 \u062a\u0642\u062f\u064a\u0645 \u062e\u062f\u0645\u0629 \u0645\u0646 \u0627\u0644\u062f\u0631\u062c\u0629 \u0627\u0644\u0623\u0648\u0644\u0649\",\"\u0644\u062f\u064a\u0646\u0627 \u0623\u0643\u062b\u0631 \u0645\u0646 28 \u0623\u0644\u0641 \u062a\u0642\u064a\u064a\u0645 \u0644\u0646\u0624\u0643\u062f \u0644\u0643 \u062a\u0642\u062f\u064a\u0645 \u062e\u062f\u0645\u0629 \u0645\u0646 \u0627\u0644\u062f\u0631\u062c\u0629 \u0627\u0644\u0623\u0648\u0644\u0649\"],\"repeater_image_ar\":[\"540\",\"540\",\"540\",\"540\",\"540\",\"540\",\"540\",\"540\"]},\"padding_top\":\"110\",\"padding_bottom\":\"110\"}",
        "addon_namespace": "Modules\\HotelBooking\\Http\\Pagebuilder\\Addons\\Shots\\ShotArea",
        "created_at": "2023-10-15 03:26:17",
        "updated_at": "2023-10-15 08:32:28"
    },

    {
        "id": 6,
        "addon_name": "FaqArea",
        "addon_type": "new",
        "addon_location": "dynamic_page",
        "addon_order": 6,
        "addon_page_id": 36,
        "addon_page_type": "dynamic_page",
        "addon_settings": "{\"addon_name\":\"FaqArea\",\"addon_namespace\":\"TW9kdWxlc1xIb3RlbEJvb2tpbmdcSHR0cFxQYWdlYnVpbGRlclxBZGRvbnNcRmFxXEZhcUFyZWE=\",\"addon_type\":\"new\",\"addon_location\":\"dynamic_page\",\"addon_order\":\"6\",\"addon_page_id\":\"36\",\"addon_page_type\":\"dynamic_page\",\"top_title_en_US\":\"Frequently Asked Questionbb\",\"top_title_ar\":null,\"custom_form_id_faq\":\"1\",\"padding_top\":\"110\",\"padding_bottom\":\"110\"}",
        "addon_namespace": "Modules\\HotelBooking\\Http\\Pagebuilder\\Addons\\Faq\\FaqArea",
        "created_at": "2023-10-15 09:07:39",
        "updated_at": "2023-10-15 09:07:39"
    },

    {
        "id": 7,
        "addon_name": "BrandLogoArea",
        "addon_type": "update",
        "addon_location": "dynamic_page",
        "addon_order": 7,
        "addon_page_id": 36,
        "addon_page_type": "dynamic_page",
        "addon_settings": "{\"id\":\"10\",\"addon_name\":\"BrandLogoArea\",\"addon_namespace\":\"TW9kdWxlc1xIb3RlbEJvb2tpbmdcSHR0cFxQYWdlYnVpbGRlclxBZGRvbnNcQnJhbmRMb2dvc1xCcmFuZExvZ29BcmVh\",\"addon_type\":\"update\",\"addon_location\":\"dynamic_page\",\"addon_order\":\"8\",\"addon_page_id\":\"27\",\"addon_page_type\":\"dynamic_page\",\"padding_top\":\"110\",\"padding_bottom\":\"110\"}",
        "addon_namespace": "Modules\\HotelBooking\\Http\\Pagebuilder\\Addons\\BrandLogos\\BrandLogoArea",
        "created_at": "2023-10-15 03:26:17",
        "updated_at": "2023-10-15 08:32:28"
    },
    {
        "id": 9,
        "addon_name": "BlogArea",
        "addon_type": "update",
        "addon_location": "dynamic_page",
        "addon_order": 9,
        "addon_page_id": 36,
        "addon_page_type": "dynamic_page",
        "addon_settings": "{\"id\":\"9\",\"addon_name\":\"BlogArea\",\"addon_namespace\":\"TW9kdWxlc1xIb3RlbEJvb2tpbmdcSHR0cFxQYWdlYnVpbGRlclxBZGRvbnNcQmxvZ3NcQmxvZ0FyZWE=\",\"addon_type\":\"update\",\"addon_location\":\"dynamic_page\",\"addon_order\":\"8\",\"addon_page_id\":\"36\",\"addon_page_type\":\"dynamic_page\",\"title_en_US\":\"Latest News\",\"more_text_en_US\":\"More\",\"bottom_text_en_US\":\"#\",\"bottom_text_url_en_US\":\"#\",\"title_ar\":null,\"more_text_ar\":null,\"bottom_text_ar\":null,\"bottom_text_url_ar\":null,\"categories\":\"9\",\"items\":\"3\",\"order_by\":\"id\",\"order\":\"desc\",\"padding_top\":\"110\",\"padding_bottom\":\"110\"}",
        "addon_namespace": "Modules\\HotelBooking\\Http\\Pagebuilder\\Addons\\Blogs\\BlogArea",
        "created_at": "2023-10-15 03:26:17",
        "updated_at": "2023-10-15 08:32:28"
    },
    {
        "id": 10,
        "addon_name": "NewsLetterArea",
        "addon_type": "update",
        "addon_location": "dynamic_page",
        "addon_order": 10,
        "addon_page_id": 36,
        "addon_page_type": "dynamic_page",
        "addon_settings": "{\"id\":\"7\",\"addon_name\":\"NewsLetterArea\",\"addon_namespace\":\"TW9kdWxlc1xIb3RlbEJvb2tpbmdcSHR0cFxQYWdlYnVpbGRlclxBZGRvbnNcTmV3c0xldHRlclxOZXdzTGV0dGVyQXJlYQ==\",\"addon_type\":\"update\",\"addon_location\":\"dynamic_page\",\"addon_order\":\"10\",\"addon_page_id\":\"36\",\"addon_page_type\":\"dynamic_page\",\"title_en_US\":\"Get discounts, newsletters in your email\",\"description_en_US\":\"Get discounts and newsletters on our hotels in your email. We promise to not spam. Unsubscribe anytime\",\"button_text_en_US\":\"Subscribe\",\"button_placeholder_text_en_US\":\"Enter your email\",\"title_ar\":\"\u0627\u062d\u0635\u0644 \u0639\u0644\u0649 \u062e\u0635\u0648\u0645\u0627\u062a\u060c \u0648\u0627\u0644\u0646\u0634\u0631\u0627\u062a \u0627\u0644\u0625\u062e\u0628\u0627\u0631\u064a\u0629 \u0641\u064a \u0627\u0644\u0628\u0631\u064a\u062f \u0627\u0644\u0625\u0644\u0643\u062a\u0631\u0648\u0646\u064a \u0627\u0644\u062e\u0627\u0635 \u0628\u0643\",\"description_ar\":\"\u0627\u062d\u0635\u0644 \u0639\u0644\u0649 \u062e\u0635\u0648\u0645\u0627\u062a \u0648\u0646\u0634\u0631\u0627\u062a \u0625\u062e\u0628\u0627\u0631\u064a\u0629 \u0639\u0646 \u0641\u0646\u0627\u062f\u0642\u0646\u0627 \u0639\u0628\u0631 \u0628\u0631\u064a\u062f\u0643 \u0627\u0644\u0625\u0644\u0643\u062a\u0631\u0648\u0646\u064a. \u0646\u062d\u0646 \u0646\u0639\u062f \u0628\u0639\u062f\u0645 \u0627\u0644\u0628\u0631\u064a\u062f \u0627\u0644\u0639\u0634\u0648\u0627\u0626\u064a. \u0625\u0644\u063a\u0627\u0621 \u0627\u0644\u0627\u0634\u062a\u0631\u0627\u0643 \u0641\u064a \u0623\u064a \u0648\u0642\u062a\",\"button_text_ar\":\"\u064a\u0634\u062a\u0631\u0643\",\"button_placeholder_text_ar\":\"\u0623\u062f\u062e\u0644 \u0628\u0631\u064a\u062f\u0643 \u0627\u0644\u0625\u0644\u0643\u062a\u0631\u0648\u0646\u064a\",\"padding_top\":\"110\",\"padding_bottom\":\"110\"}",
        "addon_namespace": "Modules\\HotelBooking\\Http\\Pagebuilder\\Addons\\NewsLetter\\NewsLetterArea",
        "created_at": "2023-11-29 07:56:59",
        "updated_at": "2023-11-29 08:03:36"

    }
]





