[
  {
    "id": 36,
    "addon_name": "HeaderThree",
    "addon_type": "update",
    "addon_location": "dynamic_page",
    "addon_order": 1,
    "addon_page_id": 15,
    "addon_page_type": "dynamic_page",
    "addon_settings": "{\"id\":\"44\",\"addon_name\":\"HeaderThree\",\"addon_namespace\":\"UGx1Z2luc1xQYWdlQnVpbGRlclxBZGRvbnNcVGVuYW50c1xKb2JcSGVhZGVyVGhyZWU=\",\"addon_type\":\"update\",\"addon_location\":\"dynamic_page\",\"addon_order\":\"1\",\"addon_page_id\":\"15\",\"addon_page_type\":\"dynamic_page\",\"title_en_US\":\"Let\\u2019s Get Your Dream Job  Build Your Carrer\",\"description_en_US\":\"This is the best platform where you can find your job very easily without any difficulity. It\\u2019s very simple and easy way where you can find your dream Job.\",\"button_text_en_US\":\"Search\",\"bottom_left_text_en_US\":\"27,000 Peoples get their Job by this website.\",\"bottom_left_job_qty_en_US\":\"25\",\"bottom_right_text_en_US\":\"27,000 Peoples get their Job by this website.\",\"title_ar\":\"\\u062f\\u0639\\u0648\\u0646\\u0627 \\u0646\\u062d\\u0635\\u0644 \\u0639\\u0644\\u0649 \\u0627\\u0644\\u0648\\u0638\\u064a\\u0641\\u0629 \\u0627\\u0644\\u062a\\u064a \\u062a\\u062d\\u0644\\u0645 \\u0628\\u0647\\u0627 \\u060c \\u0627\\u0628\\u0646\\u0650 \\u062d\\u064a\\u0627\\u062a\\u0643 \\u0627\\u0644\\u0645\\u0647\\u0646\\u064a\\u0629\",\"description_ar\":\"\\u062f\\u0639\\u0648\\u0646\\u0627 \\u0646\\u062d\\u0635\\u0644 \\u0639\\u0644\\u0649 \\u0627\\u0644\\u0648\\u0638\\u064a\\u0641\\u0629 \\u0627\\u0644\\u062a\\u064a \\u062a\\u062d\\u0644\\u0645 \\u0628\\u0647\\u0627 \\u060c \\u0627\\u0628\\u0646\\u0650 \\u062d\\u064a\\u0627\\u062a\\u0643 \\u0627\\u0644\\u0645\\u0647\\u0646\\u064a\\u0629\\u062f\\u0639\\u0648\\u0646\\u0627 \\u0646\\u062d\\u0635\\u0644 \\u0639\\u0644\\u0649 \\u0627\\u0644\\u0648\\u0638\\u064a\\u0641\\u0629 \\u0627\\u0644\\u062a\\u064a \\u062a\\u062d\\u0644\\u0645 \\u0628\\u0647\\u0627 \\u060c \\u0627\\u0628\\u0646\\u0650 \\u062d\\u064a\\u0627\\u062a\\u0643 \\u0627\\u0644\\u0645\\u0647\\u0646\\u064a\\u0629\",\"button_text_ar\":\"\\u0627\\u0644\\u062a\\u064a \\u062a\\u062d\\u0644\\u0645 \\u0628\\u0647\\u0627 \\u060c \\u0627\\u0628\\u0646\\u0650 \\u062d\\u064a\\u0627\\u062a\\u0643 \\u0627\\u0644\\u0645\\u0647\\u0646\\u064a\\u0629\",\"bottom_left_text_ar\":\"\\u0627\\u0644\\u062a\\u064a \\u062a\\u062d\\u0644\\u0645 \\u0628\\u0647\\u0627 \\u060c \\u0627\\u0628\\u0646\\u0650 \\u062d\\u064a\\u0627\\u062a\\u0643 \\u0627\\u0644\\u0645\\u0647\\u0646\\u064a\\u0629\",\"bottom_left_job_qty_ar\":\"256\",\"bottom_right_text_ar\":\"\\u0627\\u0644\\u062a\\u064a \\u062a\\u062d\\u0644\\u0645 \\u0628\\u0647\\u0627 \\u060c \\u0627\\u0628\\u0646\\u0650 \\u062d\\u064a\\u0627\\u062a\\u0643 \\u0627\\u0644\\u0645\\u0647\\u0646\\u064a\\u0629\",\"bg_image\":\"181\",\"right_image\":\"180\",\"padding_top\":\"0\",\"padding_bottom\":\"0\"}",
    "addon_namespace": "Plugins\\PageBuilder\\Addons\\Tenants\\Job\\HeaderThree",
    "created_at": "2023-03-14T09:10:54.000000Z",
    "updated_at": "2023-03-14T09:10:54.000000Z"
  },
  {
    "id": 37,
    "addon_name": "JobCategory",
    "addon_type": "update",
    "addon_location": "dynamic_page",
    "addon_order": 2,
    "addon_page_id": 15,
    "addon_page_type": "dynamic_page",
    "addon_settings": "{\"id\":\"45\",\"addon_name\":\"JobCategory\",\"addon_namespace\":\"UGx1Z2luc1xQYWdlQnVpbGRlclxBZGRvbnNcVGVuYW50c1xKb2JcSm9iQ2F0ZWdvcnk=\",\"addon_type\":\"update\",\"addon_location\":\"dynamic_page\",\"addon_order\":\"2\",\"addon_page_id\":\"15\",\"addon_page_type\":\"dynamic_page\",\"title_en_US\":\"Choose by Categories\",\"title_ar\":\"\\u0627\\u062e\\u062a\\u0631 \\u062d\\u0633\\u0628 \\u0627\\u0644\\u0641\\u0626\\u0627\\u062a\",\"order_by\":\"id\",\"order\":\"asc\",\"items\":\"8\",\"padding_top\":\"0\",\"padding_bottom\":\"0\"}",
    "addon_namespace": "Plugins\\PageBuilder\\Addons\\Tenants\\Job\\JobCategory",
    "created_at": "2023-03-14T09:10:54.000000Z",
    "updated_at": "2023-03-14T09:10:54.000000Z"
  },
  {
    "id": 39,
    "addon_name": "BrandOne",
    "addon_type": "update",
    "addon_location": "dynamic_page",
    "addon_order": 3,
    "addon_page_id": 15,
    "addon_page_type": "dynamic_page",
    "addon_settings": "{\"id\":\"47\",\"addon_name\":\"BrandOne\",\"addon_namespace\":\"UGx1Z2luc1xQYWdlQnVpbGRlclxBZGRvbnNcVGVuYW50c1xDb21tb25cbWlzY1xCcmFuZE9uZQ==\",\"addon_type\":\"update\",\"addon_location\":\"dynamic_page\",\"addon_order\":\"3\",\"addon_page_id\":\"15\",\"addon_page_type\":\"dynamic_page\",\"title_en_US\":\"Get hired by the popular startups\",\"title_ar\":\"\\u0627\\u062d\\u0635\\u0644 \\u0639\\u0644\\u0649 \\u0648\\u0638\\u0627\\u0626\\u0641 \\u0645\\u0646 \\u0642\\u0628\\u0644 \\u0627\\u0644\\u0634\\u0631\\u0643\\u0627\\u062a \\u0627\\u0644\\u0646\\u0627\\u0634\\u0626\\u0629 \\u0627\\u0644\\u0634\\u0647\\u064a\\u0631\\u0629\",\"item_show\":\"7\",\"padding_top\":\"0\",\"padding_bottom\":\"0\"}",
    "addon_namespace": "Plugins\\PageBuilder\\Addons\\Tenants\\Common\\misc\\BrandOne",
    "created_at": "2023-03-14T09:10:54.000000Z",
    "updated_at": "2023-03-14T09:10:54.000000Z"
  },
  {
    "id": 40,
    "addon_name": "AboutJobOne",
    "addon_type": "update",
    "addon_location": "dynamic_page",
    "addon_order": 4,
    "addon_page_id": 15,
    "addon_page_type": "dynamic_page",
    "addon_settings": "{\"id\":\"48\",\"addon_name\":\"AboutJobOne\",\"addon_namespace\":\"UGx1Z2luc1xQYWdlQnVpbGRlclxBZGRvbnNcVGVuYW50c1xKb2JcQWJvdXRKb2JPbmU=\",\"addon_type\":\"update\",\"addon_location\":\"dynamic_page\",\"addon_order\":\"4\",\"addon_page_id\":\"15\",\"addon_page_type\":\"dynamic_page\",\"title_en_US\":\"How It Works\",\"description_en_US\":\"This is the best platform where you can find your job very easily without any difficulity. It\\u2019s very simple and easy way where you can find your dream Job.\",\"title_ar\":\"\\u0643\\u064a\\u0641 \\u062a\\u0639\\u0645\\u0644\",\"description_ar\":\"\\u0647\\u0630\\u0627 \\u0647\\u0648 \\u0623\\u0641\\u0636\\u0644 \\u0645\\u0646\\u0635\\u0629 \\u062d\\u064a\\u062b \\u064a\\u0645\\u0643\\u0646\\u0643 \\u0627\\u0644\\u0639\\u062b\\u0648\\u0631 \\u0639\\u0644\\u0649 \\u0648\\u0638\\u064a\\u0641\\u062a\\u0643 \\u0628\\u0633\\u0647\\u0648\\u0644\\u0629 \\u0628\\u0627\\u0644\\u063a\\u0629 \\u062f\\u0648\\u0646 \\u0623\\u064a \\u0635\\u0639\\u0648\\u0628\\u0629. \\u0625\\u0646\\u0647\\u0627 \\u0637\\u0631\\u064a\\u0642\\u0629 \\u0628\\u0633\\u064a\\u0637\\u0629 \\u0648\\u0633\\u0647\\u0644\\u0629 \\u0644\\u0644\\u063a\\u0627\\u064a\\u0629 \\u062d\\u064a\\u062b \\u064a\\u0645\\u0643\\u0646\\u0643 \\u0627\\u0644\\u0639\\u062b\\u0648\\u0631 \\u0639\\u0644\\u0649 \\u0627\\u0644\\u0648\\u0638\\u064a\\u0641\\u0629 \\u0627\\u0644\\u062a\\u064a \\u062a\\u062d\\u0644\\u0645 \\u0628\\u0647\\u0627.\",\"left_image\":\"204\",\"left_video_url\":\"https:\\\/\\\/www.youtube.com\\\/watch?v=4r0mBo-Si10\",\"job_about_us_repeater\":{\"repeater_title_en_US\":[\"Create your Resume\",\"Do accoding the trend goes\",\"Make a strong determination\"],\"repeater_subtitle_en_US\":[\"This is the best platform where you can find your job very easily without any difficulity. It\\u2019s very simple and easy way wher\",\"This is the best platform where you can find your job very easily without any difficulity. It\\u2019s very simple and easy way wher\",\"This is the best platform where you can find your job very easily without any difficulity. It\\u2019s very simple and easy way wher\"],\"repeater_title_ar\":[\"\\u0623\\u0646\\u0634\\u0626 \\u0633\\u064a\\u0631\\u062a\\u0643 \\u0627\\u0644\\u0630\\u0627\\u062a\\u064a\\u0629\",\"\\u0623\\u0646\\u0634\\u0626 \\u0633\\u064a\\u0631\\u062a\\u0643 \\u0627\\u0644\\u0630\\u0627\\u062a\\u064a\\u0629\",\"\\u0623\\u0646\\u0634\\u0626 \\u0633\\u064a\\u0631\\u062a\\u0643 \\u0627\\u0644\\u0630\\u0627\\u062a\\u064a\\u0629\"],\"repeater_subtitle_ar\":[\"\\u0647\\u0630\\u0627 \\u0647\\u0648 \\u0623\\u0641\\u0636\\u0644 \\u0645\\u0646\\u0635\\u0629 \\u062d\\u064a\\u062b \\u064a\\u0645\\u0643\\u0646\\u0643 \\u0627\\u0644\\u0639\\u062b\\u0648\\u0631 \\u0639\\u0644\\u0649 \\u0648\\u0638\\u064a\\u0641\\u062a\\u0643 \\u0628\\u0633\\u0647\\u0648\\u0644\\u0629 \\u0628\\u0627\\u0644\\u063a\\u0629 \\u062f\\u0648\\u0646 \\u0623\\u064a \\u0635\\u0639\\u0648\\u0628\\u0629. \\u0627\\u0646\\u0647\\u0627 \\u0637\\u0631\\u064a\\u0642\\u0629 \\u0628\\u0633\\u064a\\u0637\\u0629 \\u062c\\u062f\\u0627 \\u0648\\u0633\\u0647\\u0644\\u0629 \\u062d\\u064a\\u062b\",\"\\u0647\\u0630\\u0627 \\u0647\\u0648 \\u0623\\u0641\\u0636\\u0644 \\u0645\\u0646\\u0635\\u0629 \\u062d\\u064a\\u062b \\u064a\\u0645\\u0643\\u0646\\u0643 \\u0627\\u0644\\u0639\\u062b\\u0648\\u0631 \\u0639\\u0644\\u0649 \\u0648\\u0638\\u064a\\u0641\\u062a\\u0643 \\u0628\\u0633\\u0647\\u0648\\u0644\\u0629 \\u0628\\u0627\\u0644\\u063a\\u0629 \\u062f\\u0648\\u0646 \\u0623\\u064a \\u0635\\u0639\\u0648\\u0628\\u0629. \\u0627\\u0646\\u0647\\u0627 \\u0637\\u0631\\u064a\\u0642\\u0629 \\u0628\\u0633\\u064a\\u0637\\u0629 \\u062c\\u062f\\u0627 \\u0648\\u0633\\u0647\\u0644\\u0629 \\u062d\\u064a\\u062b\",\"\\u0647\\u0630\\u0627 \\u0647\\u0648 \\u0623\\u0641\\u0636\\u0644 \\u0645\\u0646\\u0635\\u0629 \\u062d\\u064a\\u062b \\u064a\\u0645\\u0643\\u0646\\u0643 \\u0627\\u0644\\u0639\\u062b\\u0648\\u0631 \\u0639\\u0644\\u0649 \\u0648\\u0638\\u064a\\u0641\\u062a\\u0643 \\u0628\\u0633\\u0647\\u0648\\u0644\\u0629 \\u0628\\u0627\\u0644\\u063a\\u0629 \\u062f\\u0648\\u0646 \\u0623\\u064a \\u0635\\u0639\\u0648\\u0628\\u0629. \\u0627\\u0646\\u0647\\u0627 \\u0637\\u0631\\u064a\\u0642\\u0629 \\u0628\\u0633\\u064a\\u0637\\u0629 \\u062c\\u062f\\u0627 \\u0648\\u0633\\u0647\\u0644\\u0629 \\u062d\\u064a\\u062b\"]},\"padding_top\":\"0\",\"padding_bottom\":\"0\"}",
    "addon_namespace": "Plugins\\PageBuilder\\Addons\\Tenants\\Job\\AboutJobOne",
    "created_at": "2023-03-14T09:10:54.000000Z",
    "updated_at": "2023-03-14T09:10:54.000000Z"
  },
  {
    "id": 41,
    "addon_name": "JobCircular",
    "addon_type": "update",
    "addon_location": "dynamic_page",
    "addon_order": 5,
    "addon_page_id": 15,
    "addon_page_type": "dynamic_page",
    "addon_settings": "{\"id\":\"49\",\"addon_name\":\"JobCircular\",\"addon_namespace\":\"UGx1Z2luc1xQYWdlQnVpbGRlclxBZGRvbnNcVGVuYW50c1xKb2JcSm9iQ2lyY3VsYXI=\",\"addon_type\":\"update\",\"addon_location\":\"dynamic_page\",\"addon_order\":\"5\",\"addon_page_id\":\"15\",\"addon_page_type\":\"dynamic_page\",\"title_en_US\":\"Feature Job Circulars\",\"button_text_en_US\":\"Explore All\",\"button_url_en_US\":\"#\",\"title_ar\":\"\\u0627\\u0644\\u062a\\u0639\\u0627\\u0645\\u064a\\u0645 \\u0627\\u0644\\u0648\\u0638\\u064a\\u0641\\u064a\\u0629\",\"button_text_ar\":\"\\u0627\\u0644\\u062a\\u0639\\u0627\\u0645\\u064a\\u0645\",\"button_url_ar\":\"#\",\"categories\":null,\"order_by\":\"id\",\"order\":\"asc\",\"items\":\"6\",\"padding_top\":\"0\",\"padding_bottom\":\"0\"}",
    "addon_namespace": "Plugins\\PageBuilder\\Addons\\Tenants\\Job\\JobCircular",
    "created_at": "2023-03-14T09:10:54.000000Z",
    "updated_at": "2023-03-14T09:10:54.000000Z"
  },
  {
    "id": 42,
    "addon_name": "TestimonialThree",
    "addon_type": "update",
    "addon_location": "dynamic_page",
    "addon_order": 6,
    "addon_page_id": 15,
    "addon_page_type": "dynamic_page",
    "addon_settings": "{\"id\":\"50\",\"addon_name\":\"TestimonialThree\",\"addon_namespace\":\"UGx1Z2luc1xQYWdlQnVpbGRlclxBZGRvbnNcVGVuYW50c1xDb21tb25cbWlzY1xUZXN0aW1vbmlhbFRocmVl\",\"addon_type\":\"update\",\"addon_location\":\"dynamic_page\",\"addon_order\":\"6\",\"addon_page_id\":\"15\",\"addon_page_type\":\"dynamic_page\",\"title_en_US\":\"Choose by Categories\",\"title_ar\":\"\\u0627\\u062e\\u062a\\u0631 \\u062d\\u0633\\u0628 \\u0627\\u0644\\u0641\\u0626\\u0627\\u062a\",\"item\":\"4\",\"order_by\":\"id\",\"order\":\"asc\",\"padding_top\":\"0\",\"padding_bottom\":\"0\"}",
    "addon_namespace": "Plugins\\PageBuilder\\Addons\\Tenants\\Common\\misc\\TestimonialThree",
    "created_at": "2023-03-14T09:10:54.000000Z",
    "updated_at": "2023-03-14T09:10:54.000000Z"
  },
  {
    "id": 43,
    "addon_name": "BlogSliderTwo",
    "addon_type": "update",
    "addon_location": "dynamic_page",
    "addon_order": 7,
    "addon_page_id": 15,
    "addon_page_type": "dynamic_page",
    "addon_settings": "{\"id\":\"51\",\"addon_name\":\"BlogSliderTwo\",\"addon_namespace\":\"UGx1Z2luc1xQYWdlQnVpbGRlclxBZGRvbnNcVGVuYW50c1xKb2JcQmxvZ1NsaWRlclR3bw==\",\"addon_type\":\"update\",\"addon_location\":\"dynamic_page\",\"addon_order\":\"7\",\"addon_page_id\":\"15\",\"addon_page_type\":\"dynamic_page\",\"title_en_US\":\"Our Latest News\",\"title_ar\":\"\\u0622\\u062e\\u0631 \\u0623\\u062e\\u0628\\u0627\\u0631\\u0646\\u0627\",\"categories\":null,\"order_by\":\"id\",\"order\":\"asc\",\"items\":\"4\",\"padding_top\":\"0\",\"padding_bottom\":\"0\"}",
    "addon_namespace": "Plugins\\PageBuilder\\Addons\\Tenants\\Job\\BlogSliderTwo",
    "created_at": "2023-03-14T09:10:54.000000Z",
    "updated_at": "2023-03-14T09:10:54.000000Z"
  },
  {
    "id": 44,
    "addon_name": "JobSubscribeNewsletter",
    "addon_type": "update",
    "addon_location": "dynamic_page",
    "addon_order": 8,
    "addon_page_id": 15,
    "addon_page_type": "dynamic_page",
    "addon_settings": "{\"id\":\"52\",\"addon_name\":\"JobSubscribeNewsletter\",\"addon_namespace\":\"UGx1Z2luc1xQYWdlQnVpbGRlclxBZGRvbnNcVGVuYW50c1xKb2JcSm9iU3Vic2NyaWJlTmV3c2xldHRlcg==\",\"addon_type\":\"update\",\"addon_location\":\"dynamic_page\",\"addon_order\":\"8\",\"addon_page_id\":\"15\",\"addon_page_type\":\"dynamic_page\",\"title_en_US\":\"Subscribe Newsletter & Get Job Update\",\"description_en_US\":\"We are the best and tursted website where you can easily find your dream job. Nemo enim ipsam voluptatem quia voluptas sit aspernatur aut odit aut fugit.\",\"button_text_en_US\":\"Subscribe\",\"button_placeholder_text_en_US\":\"Enter your email address\",\"title_ar\":\"\\u0627\\u0634\\u062a\\u0631\\u0643 \\u0641\\u064a \\u0627\\u0644\\u0646\\u0634\\u0631\\u0629 \\u0627\\u0644\\u0625\\u062e\\u0628\\u0627\\u0631\\u064a\\u0629 \\u0648\\u0627\\u062d\\u0635\\u0644 \\u0639\\u0644\\u0649 \\u062a\\u062d\\u062f\\u064a\\u062b \\u0627\\u0644\\u0648\\u0638\\u064a\\u0641\\u0629\",\"description_ar\":\"\\u0627\\u0634\\u062a\\u0631\\u0643 \\u0641\\u064a \\u0627\\u0644\\u0646\\u0634\\u0631\\u0629 \\u0627\\u0644\\u0625\\u062e\\u0628\\u0627\\u0631\\u064a\\u0629 \\u0648\\u0627\\u062d\\u0635\\u0644 \\u0639\\u0644\\u0649 \\u062a\\u062d\\u062f\\u064a\\u062b \\u0627\\u0644\\u0648\\u0638\\u064a\\u0641\\u0629\\u0627\\u0634\\u062a\\u0631\\u0643 \\u0641\\u064a \\u0627\\u0644\\u0646\\u0634\\u0631\\u0629 \\u0627\\u0644\\u0625\\u062e\\u0628\\u0627\\u0631\\u064a\\u0629 \\u0648\\u0627\\u062d\\u0635\\u0644 \\u0639\\u0644\\u0649 \\u062a\\u062d\\u062f\\u064a\\u062b \\u0627\\u0644\\u0648\\u0638\\u064a\\u0641\\u0629\\u0627\\u0634\\u062a\\u0631\\u0643 \\u0641\\u064a \\u0627\\u0644\\u0646\\u0634\\u0631\\u0629 \\u0627\\u0644\\u0625\\u062e\\u0628\\u0627\\u0631\\u064a\\u0629 \\u0648\\u0627\\u062d\\u0635\\u0644 \\u0639\\u0644\\u0649 \\u062a\\u062d\\u062f\\u064a\\u062b \\u0627\\u0644\\u0648\\u0638\\u064a\\u0641\\u0629\",\"button_text_ar\":\"\\u062f\\u064a\\u062b \\u0627\\u0644\\u0648\\u0638\\u064a\\u0641\\u0629\",\"button_placeholder_text_ar\":\"\\u062f\\u064a\\u062b \\u0627\\u0644\\u0648\\u0638\\u064a\\u0641\\u0629\",\"padding_top\":\"0\",\"padding_bottom\":\"0\"}",
    "addon_namespace": "Plugins\\PageBuilder\\Addons\\Tenants\\Job\\JobSubscribeNewsletter",
    "created_at": "2023-03-14T09:10:54.000000Z",
    "updated_at": "2023-03-14T09:10:54.000000Z"
  }
]