[{"id":78,"addon_name":"HeaderNewspaper","addon_type":"update","addon_location":"dynamic_page","addon_order":1,"addon_page_id":28,"addon_page_type":"dynamic_page","addon_settings":"{\"id\":\"78\",\"addon_name\":\"HeaderNewspaper\",\"addon_namespace\":\"UGx1Z2luc1xQYWdlQnVpbGRlclxBZGRvbnNcVGVuYW50c1xOZXdzcGFwZXJcSGVhZGVyTmV3c3BhcGVy\",\"addon_type\":\"update\",\"addon_location\":\"dynamic_page\",\"addon_order\":\"1\",\"addon_page_id\":\"28\",\"addon_page_type\":\"dynamic_page\",\"blog_id\":\"19\",\"categories\":\"5\",\"order_by\":\"id\",\"order\":\"asc\",\"items\":\"5\",\"padding_top\":\"0\",\"padding_bottom\":\"0\"}","addon_namespace":"Plugins\\PageBuilder\\Addons\\Tenants\\Newspaper\\HeaderNewspaper","created_at":"2023-03-14T09:10:54.000000Z","updated_at":"2023-03-14T09:10:54.000000Z"},{"id":79,"addon_name":"Advertisement","addon_type":"update","addon_location":"dynamic_page","addon_order":2,"addon_page_id":28,"addon_page_type":"dynamic_page","addon_settings":"{\"id\":\"79\",\"addon_name\":\"Advertisement\",\"addon_namespace\":\"UGx1Z2luc1xQYWdlQnVpbGRlclxBZGRvbnNcVGVuYW50c1xOZXdzcGFwZXJcQWR2ZXJ0aXNlbWVudA==\",\"addon_type\":\"update\",\"addon_location\":\"dynamic_page\",\"addon_order\":\"2\",\"addon_page_id\":\"28\",\"addon_page_type\":\"dynamic_page\",\"advertisement_type\":\"image\",\"advertisement_size\":\"950*200\",\"container_class\":null,\"padding_top\":\"0\",\"padding_bottom\":\"0\"}","addon_namespace":"Plugins\\PageBuilder\\Addons\\Tenants\\Newspaper\\Advertisement","created_at":"2023-03-14T09:10:54.000000Z","updated_at":"2023-03-14T09:10:54.000000Z"},{"id":80,"addon_name":"PopularAreaNews","addon_type":"update","addon_location":"dynamic_page","addon_order":3,"addon_page_id":28,"addon_page_type":"dynamic_page","addon_settings":"{\"id\":\"81\",\"addon_name\":\"PopularAreaNews\",\"addon_namespace\":\"UGx1Z2luc1xQYWdlQnVpbGRlclxBZGRvbnNcVGVuYW50c1xOZXdzcGFwZXJcUG9wdWxhckFyZWFOZXdz\",\"addon_type\":\"update\",\"addon_location\":\"dynamic_page\",\"addon_order\":\"3\",\"addon_page_id\":\"28\",\"addon_page_type\":\"dynamic_page\",\"title_en_US\":\"Most Popular\",\"title_ar\":\"\\u0627\\u0644\\u0623\\u0643\\u062b\\u0631 \\u0634\\u0647\\u0631\\u0629\",\"left_blog_id\":\"10\",\"categories\":\"5\",\"order_by\":\"id\",\"order\":\"asc\",\"center_items\":\"6\",\"right_items\":\"6\",\"category_items\":\"4\",\"padding_top\":\"0\",\"padding_bottom\":\"0\"}","addon_namespace":"Plugins\\PageBuilder\\Addons\\Tenants\\Newspaper\\PopularAreaNews","created_at":"2023-03-14T09:10:54.000000Z","updated_at":"2023-03-14T09:10:54.000000Z"},{"id":81,"addon_name":"Advertisement","addon_type":"update","addon_location":"dynamic_page","addon_order":4,"addon_page_id":28,"addon_page_type":"dynamic_page","addon_settings":"{\"id\":\"82\",\"addon_name\":\"Advertisement\",\"addon_namespace\":\"UGx1Z2luc1xQYWdlQnVpbGRlclxBZGRvbnNcVGVuYW50c1xOZXdzcGFwZXJcQWR2ZXJ0aXNlbWVudA==\",\"addon_type\":\"update\",\"addon_location\":\"dynamic_page\",\"addon_order\":\"4\",\"addon_page_id\":\"28\",\"addon_page_type\":\"dynamic_page\",\"advertisement_type\":\"image\",\"advertisement_size\":\"950*200\",\"padding_top\":\"0\",\"padding_bottom\":\"0\"}","addon_namespace":"Plugins\\PageBuilder\\Addons\\Tenants\\Newspaper\\Advertisement","created_at":"2023-03-14T09:10:54.000000Z","updated_at":"2023-03-14T09:10:54.000000Z"},{"id":82,"addon_name":"NewspaperSlider","addon_type":"update","addon_location":"dynamic_page","addon_order":5,"addon_page_id":28,"addon_page_type":"dynamic_page","addon_settings":"{\"id\":\"83\",\"addon_name\":\"NewspaperSlider\",\"addon_namespace\":\"UGx1Z2luc1xQYWdlQnVpbGRlclxBZGRvbnNcVGVuYW50c1xOZXdzcGFwZXJcTmV3c3BhcGVyU2xpZGVy\",\"addon_type\":\"update\",\"addon_location\":\"dynamic_page\",\"addon_order\":\"5\",\"addon_page_id\":\"28\",\"addon_page_type\":\"dynamic_page\",\"title_en_US\":\"Latest\",\"title_ar\":\"\\u0623\\u062d\\u062f\\u062b\",\"categories\":\"5\",\"order_by\":\"id\",\"order\":\"asc\",\"items\":null,\"padding_top\":\"0\",\"padding_bottom\":\"0\"}","addon_namespace":"Plugins\\PageBuilder\\Addons\\Tenants\\Newspaper\\NewspaperSlider","created_at":"2023-03-14T09:10:54.000000Z","updated_at":"2023-03-14T09:10:54.000000Z"},{"id":83,"addon_name":"EntertainmentArea","addon_type":"update","addon_location":"dynamic_page","addon_order":6,"addon_page_id":28,"addon_page_type":"dynamic_page","addon_settings":"{\"id\":\"84\",\"addon_name\":\"EntertainmentArea\",\"addon_namespace\":\"UGx1Z2luc1xQYWdlQnVpbGRlclxBZGRvbnNcVGVuYW50c1xOZXdzcGFwZXJcRW50ZXJ0YWlubWVudEFyZWE=\",\"addon_type\":\"update\",\"addon_location\":\"dynamic_page\",\"addon_order\":\"6\",\"addon_page_id\":\"28\",\"addon_page_type\":\"dynamic_page\",\"title_en_US\":\"Entertainment\",\"title_ar\":\"\\u0648\\u0633\\u0627\\u0626\\u0644 \\u0627\\u0644\\u062a\\u0631\\u0641\\u064a\\u0647\",\"newspaper_entertainment_repeater\":{\"repeater_title_en_US\":[\"A combination of minimalist style and wood\",\"A combination of minimalist style and wood\",\"A combination of minimalist style and wood\",\"A combination of minimalist style and wood\",\"Pure combination of minimalist style and wood\"],\"repeater_url_en_US\":[\"#\",\"#\",\"#\",\"#\",\"#\"],\"repeater_button_text_en_US\":[\"Fashion\",\"Sports\",\"Shop\",\"Beauty\",\"Model\"],\"repeater_button_url_en_US\":[\"#\",\"#\",\"#\",\"#\",\"#\"],\"repeater_image_en_US\":[\"335\",\"335\",\"335\",\"335\",\"335\"],\"repeater_title_ar\":[\"\\u0645\\u0632\\u064a\\u062c \\u0645\\u0646 \\u0627\\u0644\\u0637\\u0631\\u0627\\u0632 \\u0627\\u0644\\u0628\\u0633\\u064a\\u0637 \\u0648\\u0627\\u0644\\u062e\\u0634\\u0628\",\"\\u0645\\u0632\\u064a\\u062c \\u0645\\u0646 \\u0627\\u0644\\u0637\\u0631\\u0627\\u0632 \\u0627\\u0644\\u0628\\u0633\\u064a\\u0637 \\u0648\\u0627\\u0644\\u062e\\u0634\\u0628\",\"\\u0645\\u0632\\u064a\\u062c \\u0645\\u0646 \\u0627\\u0644\\u0637\\u0631\\u0627\\u0632 \\u0627\\u0644\\u0628\\u0633\\u064a\\u0637 \\u0648\\u0627\\u0644\\u062e\\u0634\\u0628\",\"\\u0645\\u0632\\u064a\\u062c \\u0645\\u0646 \\u0627\\u0644\\u0637\\u0631\\u0627\\u0632 \\u0627\\u0644\\u0628\\u0633\\u064a\\u0637 \\u0648\\u0627\\u0644\\u062e\\u0634\\u0628\",\"\\u0645\\u0632\\u064a\\u062c \\u0645\\u0646 \\u0627\\u0644\\u0637\\u0631\\u0627\\u0632 \\u0627\\u0644\\u0628\\u0633\\u064a\\u0637 \\u0648\\u0627\\u0644\\u062e\\u0634\\u0628\"],\"repeater_url_ar\":[\"#\",\"#\",\"#\",\"#\",\"#\"],\"repeater_button_text_ar\":[\"\\u0645\\u0632\\u064a\\u062c \\u0645\\u0646\",\"\\u0645\\u0632\\u064a\\u062c \\u0645\\u0646\",\"\\u0645\\u0632\\u064a\\u062c \\u0645\\u0646\",\"\\u0645\\u0632\\u064a\\u062c \\u0645\\u0646\",\"\\u0645\\u0632\\u064a\\u062c \\u0645\\u0646\"],\"repeater_button_url_ar\":[\"#\",\"#\",\"#\",\"#\",\"#\"],\"repeater_image_ar\":[\"335\",\"335\",\"335\",\"335\",\"335\"]},\"padding_top\":\"0\",\"padding_bottom\":\"0\"}","addon_namespace":"Plugins\\PageBuilder\\Addons\\Tenants\\Newspaper\\EntertainmentArea","created_at":"2023-03-14T09:10:54.000000Z","updated_at":"2023-03-14T09:10:54.000000Z"},{"id":84,"addon_name":"SportsAreaNewspaper","addon_type":"update","addon_location":"dynamic_page","addon_order":7,"addon_page_id":28,"addon_page_type":"dynamic_page","addon_settings":"{\"id\":\"85\",\"addon_name\":\"SportsAreaNewspaper\",\"addon_namespace\":\"UGx1Z2luc1xQYWdlQnVpbGRlclxBZGRvbnNcVGVuYW50c1xOZXdzcGFwZXJcU3BvcnRzQXJlYU5ld3NwYXBlcg==\",\"addon_type\":\"update\",\"addon_location\":\"dynamic_page\",\"addon_order\":\"7\",\"addon_page_id\":\"28\",\"addon_page_type\":\"dynamic_page\",\"title_en_US\":\"Sports\",\"title_ar\":\"\\u0631\\u064a\\u0627\\u0636\\u0627\\u062a\",\"blog_id\":\"19\",\"categories\":\"5\",\"order_by\":\"id\",\"order\":\"asc\",\"items\":\"2\",\"padding_top\":\"0\",\"padding_bottom\":\"0\"}","addon_namespace":"Plugins\\PageBuilder\\Addons\\Tenants\\Newspaper\\SportsAreaNewspaper","created_at":"2023-03-14T09:10:54.000000Z","updated_at":"2023-03-14T09:10:54.000000Z"},{"id":85,"addon_name":"HighlightAreaNewspaper","addon_type":"update","addon_location":"dynamic_page","addon_order":8,"addon_page_id":28,"addon_page_type":"dynamic_page","addon_settings":"{\"id\":\"86\",\"addon_name\":\"HighlightAreaNewspaper\",\"addon_namespace\":\"UGx1Z2luc1xQYWdlQnVpbGRlclxBZGRvbnNcVGVuYW50c1xOZXdzcGFwZXJcSGlnaGxpZ2h0QXJlYU5ld3NwYXBlcg==\",\"addon_type\":\"update\",\"addon_location\":\"dynamic_page\",\"addon_order\":\"8\",\"addon_page_id\":\"28\",\"addon_page_type\":\"dynamic_page\",\"title_en_US\":\"Highlight\",\"title_ar\":\"\\u062a\\u0633\\u0644\\u064a\\u0637 \\u0627\\u0644\\u0636\\u0648\\u0621\",\"view_more_url\":\"#\",\"categories\":\"5\",\"order_by\":\"id\",\"order\":\"asc\",\"items\":\"6\",\"padding_top\":\"0\",\"padding_bottom\":\"70\"}","addon_namespace":"Plugins\\PageBuilder\\Addons\\Tenants\\Newspaper\\HighlightAreaNewspaper","created_at":"2023-03-14T09:10:54.000000Z","updated_at":"2023-03-14T09:10:54.000000Z"}]