[{"id":112,"addon_name":"HeaderArea","addon_type":"update","addon_location":"dynamic_page","addon_order":1,"addon_page_id":32,"addon_page_type":"dynamic_page","addon_settings":"{\"id\":\"112\",\"addon_name\":\"HeaderArea\",\"addon_namespace\":\"UGx1Z2luc1xQYWdlQnVpbGRlclxBZGRvbnNcVGVuYW50c1xQaG90b2dyYXBoeVxIZWFkZXJBcmVh\",\"addon_type\":\"update\",\"addon_location\":\"dynamic_page\",\"addon_order\":\"1\",\"addon_page_id\":\"32\",\"addon_page_type\":\"dynamic_page\",\"title_en_US\":\"CAPTURE YOUR EVERY MOMENT\",\"description_en_US\":\"We are here for help you to keep your all the memorable moment. If you would like to keep your memory in a frame feel free to ask us. We are always ready to help you.\",\"left_button_text_en_US\":\"Let's Talk\",\"left_button_url_en_US\":\"#\",\"video_button_text_en_US\":\"Watch Video\",\"video_url_en_US\":\"https:\\\/\\\/www.youtube.com\\\/watch?v=y_O9x87NAAQ\",\"title_ar\":\"\\u0627\\u0644\\u062a\\u0642\\u0637 \\u0643\\u0644 \\u0644\\u062d\\u0638\\u0629\",\"description_ar\":\"\\u0646\\u062d\\u0646 \\u0647\\u0646\\u0627 \\u0644\\u0645\\u0633\\u0627\\u0639\\u062f\\u062a\\u0643 \\u0641\\u064a \\u0627\\u0644\\u062d\\u0641\\u0627\\u0638 \\u0639\\u0644\\u0649 \\u0643\\u0644 \\u0644\\u062d\\u0638\\u0627\\u062a\\u0643 \\u0627\\u0644\\u062a\\u064a \\u0644\\u0627 \\u062a\\u0646\\u0633\\u0649. \\u0625\\u0630\\u0627 \\u0643\\u0646\\u062a \\u062a\\u0631\\u063a\\u0628 \\u0641\\u064a \\u0627\\u0644\\u0627\\u062d\\u062a\\u0641\\u0627\\u0638 \\u0628\\u0630\\u0627\\u0643\\u0631\\u062a\\u0643 \\u0641\\u064a \\u0625\\u0637\\u0627\\u0631 \\u060c \\u0641\\u0644\\u0627 \\u062a\\u062a\\u0631\\u062f\\u062f \\u0641\\u064a \\u0633\\u0624\\u0627\\u0644\\u0646\\u0627. \\u0646\\u062d\\u0646 \\u0645\\u0633\\u062a\\u0639\\u062f\\u0648\\u0646 \\u0644\\u0645\\u0633\\u0627\\u0639\\u062f\\u062a\\u0643 \\u062f\\u0627\\u0626\\u0645\\u0627.\",\"left_button_text_ar\":\"\\u0644\\u0646\\u062a\\u062d\\u062f\\u062b\",\"left_button_url_ar\":\"#\",\"video_button_text_ar\":\"\\u0634\\u0627\\u0647\\u062f \\u0627\\u0644\\u0641\\u064a\\u062f\\u064a\\u0648\",\"video_url_ar\":\"https:\\\/\\\/www.youtube.com\\\/watch?v=ON7vkyxWpRs&t=2691s\",\"photography_header_repeater\":{\"repeater_image_\":[\"435\",\"435\"]},\"padding_top\":\"0\",\"padding_bottom\":\"0\"}","addon_namespace":"Plugins\\PageBuilder\\Addons\\Tenants\\Photography\\HeaderArea","created_at":"2023-03-14T09:10:55.000000Z","updated_at":"2023-03-14T09:10:55.000000Z"},{"id":113,"addon_name":"ServiceArea","addon_type":"update","addon_location":"dynamic_page","addon_order":2,"addon_page_id":32,"addon_page_type":"dynamic_page","addon_settings":"{\"id\":\"113\",\"addon_name\":\"ServiceArea\",\"addon_namespace\":\"UGx1Z2luc1xQYWdlQnVpbGRlclxBZGRvbnNcVGVuYW50c1xQaG90b2dyYXBoeVxTZXJ2aWNlQXJlYQ==\",\"addon_type\":\"update\",\"addon_location\":\"dynamic_page\",\"addon_order\":\"2\",\"addon_page_id\":\"32\",\"addon_page_type\":\"dynamic_page\",\"title_en_US\":\"What service we provide\",\"title_ar\":\"\\u0645\\u0627 \\u0627\\u0644\\u062e\\u062f\\u0645\\u0629 \\u0627\\u0644\\u062a\\u064a \\u0646\\u0642\\u062f\\u0645\\u0647\\u0627\",\"right_image\":\"437\",\"photography_service_area_repeater\":{\"repeater_title_en_US\":[\"Photography for any Event\",\"Cinematography for any Event\",\"Drone, Led for any Event\"],\"repeater_title_url_en_US\":[\"#\",\"#\",\"#\"],\"repeater_description_en_US\":[\"We are here for help you to keep your all the memorable moment. If you would like to keep your memory in a frame feel free to ask.\",\"We are here for help you to keep your all the memorable moment. If you would like to keep your memory in a frame feel free to ask.\",\"We are here for help you to keep your all the memorable moment. If you would like to keep your memory in a frame feel free to ask.\"],\"repeater_image_en_US\":[\"440\",\"439\",\"438\"],\"repeater_title_ar\":[\"\\u0627\\u0644\\u062a\\u0635\\u0648\\u064a\\u0631 \\u0627\\u0644\\u0641\\u0648\\u062a\\u0648\\u063a\\u0631\\u0627\\u0641\\u064a \\u0644\\u0623\\u064a \\u062d\\u062f\\u062b\",\"\\u0627\\u0644\\u062a\\u0635\\u0648\\u064a\\u0631 \\u0627\\u0644\\u0641\\u0648\\u062a\\u0648\\u063a\\u0631\\u0627\\u0641\\u064a \\u0644\\u0623\\u064a \\u062d\\u062f\\u062b\",\"\\u0627\\u0644\\u062a\\u0635\\u0648\\u064a\\u0631 \\u0627\\u0644\\u0641\\u0648\\u062a\\u0648\\u063a\\u0631\\u0627\\u0641\\u064a \\u0644\\u0623\\u064a \\u062d\\u062f\\u062b\"],\"repeater_title_url_ar\":[\"#\",\"#\",\"#\"],\"repeater_description_ar\":[\"\\u0646\\u062d\\u0646 \\u0647\\u0646\\u0627 \\u0644\\u0645\\u0633\\u0627\\u0639\\u062f\\u062a\\u0643 \\u0641\\u064a \\u0627\\u0644\\u062d\\u0641\\u0627\\u0638 \\u0639\\u0644\\u0649 \\u0643\\u0644 \\u0644\\u062d\\u0638\\u0627\\u062a\\u0643 \\u0627\\u0644\\u062a\\u064a \\u0644\\u0627 \\u062a\\u0646\\u0633\\u0649. \\u0625\\u0630\\u0627 \\u0643\\u0646\\u062a \\u062a\\u0631\\u063a\\u0628 \\u0641\\u064a \\u0627\\u0644\\u0627\\u062d\\u062a\\u0641\\u0627\\u0638 \\u0628\\u0630\\u0627\\u0643\\u0631\\u062a\\u0643 \\u0641\\u064a \\u0625\\u0637\\u0627\\u0631 \\u060c \\u0641\\u0644\\u0627 \\u062a\\u062a\\u0631\\u062f\\u062f \\u0641\\u064a \\u0627\\u0644\\u0633\\u0624\\u0627\\u0644.\",\"\\u0646\\u062d\\u0646 \\u0647\\u0646\\u0627 \\u0644\\u0645\\u0633\\u0627\\u0639\\u062f\\u062a\\u0643 \\u0641\\u064a \\u0627\\u0644\\u062d\\u0641\\u0627\\u0638 \\u0639\\u0644\\u0649 \\u0643\\u0644 \\u0644\\u062d\\u0638\\u0627\\u062a\\u0643 \\u0627\\u0644\\u062a\\u064a \\u0644\\u0627 \\u062a\\u0646\\u0633\\u0649. \\u0625\\u0630\\u0627 \\u0643\\u0646\\u062a \\u062a\\u0631\\u063a\\u0628 \\u0641\\u064a \\u0627\\u0644\\u0627\\u062d\\u062a\\u0641\\u0627\\u0638 \\u0628\\u0630\\u0627\\u0643\\u0631\\u062a\\u0643 \\u0641\\u064a \\u0625\\u0637\\u0627\\u0631 \\u060c \\u0641\\u0644\\u0627 \\u062a\\u062a\\u0631\\u062f\\u062f \\u0641\\u064a \\u0627\\u0644\\u0633\\u0624\\u0627\\u0644.\",\"\\u0646\\u062d\\u0646 \\u0647\\u0646\\u0627 \\u0644\\u0645\\u0633\\u0627\\u0639\\u062f\\u062a\\u0643 \\u0641\\u064a \\u0627\\u0644\\u062d\\u0641\\u0627\\u0638 \\u0639\\u0644\\u0649 \\u0643\\u0644 \\u0644\\u062d\\u0638\\u0627\\u062a\\u0643 \\u0627\\u0644\\u062a\\u064a \\u0644\\u0627 \\u062a\\u0646\\u0633\\u0649. \\u0625\\u0630\\u0627 \\u0643\\u0646\\u062a \\u062a\\u0631\\u063a\\u0628 \\u0641\\u064a \\u0627\\u0644\\u0627\\u062d\\u062a\\u0641\\u0627\\u0638 \\u0628\\u0630\\u0627\\u0643\\u0631\\u062a\\u0643 \\u0641\\u064a \\u0625\\u0637\\u0627\\u0631 \\u060c \\u0641\\u0644\\u0627 \\u062a\\u062a\\u0631\\u062f\\u062f \\u0641\\u064a \\u0627\\u0644\\u0633\\u0624\\u0627\\u0644.\"],\"repeater_image_ar\":[\"440\",\"440\",\"440\"]},\"padding_top\":\"0\",\"padding_bottom\":\"0\"}","addon_namespace":"Plugins\\PageBuilder\\Addons\\Tenants\\Photography\\ServiceArea","created_at":"2023-03-14T09:10:55.000000Z","updated_at":"2023-03-14T09:10:55.000000Z"},{"id":114,"addon_name":"StoryArea","addon_type":"update","addon_location":"dynamic_page","addon_order":3,"addon_page_id":32,"addon_page_type":"dynamic_page","addon_settings":"{\"id\":\"114\",\"addon_name\":\"StoryArea\",\"addon_namespace\":\"UGx1Z2luc1xQYWdlQnVpbGRlclxBZGRvbnNcVGVuYW50c1xQaG90b2dyYXBoeVxTdG9yeUFyZWE=\",\"addon_type\":\"update\",\"addon_location\":\"dynamic_page\",\"addon_order\":\"3\",\"addon_page_id\":\"32\",\"addon_page_type\":\"dynamic_page\",\"title_en_US\":\"Capture your story the way you live it\",\"description_en_US\":\"We are here for help you to keep your all the memorable moment. If you would like to keep your memory in a frame feel free to ask us. We are always ready to help you.\",\"button_text_en_US\":\"Explore More\",\"button_url_en_US\":\"#\",\"title_ar\":\"\\u0645\\u0639\\u0644\\u0648\\u0645\\u0627\\u062a \\u0627\\u0644\\u0627\\u062a\\u0635\\u0627\\u0644\",\"description_ar\":\"\\u0646\\u062d\\u0646 \\u0647\\u0646\\u0627 \\u0644\\u0645\\u0633\\u0627\\u0639\\u062f\\u062a\\u0643 \\u0641\\u064a \\u0627\\u0644\\u062d\\u0641\\u0627\\u0638 \\u0639\\u0644\\u0649 \\u0643\\u0644 \\u0644\\u062d\\u0638\\u0627\\u062a\\u0643 \\u0627\\u0644\\u062a\\u064a \\u0644\\u0627 \\u062a\\u0646\\u0633\\u0649. \\u0625\\u0630\\u0627 \\u0643\\u0646\\u062a \\u062a\\u0631\\u063a\\u0628 \\u0641\\u064a \\u0627\\u0644\\u0627\\u062d\\u062a\\u0641\\u0627\\u0638 \\u0628\\u0630\\u0627\\u0643\\u0631\\u062a\\u0643 \\u0641\\u064a \\u0625\\u0637\\u0627\\u0631 \\u060c \\u0641\\u0644\\u0627 \\u062a\\u062a\\u0631\\u062f\\u062f \\u0641\\u064a \\u0627\\u0644\\u0633\\u0624\\u0627\\u0644.\",\"button_text_ar\":\"\\u0627\\u0633\\u062a\\u0643\\u0634\\u0627\\u0641 \\u0627\\u0644\\u0645\\u0632\\u064a\\u062f\",\"button_url_ar\":\"#\",\"left_image\":\"447\",\"photography_story_repeater\":{\"repeater_title_en_US\":[\"Professional Photographer\",\"Handle by Expert\",\"Award Wining by Photography\"],\"repeater_url_en_US\":[\"#\",\"#\",\"#\"],\"repeater_description_en_US\":[\"We have so many expert photographer, They are very professional and dedicated. They have so much experience in this profession, So if you want to good photography let\\u2019s connect with us.\",\"We have so many expert photographer, They are very professional and dedicated. They have so much experience in this profession, So if you want to good photography let\\u2019s connect with us.\",\"We have so many expert photographer, They are very professional and dedicated. They have so much experience in this profession, So if you want to good photography let\\u2019s connect with us.\"],\"repeater_image_en_US\":[\"444\",\"443\",\"442\"],\"repeater_title_ar\":[\"\\u0645\\u0635\\u0648\\u0631 \\u0645\\u062d\\u062a\\u0631\\u0641\",\"\\u0645\\u0635\\u0648\\u0631 \\u0645\\u062d\\u062a\\u0631\\u0641\",\"\\u0645\\u0635\\u0648\\u0631 \\u0645\\u062d\\u062a\\u0631\\u0641\"],\"repeater_url_ar\":[\"#\",\"#\",\"#\"],\"repeater_description_ar\":[\"\\u0644\\u062f\\u064a\\u0646\\u0627 \\u0627\\u0644\\u0643\\u062b\\u064a\\u0631 \\u0645\\u0646 \\u0627\\u0644\\u0645\\u0635\\u0648\\u0631\\u064a\\u0646 \\u0627\\u0644\\u062e\\u0628\\u0631\\u0627\\u0621 \\u060c \\u0641\\u0647\\u0645 \\u0645\\u062d\\u062a\\u0631\\u0641\\u0648\\u0646 \\u0648\\u0645\\u062a\\u0641\\u0627\\u0646\\u0648\\u0646 \\u0644\\u0644\\u063a\\u0627\\u064a\\u0629. \\u0644\\u062f\\u064a\\u0647\\u0645 \\u0627\\u0644\\u0643\\u062b\\u064a\\u0631 \\u0645\\u0646 \\u0627\\u0644\\u062e\\u0628\\u0631\\u0629 \\u0641\\u064a \\u0647\\u0630\\u0647 \\u0627\\u0644\\u0645\\u0647\\u0646\\u0629 \\u060c \\u0644\\u0630\\u0644\\u0643 \\u0625\\u0630\\u0627 \\u0643\\u0646\\u062a \\u062a\\u0631\\u063a\\u0628 \\u0641\\u064a \\u0627\\u0644\\u062a\\u0635\\u0648\\u064a\\u0631 \\u0627\\u0644\\u0641\\u0648\\u062a\\u0648\\u063a\\u0631\\u0627\\u0641\\u064a \\u0627\\u0644\\u062c\\u064a\\u062f \\u060c \\u0641\\u0644\\u0646\\u062a\\u0648\\u0627\\u0635\\u0644 \\u0645\\u0639\\u0646\\u0627.\",\"\\u0644\\u062f\\u064a\\u0646\\u0627 \\u0627\\u0644\\u0643\\u062b\\u064a\\u0631 \\u0645\\u0646 \\u0627\\u0644\\u0645\\u0635\\u0648\\u0631\\u064a\\u0646 \\u0627\\u0644\\u062e\\u0628\\u0631\\u0627\\u0621 \\u060c \\u0641\\u0647\\u0645 \\u0645\\u062d\\u062a\\u0631\\u0641\\u0648\\u0646 \\u0648\\u0645\\u062a\\u0641\\u0627\\u0646\\u0648\\u0646 \\u0644\\u0644\\u063a\\u0627\\u064a\\u0629. \\u0644\\u062f\\u064a\\u0647\\u0645 \\u0627\\u0644\\u0643\\u062b\\u064a\\u0631 \\u0645\\u0646 \\u0627\\u0644\\u062e\\u0628\\u0631\\u0629 \\u0641\\u064a \\u0647\\u0630\\u0647 \\u0627\\u0644\\u0645\\u0647\\u0646\\u0629 \\u060c \\u0644\\u0630\\u0644\\u0643 \\u0625\\u0630\\u0627 \\u0643\\u0646\\u062a \\u062a\\u0631\\u063a\\u0628 \\u0641\\u064a \\u0627\\u0644\\u062a\\u0635\\u0648\\u064a\\u0631 \\u0627\\u0644\\u0641\\u0648\\u062a\\u0648\\u063a\\u0631\\u0627\\u0641\\u064a \\u0627\\u0644\\u062c\\u064a\\u062f \\u060c \\u0641\\u0644\\u0646\\u062a\\u0648\\u0627\\u0635\\u0644 \\u0645\\u0639\\u0646\\u0627.\",\"\\u0644\\u062f\\u064a\\u0646\\u0627 \\u0627\\u0644\\u0643\\u062b\\u064a\\u0631 \\u0645\\u0646 \\u0627\\u0644\\u0645\\u0635\\u0648\\u0631\\u064a\\u0646 \\u0627\\u0644\\u062e\\u0628\\u0631\\u0627\\u0621 \\u060c \\u0641\\u0647\\u0645 \\u0645\\u062d\\u062a\\u0631\\u0641\\u0648\\u0646 \\u0648\\u0645\\u062a\\u0641\\u0627\\u0646\\u0648\\u0646 \\u0644\\u0644\\u063a\\u0627\\u064a\\u0629. \\u0644\\u062f\\u064a\\u0647\\u0645 \\u0627\\u0644\\u0643\\u062b\\u064a\\u0631 \\u0645\\u0646 \\u0627\\u0644\\u062e\\u0628\\u0631\\u0629 \\u0641\\u064a \\u0647\\u0630\\u0647 \\u0627\\u0644\\u0645\\u0647\\u0646\\u0629 \\u060c \\u0644\\u0630\\u0644\\u0643 \\u0625\\u0630\\u0627 \\u0643\\u0646\\u062a \\u062a\\u0631\\u063a\\u0628 \\u0641\\u064a \\u0627\\u0644\\u062a\\u0635\\u0648\\u064a\\u0631 \\u0627\\u0644\\u0641\\u0648\\u062a\\u0648\\u063a\\u0631\\u0627\\u0641\\u064a \\u0627\\u0644\\u062c\\u064a\\u062f \\u060c \\u0641\\u0644\\u0646\\u062a\\u0648\\u0627\\u0635\\u0644 \\u0645\\u0639\\u0646\\u0627.\"],\"repeater_image_ar\":[\"444\",\"443\",\"442\"]},\"padding_top\":\"0\",\"padding_bottom\":\"0\"}","addon_namespace":"Plugins\\PageBuilder\\Addons\\Tenants\\Photography\\StoryArea","created_at":"2023-03-14T09:10:55.000000Z","updated_at":"2023-03-14T09:10:55.000000Z"},{"id":115,"addon_name":"WorkArea","addon_type":"update","addon_location":"dynamic_page","addon_order":4,"addon_page_id":32,"addon_page_type":"dynamic_page","addon_settings":"{\"id\":\"115\",\"addon_name\":\"WorkArea\",\"addon_namespace\":\"UGx1Z2luc1xQYWdlQnVpbGRlclxBZGRvbnNcVGVuYW50c1xQaG90b2dyYXBoeVxXb3JrQXJlYQ==\",\"addon_type\":\"update\",\"addon_location\":\"dynamic_page\",\"addon_order\":\"4\",\"addon_page_id\":\"32\",\"addon_page_type\":\"dynamic_page\",\"title_en_US\":\"Let\\u2019s explore some of our beautiful capture\",\"button_text_en_US\":\"Explore More\",\"button_url_en_US\":\"#\",\"title_ar\":\"\\u062f\\u0639\\u0648\\u0646\\u0627 \\u0646\\u0633\\u062a\\u0643\\u0634\\u0641 \\u0628\\u0639\\u0636\\u064b\\u0627 \\u0645\\u0646 \\u0635\\u0648\\u0631\\u0646\\u0627 \\u0627\\u0644\\u062c\\u0645\\u064a\\u0644\\u0629\",\"button_text_ar\":\"\\u0627\\u0633\\u062a\\u0643\\u0634\\u0627\\u0641 \\u0627\\u0644\\u0645\\u0632\\u064a\\u062f\",\"button_url_ar\":\"#\",\"photography_work_area_repeater\":{\"repeater_image_\":[\"452\",\"451\",\"449\",\"450\"],\"repeater_image_url_\":[\"#\",\"#\",\"#\",\"#\"],\"repeater_style_\":[\"vertical\",\"horizontal\",\"grid\",\"grid\"]},\"padding_top\":\"0\",\"padding_bottom\":\"0\"}","addon_namespace":"Plugins\\PageBuilder\\Addons\\Tenants\\Photography\\WorkArea","created_at":"2023-03-14T09:10:55.000000Z","updated_at":"2023-03-14T09:10:55.000000Z"},{"id":116,"addon_name":"TestimonialPhotography","addon_type":"update","addon_location":"dynamic_page","addon_order":5,"addon_page_id":32,"addon_page_type":"dynamic_page","addon_settings":"{\"id\":\"116\",\"addon_name\":\"TestimonialPhotography\",\"addon_namespace\":\"UGx1Z2luc1xQYWdlQnVpbGRlclxBZGRvbnNcVGVuYW50c1xQaG90b2dyYXBoeVxUZXN0aW1vbmlhbFBob3RvZ3JhcGh5\",\"addon_type\":\"update\",\"addon_location\":\"dynamic_page\",\"addon_order\":\"5\",\"addon_page_id\":\"32\",\"addon_page_type\":\"dynamic_page\",\"title_en_US\":\"What is our clients say\",\"title_ar\":\"\\u0645\\u0627\\u0630\\u0627 \\u064a\\u0642\\u0648\\u0644 \\u0639\\u0645\\u0644\\u0627\\u0624\\u0646\\u0627\",\"photography_testimonial_repeater\":{\"repeater_name_en_US\":[\"Maria Sharapova\",\"Alexis Gabriel\"],\"repeater_description_en_US\":[\"Overall it works, I just didn't like that when I asked to make a separate folder for issues (i.e. a customer has reported a bug and it's going to take some time to fix), I was told we'd have to upgrade in order to do that. It seems a pretty simple thing to drag and drop a conversation into a new folder. Why does it cost so much more?\",\"Overall it works, I just didn't like that when I asked to make a separate folder for issues (i.e. a customer has reported a bug and it's going to take some time to fix), I was told we'd have to upgrade in order to do that. It seems a pretty simple thing to drag and drop a conversation into a new folder. Why does it cost so much more?\"],\"repeater_address_en_US\":[\"Vieana, Austria\",\"Milan, Italy\"],\"repeater_image_en_US\":[\"453\",\"453\"],\"repeater_name_ar\":[\"\\u0645\\u0627\\u0631\\u064a\\u0627 \\u0634\\u0627\\u0631\\u0627\\u0628\\u0648\\u0641\\u0627\",\"\\u0645\\u0627\\u0631\\u064a\\u0627 \\u0634\\u0627\\u0631\\u0627\\u0628\\u0648\\u0641\\u0627\"],\"repeater_description_ar\":[\"\\u0628\\u0634\\u0643\\u0644 \\u0639\\u0627\\u0645 \\u060c \\u0644\\u0645 \\u064a\\u0639\\u062c\\u0628\\u0646\\u064a \\u0630\\u0644\\u0643 \\u0639\\u0646\\u062f\\u0645\\u0627 \\u0637\\u0644\\u0628\\u062a \\u0625\\u0646\\u0634\\u0627\\u0621 \\u0645\\u062c\\u0644\\u062f \\u0645\\u0646\\u0641\\u0635\\u0644 \\u0644\\u0644\\u0645\\u0634\\u0643\\u0644\\u0627\\u062a (\\u0623\\u064a \\u0623\\u0628\\u0644\\u063a \\u0623\\u062d\\u062f \\u0627\\u0644\\u0639\\u0645\\u0644\\u0627\\u0621 \\u0639\\u0646 \\u062e\\u0637\\u0623 \\u0648\\u0633\\u064a\\u0633\\u062a\\u063a\\u0631\\u0642 \\u0627\\u0644\\u0623\\u0645\\u0631 \\u0628\\u0639\\u0636 \\u0627\\u0644\\u0648\\u0642\\u062a \\u0644\\u0625\\u0635\\u0644\\u0627\\u062d\\u0647) \\u060c \\u0642\\u064a\\u0644 \\u0644\\u064a \\u0625\\u0646\\u0647 \\u064a\\u062a\\u0639\\u064a\\u0646 \\u0639\\u0644\\u064a\\u0646\\u0627 \\u0627\\u0644\\u062a\\u0631\\u0642\\u064a\\u0629 \\u0625\\u0644\\u0649 \\u0645\\u0646 \\u0623\\u062c\\u0644 \\u0627\\u0644\\u0642\\u064a\\u0627\\u0645 \\u0628\\u0630\\u0644\\u0643. \\u064a\\u0628\\u062f\\u0648 \\u0645\\u0646 \\u0627\\u0644\\u0633\\u0647\\u0644 \\u062c\\u062f\\u064b\\u0627 \\u0633\\u062d\\u0628 \\u0645\\u062d\\u0627\\u062f\\u062b\\u0629 \\u0648\\u0625\\u0641\\u0644\\u0627\\u062a\\u0647\\u0627 \\u0641\\u064a \\u0645\\u062c\\u0644\\u062f \\u062c\\u062f\\u064a\\u062f. \\u0644\\u0645\\u0627\\u0630\\u0627 \\u062a\\u0643\\u0644\\u0641 \\u0623\\u0643\\u062b\\u0631 \\u0628\\u0643\\u062b\\u064a\\u0631\\u061f\",\"\\u0628\\u0634\\u0643\\u0644 \\u0639\\u0627\\u0645 \\u060c \\u0644\\u0645 \\u064a\\u0639\\u062c\\u0628\\u0646\\u064a \\u0630\\u0644\\u0643 \\u0639\\u0646\\u062f\\u0645\\u0627 \\u0637\\u0644\\u0628\\u062a \\u0625\\u0646\\u0634\\u0627\\u0621 \\u0645\\u062c\\u0644\\u062f \\u0645\\u0646\\u0641\\u0635\\u0644 \\u0644\\u0644\\u0645\\u0634\\u0643\\u0644\\u0627\\u062a (\\u0623\\u064a \\u0623\\u0628\\u0644\\u063a \\u0623\\u062d\\u062f \\u0627\\u0644\\u0639\\u0645\\u0644\\u0627\\u0621 \\u0639\\u0646 \\u062e\\u0637\\u0623 \\u0648\\u0633\\u064a\\u0633\\u062a\\u063a\\u0631\\u0642 \\u0627\\u0644\\u0623\\u0645\\u0631 \\u0628\\u0639\\u0636 \\u0627\\u0644\\u0648\\u0642\\u062a \\u0644\\u0625\\u0635\\u0644\\u0627\\u062d\\u0647) \\u060c \\u0642\\u064a\\u0644 \\u0644\\u064a \\u0625\\u0646\\u0647 \\u064a\\u062a\\u0639\\u064a\\u0646 \\u0639\\u0644\\u064a\\u0646\\u0627 \\u0627\\u0644\\u062a\\u0631\\u0642\\u064a\\u0629 \\u0625\\u0644\\u0649 \\u0645\\u0646 \\u0623\\u062c\\u0644 \\u0627\\u0644\\u0642\\u064a\\u0627\\u0645 \\u0628\\u0630\\u0644\\u0643. \\u064a\\u0628\\u062f\\u0648 \\u0645\\u0646 \\u0627\\u0644\\u0633\\u0647\\u0644 \\u062c\\u062f\\u064b\\u0627 \\u0633\\u062d\\u0628 \\u0645\\u062d\\u0627\\u062f\\u062b\\u0629 \\u0648\\u0625\\u0641\\u0644\\u0627\\u062a\\u0647\\u0627 \\u0641\\u064a \\u0645\\u062c\\u0644\\u062f \\u062c\\u062f\\u064a\\u062f. \\u0644\\u0645\\u0627\\u0630\\u0627 \\u062a\\u0643\\u0644\\u0641 \\u0623\\u0643\\u062b\\u0631 \\u0628\\u0643\\u062b\\u064a\\u0631\\u061f\"],\"repeater_address_ar\":[\"\\u0641\\u064a\\u064a\\u0646\\u0627\\u060c \\u0627\\u0644\\u0646\\u0645\\u0633\\u0627\",\"\\u0641\\u064a\\u064a\\u0646\\u0627\\u060c \\u0627\\u0644\\u0646\\u0645\\u0633\\u0627\"],\"repeater_image_ar\":[\"453\",\"453\"]},\"padding_top\":\"0\",\"padding_bottom\":\"0\"}","addon_namespace":"Plugins\\PageBuilder\\Addons\\Tenants\\Photography\\TestimonialPhotography","created_at":"2023-03-14T09:10:55.000000Z","updated_at":"2023-03-14T09:10:55.000000Z"},{"id":117,"addon_name":"BlogArea","addon_type":"update","addon_location":"dynamic_page","addon_order":6,"addon_page_id":32,"addon_page_type":"dynamic_page","addon_settings":"{\"id\":\"117\",\"addon_name\":\"BlogArea\",\"addon_namespace\":\"UGx1Z2luc1xQYWdlQnVpbGRlclxBZGRvbnNcVGVuYW50c1xQaG90b2dyYXBoeVxCbG9nQXJlYQ==\",\"addon_type\":\"update\",\"addon_location\":\"dynamic_page\",\"addon_order\":\"6\",\"addon_page_id\":\"32\",\"addon_page_type\":\"dynamic_page\",\"title_en_US\":\"Let\\u2019s explore some of our beautiful capture\",\"more_text_en_US\":\"Explore More\",\"title_ar\":\"\\u062f\\u0639\\u0648\\u0646\\u0627 \\u0646\\u0633\\u062a\\u0643\\u0634\\u0641 \\u0628\\u0639\\u0636\\u064b\\u0627 \\u0645\\u0646 \\u0635\\u0648\\u0631\\u0646\\u0627 \\u0627\\u0644\\u062c\\u0645\\u064a\\u0644\\u0629\",\"more_text_ar\":\"\\u0627\\u0633\\u062a\\u0643\\u0634\\u0627\\u0641 \\u0627\\u0644\\u0645\\u0632\\u064a\\u062f\",\"categories\":\"12\",\"items\":\"3\",\"order_by\":\"id\",\"order\":\"asc\",\"padding_top\":\"0\",\"padding_bottom\":\"0\"}","addon_namespace":"Plugins\\PageBuilder\\Addons\\Tenants\\Photography\\BlogArea","created_at":"2023-03-14T09:10:55.000000Z","updated_at":"2023-03-14T09:10:55.000000Z"},{"id":118,"addon_name":"ContactArea","addon_type":"update","addon_location":"dynamic_page","addon_order":7,"addon_page_id":32,"addon_page_type":"dynamic_page","addon_settings":"{\"id\":\"118\",\"addon_name\":\"ContactArea\",\"addon_namespace\":\"UGx1Z2luc1xQYWdlQnVpbGRlclxBZGRvbnNcVGVuYW50c1xQaG90b2dyYXBoeVxDb250YWN0QXJlYQ==\",\"addon_type\":\"update\",\"addon_location\":\"dynamic_page\",\"addon_order\":\"7\",\"addon_page_id\":\"32\",\"addon_page_type\":\"dynamic_page\",\"title_en_US\":\"Let\\u2019s Capture Your Memory\",\"description_en_US\":\"We are ready to take your memory. If you have any plan let\\u2019s connect with us. We are here for you\",\"button_text_en_US\":\"Contact Us\",\"button_url_en_US\":\"#\",\"title_ar\":\"\\u062f\\u0639\\u0648\\u0646\\u0627 \\u0646\\u0644\\u062a\\u0642\\u0637 \\u0630\\u0627\\u0643\\u0631\\u062a\\u0643\",\"description_ar\":\"\\u0646\\u062d\\u0646 \\u0639\\u0644\\u0649 \\u0627\\u0633\\u062a\\u0639\\u062f\\u0627\\u062f \\u0644\\u0623\\u062e\\u0630 \\u0630\\u0627\\u0643\\u0631\\u062a\\u0643. \\u0625\\u0630\\u0627 \\u0643\\u0627\\u0646\\u062a \\u0644\\u062f\\u064a\\u0643 \\u0623\\u064a \\u062e\\u0637\\u0629 \\u060c \\u0641\\u0644\\u0646\\u062a\\u0648\\u0627\\u0635\\u0644 \\u0645\\u0639\\u0646\\u0627. \\u0646\\u062d\\u0646 \\u0647\\u0646\\u0627 \\u0645\\u0646 \\u0623\\u062c\\u0644\\u0643\",\"button_text_ar\":\"\\u0639\\u0631\\u0636 \\u0627\\u0644\\u0645\\u0632\\u064a\\u062f\",\"button_url_ar\":\"#\",\"padding_top\":\"0\",\"padding_bottom\":\"0\"}","addon_namespace":"Plugins\\PageBuilder\\Addons\\Tenants\\Photography\\ContactArea","created_at":"2023-03-14T09:10:55.000000Z","updated_at":"2023-03-14T09:10:55.000000Z"}]