[{"id":119,"addon_name":"HeaderArea","addon_type":"update","addon_location":"dynamic_page","addon_order":1,"addon_page_id":33,"addon_page_type":"dynamic_page","addon_settings":"{\"id\":\"119\",\"addon_name\":\"HeaderArea\",\"addon_namespace\":\"UGx1Z2luc1xQYWdlQnVpbGRlclxBZGRvbnNcVGVuYW50c1xQb3J0Zm9saW9cSGVhZGVyQXJlYQ==\",\"addon_type\":\"update\",\"addon_location\":\"dynamic_page\",\"addon_order\":\"1\",\"addon_page_id\":\"33\",\"addon_page_type\":\"dynamic_page\",\"top_title_en_US\":\"Product Designer\",\"title_en_US\":\"Brooklyn Simmons\",\"description_en_US\":\"My name is Brooklyn Simmons, I am a product designer. I provide all kind of design solution for any product. I am expert of website design, mobile application, dashboard. I design fo good user experience. I am a freelancer. I have 1o years of design experience.\",\"button_text_en_US\":\"Let's Talk\",\"button_url_en_US\":\"#\",\"top_title_ar\":\"\\u0645\\u0635\\u0645\\u0645 \\u0627\\u0644\\u0645\\u0646\\u062a\\u062c\",\"title_ar\":\"\\u0628\\u0631\\u0648\\u0643\\u0644\\u064a\\u0646 \\u0633\\u064a\\u0645\\u0648\\u0646\\u0632\",\"description_ar\":\"\\u0627\\u0633\\u0645\\u064a \\u0628\\u0631\\u0648\\u0643\\u0644\\u064a\\u0646 \\u0633\\u064a\\u0645\\u0648\\u0646\\u0632 \\u060c \\u0623\\u0646\\u0627 \\u0645\\u0635\\u0645\\u0645 \\u0645\\u0646\\u062a\\u062c\\u0627\\u062a. \\u0623\\u0642\\u062f\\u0645 \\u0643\\u0644 \\u0623\\u0646\\u0648\\u0627\\u0639 \\u062d\\u0644\\u0648\\u0644 \\u0627\\u0644\\u062a\\u0635\\u0645\\u064a\\u0645 \\u0644\\u0623\\u064a \\u0645\\u0646\\u062a\\u062c. \\u0623\\u0646\\u0627 \\u062e\\u0628\\u064a\\u0631 \\u0641\\u064a \\u062a\\u0635\\u0645\\u064a\\u0645 \\u0645\\u0648\\u0627\\u0642\\u0639 \\u0627\\u0644\\u0648\\u064a\\u0628 \\u0648\\u062a\\u0637\\u0628\\u064a\\u0642\\u0627\\u062a \\u0627\\u0644\\u0647\\u0627\\u062a\\u0641 \\u0627\\u0644\\u0645\\u062d\\u0645\\u0648\\u0644 \\u0648\\u0644\\u0648\\u062d\\u0629 \\u0627\\u0644\\u0642\\u064a\\u0627\\u062f\\u0629. \\u0623\\u0646\\u0627 \\u0623\\u0635\\u0645\\u0645 \\u062a\\u062c\\u0631\\u0628\\u0629 \\u0645\\u0633\\u062a\\u062e\\u062f\\u0645 \\u062c\\u064a\\u062f\\u0629. \\u0623\\u0646\\u0627 \\u0628\\u0627\\u0644\\u0642\\u0637\\u0639\\u0629. \\u0644\\u062f\\u064a \\u062e\\u0628\\u0631\\u0629 1o \\u0633\\u0646\\u0648\\u0627\\u062a \\u0641\\u064a \\u0627\\u0644\\u062a\\u0635\\u0645\\u064a\\u0645.\",\"button_text_ar\":\"\\u0644\\u0646\\u062a\\u062d\\u062f\\u062b\",\"button_url_ar\":\"#\",\"right_image\":\"458\",\"portfolio_counter_area_repeater\":{\"repeater_number_en_US\":[\"20\",\"16\",\"100\",\"10\"],\"repeater_extra_en_US\":[\"+\",\"+\",\"+\",\"+\"],\"repeater_title_en_US\":[\"Successful project\",\"Live Project\",\"Satisfied Customer\",\"Years Experience\"],\"repeater_number_ar\":[\"20\",\"20\",\"20\",\"20\"],\"repeater_extra_ar\":[\"+\",\"+\",\"+\",\"+\"],\"repeater_title_ar\":[\"\\u0645\\u0634\\u0631\\u0648\\u0639 \\u0646\\u0627\\u062c\\u062d\",\"\\u0645\\u0634\\u0631\\u0648\\u0639 \\u0646\\u0627\\u062c\\u062d\",\"\\u0645\\u0634\\u0631\\u0648\\u0639 \\u0646\\u0627\\u062c\\u062d\",\"\\u0645\\u0634\\u0631\\u0648\\u0639 \\u0646\\u0627\\u062c\\u062d\"]},\"padding_top\":\"0\",\"padding_bottom\":\"0\"}","addon_namespace":"Plugins\\PageBuilder\\Addons\\Tenants\\Portfolio\\HeaderArea","created_at":"2023-03-14T09:10:55.000000Z","updated_at":"2023-03-14T09:10:55.000000Z"},{"id":120,"addon_name":"SpecialityArea","addon_type":"update","addon_location":"dynamic_page","addon_order":2,"addon_page_id":33,"addon_page_type":"dynamic_page","addon_settings":"{\"id\":\"120\",\"addon_name\":\"SpecialityArea\",\"addon_namespace\":\"UGx1Z2luc1xQYWdlQnVpbGRlclxBZGRvbnNcVGVuYW50c1xQb3J0Zm9saW9cU3BlY2lhbGl0eUFyZWE=\",\"addon_type\":\"update\",\"addon_location\":\"dynamic_page\",\"addon_order\":\"2\",\"addon_page_id\":\"33\",\"addon_page_type\":\"dynamic_page\",\"title_en_US\":\"My {h}Specialities{\\\/h}\",\"title_ar\":\"\\u062a\\u062e\\u0635\\u0635\\u0627\\u062a\\u064a\",\"right_image\":null,\"portfolio_speciality_area_repeater\":{\"repeater_title_en_US\":[\"UIUX Design\",\"Visual Design\",\"Interface Design\"],\"repeater_title_url_en_US\":[\"#\",\"#\",\"#\"],\"repeater_description_en_US\":[\"My name is Brooklyn Simmons, I am a product designer. I provide all kind of design solution for any product. I am expert of website design, mobile application, dashboard. I design fo good user experience.\",\"My name is Brooklyn Simmons, I am a product designer. I provide all kind of design solution for any product. I am expert of website design, mobile application, dashboard. I design fo good user experience.\",\"My name is Brooklyn Simmons, I am a product designer. I provide all kind of design solution for any product. I am expert of website design, mobile application, dashboard. I design fo good user experience.\"],\"repeater_image_en_US\":[\"461\",\"459\",\"460\"],\"repeater_title_ar\":[\"\\u062a\\u0635\\u0645\\u064a\\u0645 \\u0648\\u0627\\u062c\\u0647\\u0629 \\u0627\\u0644\\u0645\\u0633\\u062a\\u062e\\u062f\\u0645\",\"\\u062a\\u0635\\u0645\\u064a\\u0645 \\u0648\\u0627\\u062c\\u0647\\u0629 \\u0627\\u0644\\u0645\\u0633\\u062a\\u062e\\u062f\\u0645\",\"\\u062a\\u0635\\u0645\\u064a\\u0645 \\u0648\\u0627\\u062c\\u0647\\u0629 \\u0627\\u0644\\u0645\\u0633\\u062a\\u062e\\u062f\\u0645\"],\"repeater_title_url_ar\":[\"#\",\"#\",\"#\"],\"repeater_description_ar\":[\"\\u0627\\u0633\\u0645\\u064a \\u0628\\u0631\\u0648\\u0643\\u0644\\u064a\\u0646 \\u0633\\u064a\\u0645\\u0648\\u0646\\u0632 \\u060c \\u0623\\u0646\\u0627 \\u0645\\u0635\\u0645\\u0645 \\u0645\\u0646\\u062a\\u062c\\u0627\\u062a. \\u0623\\u0642\\u062f\\u0645 \\u0643\\u0644 \\u0623\\u0646\\u0648\\u0627\\u0639 \\u062d\\u0644\\u0648\\u0644 \\u0627\\u0644\\u062a\\u0635\\u0645\\u064a\\u0645 \\u0644\\u0623\\u064a \\u0645\\u0646\\u062a\\u062c. \\u0623\\u0646\\u0627 \\u062e\\u0628\\u064a\\u0631 \\u0641\\u064a \\u062a\\u0635\\u0645\\u064a\\u0645 \\u0645\\u0648\\u0627\\u0642\\u0639 \\u0627\\u0644\\u0648\\u064a\\u0628 \\u0648\\u062a\\u0637\\u0628\\u064a\\u0642\\u0627\\u062a \\u0627\\u0644\\u0647\\u0627\\u062a\\u0641 \\u0627\\u0644\\u0645\\u062d\\u0645\\u0648\\u0644 \\u0648\\u0644\\u0648\\u062d\\u0629 \\u0627\\u0644\\u0642\\u064a\\u0627\\u062f\\u0629. \\u0623\\u0646\\u0627 \\u0623\\u0635\\u0645\\u0645 \\u062a\\u062c\\u0631\\u0628\\u0629 \\u0645\\u0633\\u062a\\u062e\\u062f\\u0645 \\u062c\\u064a\\u062f\\u0629.\",\"\\u0627\\u0633\\u0645\\u064a \\u0628\\u0631\\u0648\\u0643\\u0644\\u064a\\u0646 \\u0633\\u064a\\u0645\\u0648\\u0646\\u0632 \\u060c \\u0623\\u0646\\u0627 \\u0645\\u0635\\u0645\\u0645 \\u0645\\u0646\\u062a\\u062c\\u0627\\u062a. \\u0623\\u0642\\u062f\\u0645 \\u0643\\u0644 \\u0623\\u0646\\u0648\\u0627\\u0639 \\u062d\\u0644\\u0648\\u0644 \\u0627\\u0644\\u062a\\u0635\\u0645\\u064a\\u0645 \\u0644\\u0623\\u064a \\u0645\\u0646\\u062a\\u062c. \\u0623\\u0646\\u0627 \\u062e\\u0628\\u064a\\u0631 \\u0641\\u064a \\u062a\\u0635\\u0645\\u064a\\u0645 \\u0645\\u0648\\u0627\\u0642\\u0639 \\u0627\\u0644\\u0648\\u064a\\u0628 \\u0648\\u062a\\u0637\\u0628\\u064a\\u0642\\u0627\\u062a \\u0627\\u0644\\u0647\\u0627\\u062a\\u0641 \\u0627\\u0644\\u0645\\u062d\\u0645\\u0648\\u0644 \\u0648\\u0644\\u0648\\u062d\\u0629 \\u0627\\u0644\\u0642\\u064a\\u0627\\u062f\\u0629. \\u0623\\u0646\\u0627 \\u0623\\u0635\\u0645\\u0645 \\u062a\\u062c\\u0631\\u0628\\u0629 \\u0645\\u0633\\u062a\\u062e\\u062f\\u0645 \\u062c\\u064a\\u062f\\u0629.\",\"\\u0627\\u0633\\u0645\\u064a \\u0628\\u0631\\u0648\\u0643\\u0644\\u064a\\u0646 \\u0633\\u064a\\u0645\\u0648\\u0646\\u0632 \\u060c \\u0623\\u0646\\u0627 \\u0645\\u0635\\u0645\\u0645 \\u0645\\u0646\\u062a\\u062c\\u0627\\u062a. \\u0623\\u0642\\u062f\\u0645 \\u0643\\u0644 \\u0623\\u0646\\u0648\\u0627\\u0639 \\u062d\\u0644\\u0648\\u0644 \\u0627\\u0644\\u062a\\u0635\\u0645\\u064a\\u0645 \\u0644\\u0623\\u064a \\u0645\\u0646\\u062a\\u062c. \\u0623\\u0646\\u0627 \\u062e\\u0628\\u064a\\u0631 \\u0641\\u064a \\u062a\\u0635\\u0645\\u064a\\u0645 \\u0645\\u0648\\u0627\\u0642\\u0639 \\u0627\\u0644\\u0648\\u064a\\u0628 \\u0648\\u062a\\u0637\\u0628\\u064a\\u0642\\u0627\\u062a \\u0627\\u0644\\u0647\\u0627\\u062a\\u0641 \\u0627\\u0644\\u0645\\u062d\\u0645\\u0648\\u0644 \\u0648\\u0644\\u0648\\u062d\\u0629 \\u0627\\u0644\\u0642\\u064a\\u0627\\u062f\\u0629. \\u0623\\u0646\\u0627 \\u0623\\u0635\\u0645\\u0645 \\u062a\\u062c\\u0631\\u0628\\u0629 \\u0645\\u0633\\u062a\\u062e\\u062f\\u0645 \\u062c\\u064a\\u062f\\u0629.\"],\"repeater_image_ar\":[\"461\",\"459\",\"460\"]},\"padding_top\":\"0\",\"padding_bottom\":\"0\"}","addon_namespace":"Plugins\\PageBuilder\\Addons\\Tenants\\Portfolio\\SpecialityArea","created_at":"2023-03-14T09:10:55.000000Z","updated_at":"2023-03-14T09:10:55.000000Z"},{"id":121,"addon_name":"AboutArea","addon_type":"update","addon_location":"dynamic_page","addon_order":3,"addon_page_id":33,"addon_page_type":"dynamic_page","addon_settings":"{\"id\":\"121\",\"addon_name\":\"AboutArea\",\"addon_namespace\":\"UGx1Z2luc1xQYWdlQnVpbGRlclxBZGRvbnNcVGVuYW50c1xQb3J0Zm9saW9cQWJvdXRBcmVh\",\"addon_type\":\"update\",\"addon_location\":\"dynamic_page\",\"addon_order\":\"3\",\"addon_page_id\":\"33\",\"addon_page_type\":\"dynamic_page\",\"title_en_US\":\"About {h}me{\\\/h}\",\"description_en_US\":\"My name is Brooklyn Simmons, I am a product designer. I provide all kind of design solution for any product. I am expert of website design, mobile application, dashboard. I design fo good user experience. I am a freelancer. I have 1o years of design experience.My name is Brooklyn Simmons, I am a product designer. I provide all kind of design solution for any product. I am expert of website design, mobile application, dashboard. I design fo good user experience.\",\"button_text_en_US\":\"Let's Talk\",\"button_url_en_US\":\"#\",\"title_ar\":\"\\u0652\\u0639\\u064e\\u0646\\u0651\\u0650\\u064a\",\"description_ar\":\"\\u0627\\u0633\\u0645\\u064a \\u0628\\u0631\\u0648\\u0643\\u0644\\u064a\\u0646 \\u0633\\u064a\\u0645\\u0648\\u0646\\u0632 \\u060c \\u0623\\u0646\\u0627 \\u0645\\u0635\\u0645\\u0645 \\u0645\\u0646\\u062a\\u062c\\u0627\\u062a. \\u0623\\u0642\\u062f\\u0645 \\u0643\\u0644 \\u0623\\u0646\\u0648\\u0627\\u0639 \\u062d\\u0644\\u0648\\u0644 \\u0627\\u0644\\u062a\\u0635\\u0645\\u064a\\u0645 \\u0644\\u0623\\u064a \\u0645\\u0646\\u062a\\u062c. \\u0623\\u0646\\u0627 \\u062e\\u0628\\u064a\\u0631 \\u0641\\u064a \\u062a\\u0635\\u0645\\u064a\\u0645 \\u0645\\u0648\\u0627\\u0642\\u0639 \\u0627\\u0644\\u0648\\u064a\\u0628 \\u0648\\u062a\\u0637\\u0628\\u064a\\u0642\\u0627\\u062a \\u0627\\u0644\\u0647\\u0627\\u062a\\u0641 \\u0627\\u0644\\u0645\\u062d\\u0645\\u0648\\u0644 \\u0648\\u0644\\u0648\\u062d\\u0629 \\u0627\\u0644\\u0642\\u064a\\u0627\\u062f\\u0629. \\u0623\\u0646\\u0627 \\u0623\\u0635\\u0645\\u0645 \\u062a\\u062c\\u0631\\u0628\\u0629 \\u0645\\u0633\\u062a\\u062e\\u062f\\u0645 \\u062c\\u064a\\u062f\\u0629. \\u0623\\u0646\\u0627 \\u0628\\u0627\\u0644\\u0642\\u0637\\u0639\\u0629. \\u0644\\u062f\\u064a \\u062e\\u0628\\u0631\\u0629 1o \\u0633\\u0646\\u0648\\u0627\\u062a \\u0641\\u064a \\u0627\\u0644\\u062a\\u0635\\u0645\\u064a\\u0645.\\u0627\\u0633\\u0645\\u064a \\u0628\\u0631\\u0648\\u0643\\u0644\\u064a\\u0646 \\u0633\\u064a\\u0645\\u0648\\u0646\\u0632 \\u060c \\u0623\\u0646\\u0627 \\u0645\\u0635\\u0645\\u0645 \\u0645\\u0646\\u062a\\u062c\\u0627\\u062a. \\u0623\\u0642\\u062f\\u0645 \\u0643\\u0644 \\u0623\\u0646\\u0648\\u0627\\u0639 \\u062d\\u0644\\u0648\\u0644 \\u0627\\u0644\\u062a\\u0635\\u0645\\u064a\\u0645 \\u0644\\u0623\\u064a \\u0645\\u0646\\u062a\\u062c. \\u0623\\u0646\\u0627 \\u062e\\u0628\\u064a\\u0631 \\u0641\\u064a \\u062a\\u0635\\u0645\\u064a\\u0645 \\u0645\\u0648\\u0627\\u0642\\u0639 \\u0627\\u0644\\u0648\\u064a\\u0628 \\u0648\\u062a\\u0637\\u0628\\u064a\\u0642\\u0627\\u062a \\u0627\\u0644\\u0647\\u0627\\u062a\\u0641 \\u0627\\u0644\\u0645\\u062d\\u0645\\u0648\\u0644 \\u0648\\u0644\\u0648\\u062d\\u0629 \\u0627\\u0644\\u0642\\u064a\\u0627\\u062f\\u0629. \\u0623\\u0646\\u0627 \\u0623\\u0635\\u0645\\u0645 \\u062a\\u062c\\u0631\\u0628\\u0629 \\u0645\\u0633\\u062a\\u062e\\u062f\\u0645 \\u062c\\u064a\\u062f\\u0629.\",\"button_text_ar\":\"\\u0644\\u0646\\u062a\\u062d\\u062f\\u062b\",\"button_url_ar\":\"#\",\"left_image\":\"462\",\"padding_top\":\"0\",\"padding_bottom\":\"0\"}","addon_namespace":"Plugins\\PageBuilder\\Addons\\Tenants\\Portfolio\\AboutArea","created_at":"2023-03-14T09:10:55.000000Z","updated_at":"2023-03-14T09:10:55.000000Z"},{"id":122,"addon_name":"WorkArea","addon_type":"update","addon_location":"dynamic_page","addon_order":4,"addon_page_id":33,"addon_page_type":"dynamic_page","addon_settings":"{\"id\":\"123\",\"addon_name\":\"WorkArea\",\"addon_namespace\":\"UGx1Z2luc1xQYWdlQnVpbGRlclxBZGRvbnNcVGVuYW50c1xQb3J0Zm9saW9cV29ya0FyZWE=\",\"addon_type\":\"update\",\"addon_location\":\"dynamic_page\",\"addon_order\":\"4\",\"addon_page_id\":\"33\",\"addon_page_type\":\"dynamic_page\",\"title_en_US\":\"Let\\u2019s explore some of my recent {h}work{\\\/h}\",\"title_ar\":\"\\u062f\\u0639\\u0646\\u0627 \\u0646\\u0633\\u062a\\u0643\\u0634\\u0641 \\u0628\\u0639\\u0636 \\u0623\\u0639\\u0645\\u0627\\u0644\\u064a \\u0627\\u0644\\u0623\\u062e\\u064a\\u0631\\u0629\",\"image\":null,\"portfolio_work_area_repeater\":{\"repeater_title_en_US\":[\"Bluetooth Speaker Website\",\"Gaming Portfolio Website\",\"Personal Portfolio Website\",\"Travel Portfolio Website\"],\"repeater_url_en_US\":[\"#\",\"#\",\"#\",\"#\"],\"repeater_button_text_en_US\":[\"Explore\",\"Explore\",\"Explore\",\"Explore\"],\"repeater_image_en_US\":[\"463\",\"465\",\"464\",\"466\"],\"repeater_title_ar\":[\"\\u0645\\u0648\\u0642\\u0639 \\u0633\\u0645\\u0627\\u0639\\u0627\\u062a \\u0628\\u0644\\u0648\\u062a\\u0648\\u062b\",\"\\u0645\\u0648\\u0642\\u0639 \\u0633\\u0645\\u0627\\u0639\\u0627\\u062a \\u0628\\u0644\\u0648\\u062a\\u0648\\u062b\",\"\\u0645\\u0648\\u0642\\u0639 \\u0633\\u0645\\u0627\\u0639\\u0627\\u062a \\u0628\\u0644\\u0648\\u062a\\u0648\\u062b\",\"\\u0645\\u0648\\u0642\\u0639 \\u0633\\u0645\\u0627\\u0639\\u0627\\u062a \\u0628\\u0644\\u0648\\u062a\\u0648\\u062b\"],\"repeater_url_ar\":[\"#\",\"#\",\"#\",\"#\"],\"repeater_button_text_ar\":[\"\\u064a\\u0633\\u062a\\u0643\\u0634\\u0641\",\"\\u064a\\u0633\\u062a\\u0643\\u0634\\u0641\",\"\\u064a\\u0633\\u062a\\u0643\\u0634\\u0641\",\"\\u064a\\u0633\\u062a\\u0643\\u0634\\u0641\"],\"repeater_image_ar\":[\"463\",\"465\",\"464\",\"466\"]},\"padding_top\":\"0\",\"padding_bottom\":\"0\"}","addon_namespace":"Plugins\\PageBuilder\\Addons\\Tenants\\Portfolio\\WorkArea","created_at":"2023-03-14T09:10:55.000000Z","updated_at":"2023-03-14T09:10:55.000000Z"},{"id":123,"addon_name":"TestimonialPortfolio","addon_type":"update","addon_location":"dynamic_page","addon_order":5,"addon_page_id":33,"addon_page_type":"dynamic_page","addon_settings":"{\"id\":\"124\",\"addon_name\":\"TestimonialPortfolio\",\"addon_namespace\":\"UGx1Z2luc1xQYWdlQnVpbGRlclxBZGRvbnNcVGVuYW50c1xQb3J0Zm9saW9cVGVzdGltb25pYWxQb3J0Zm9saW8=\",\"addon_type\":\"update\",\"addon_location\":\"dynamic_page\",\"addon_order\":\"5\",\"addon_page_id\":\"33\",\"addon_page_type\":\"dynamic_page\",\"title_en_US\":\"Let\\u2019s hear what are the {h}customer{\\\/h} saying\",\"title_ar\":\"\\u062f\\u0639\\u0648\\u0646\\u0627 \\u0646\\u0633\\u0645\\u0639 \\u0645\\u0627 \\u064a\\u0642\\u0648\\u0644\\u0647 \\u0627\\u0644\\u0639\\u0645\\u064a\\u0644\",\"portfolio_testimonial_repeater\":{\"repeater_name_en_US\":[\"Leslie Alexander\",\"Esther Howard\",\"Darlene Robertson\",\"Darlene Robertson\"],\"repeater_designation_en_US\":[\"CEO of Vesari\",\"Web Designer\",\"UI Designer\",\"UI Designer\"],\"repeater_description_en_US\":[\"We could tell we were working with a highly professional organization from the beginning They were as excited about our project and the progression of it.\",\"We could tell we were working with a highly professional organization from the beginning They were as excited about our project and the progression of it.\",\"We could tell we were working with a highly professional organization from the beginning They were as excited about our project and the progression of it.\",\"We could tell we were working with a highly professional organization from the beginning They were as excited about our project and the progression of it.\"],\"repeater_image_en_US\":[\"467\",\"469\",\"468\",\"468\"],\"repeater_name_ar\":[\"\\u0644\\u064a\\u0632\\u0644\\u064a \\u0627\\u0644\\u0643\\u0633\\u0646\\u062f\\u0631\",\"\\u0644\\u064a\\u0632\\u0644\\u064a \\u0627\\u0644\\u0643\\u0633\\u0646\\u062f\\u0631\",\"\\u0644\\u064a\\u0632\\u0644\\u064a \\u0627\\u0644\\u0643\\u0633\\u0646\\u062f\\u0631\",\"\\u0644\\u064a\\u0632\\u0644\\u064a \\u0627\\u0644\\u0643\\u0633\\u0646\\u062f\\u0631\"],\"repeater_designation_ar\":[\"\\u0627\\u0644\\u0631\\u0626\\u064a\\u0633 \\u0627\\u0644\\u062a\\u0646\\u0641\\u064a\\u0630\\u064a \\u0644\\u0634\\u0631\\u0643\\u0629\",\"\\u0627\\u0644\\u0631\\u0626\\u064a\\u0633 \\u0627\\u0644\\u062a\\u0646\\u0641\\u064a\\u0630\\u064a \\u0644\\u0634\\u0631\\u0643\\u0629\",\"\\u0627\\u0644\\u0631\\u0626\\u064a\\u0633 \\u0627\\u0644\\u062a\\u0646\\u0641\\u064a\\u0630\\u064a \\u0644\\u0634\\u0631\\u0643\\u0629\",\"\\u0627\\u0644\\u0631\\u0626\\u064a\\u0633 \\u0627\\u0644\\u062a\\u0646\\u0641\\u064a\\u0630\\u064a \\u0644\\u0634\\u0631\\u0643\\u0629\"],\"repeater_description_ar\":[\"\\u064a\\u0645\\u0643\\u0646\\u0646\\u0627 \\u0627\\u0644\\u0642\\u0648\\u0644 \\u0623\\u0646\\u0646\\u0627 \\u0643\\u0646\\u0627 \\u0646\\u0639\\u0645\\u0644 \\u0645\\u0639 \\u0645\\u0646\\u0638\\u0645\\u0629 \\u0627\\u062d\\u062a\\u0631\\u0627\\u0641\\u064a\\u0629 \\u0644\\u0644\\u063a\\u0627\\u064a\\u0629 \\u0645\\u0646\\u0630 \\u0627\\u0644\\u0628\\u062f\\u0627\\u064a\\u0629 \\u0643\\u0627\\u0646\\u0648\\u0627 \\u0645\\u062a\\u062d\\u0645\\u0633\\u064a\\u0646 \\u0644\\u0645\\u0634\\u0631\\u0648\\u0639\\u0646\\u0627 \\u0648\\u062a\\u0637\\u0648\\u0631\\u0647.\",\"\\u064a\\u0645\\u0643\\u0646\\u0646\\u0627 \\u0627\\u0644\\u0642\\u0648\\u0644 \\u0623\\u0646\\u0646\\u0627 \\u0643\\u0646\\u0627 \\u0646\\u0639\\u0645\\u0644 \\u0645\\u0639 \\u0645\\u0646\\u0638\\u0645\\u0629 \\u0627\\u062d\\u062a\\u0631\\u0627\\u0641\\u064a\\u0629 \\u0644\\u0644\\u063a\\u0627\\u064a\\u0629 \\u0645\\u0646\\u0630 \\u0627\\u0644\\u0628\\u062f\\u0627\\u064a\\u0629 \\u0643\\u0627\\u0646\\u0648\\u0627 \\u0645\\u062a\\u062d\\u0645\\u0633\\u064a\\u0646 \\u0644\\u0645\\u0634\\u0631\\u0648\\u0639\\u0646\\u0627 \\u0648\\u062a\\u0637\\u0648\\u0631\\u0647.\",\"\\u064a\\u0645\\u0643\\u0646\\u0646\\u0627 \\u0627\\u0644\\u0642\\u0648\\u0644 \\u0623\\u0646\\u0646\\u0627 \\u0643\\u0646\\u0627 \\u0646\\u0639\\u0645\\u0644 \\u0645\\u0639 \\u0645\\u0646\\u0638\\u0645\\u0629 \\u0627\\u062d\\u062a\\u0631\\u0627\\u0641\\u064a\\u0629 \\u0644\\u0644\\u063a\\u0627\\u064a\\u0629 \\u0645\\u0646\\u0630 \\u0627\\u0644\\u0628\\u062f\\u0627\\u064a\\u0629 \\u0643\\u0627\\u0646\\u0648\\u0627 \\u0645\\u062a\\u062d\\u0645\\u0633\\u064a\\u0646 \\u0644\\u0645\\u0634\\u0631\\u0648\\u0639\\u0646\\u0627 \\u0648\\u062a\\u0637\\u0648\\u0631\\u0647.\",\"\\u064a\\u0645\\u0643\\u0646\\u0646\\u0627 \\u0627\\u0644\\u0642\\u0648\\u0644 \\u0623\\u0646\\u0646\\u0627 \\u0643\\u0646\\u0627 \\u0646\\u0639\\u0645\\u0644 \\u0645\\u0639 \\u0645\\u0646\\u0638\\u0645\\u0629 \\u0627\\u062d\\u062a\\u0631\\u0627\\u0641\\u064a\\u0629 \\u0644\\u0644\\u063a\\u0627\\u064a\\u0629 \\u0645\\u0646\\u0630 \\u0627\\u0644\\u0628\\u062f\\u0627\\u064a\\u0629 \\u0643\\u0627\\u0646\\u0648\\u0627 \\u0645\\u062a\\u062d\\u0645\\u0633\\u064a\\u0646 \\u0644\\u0645\\u0634\\u0631\\u0648\\u0639\\u0646\\u0627 \\u0648\\u062a\\u0637\\u0648\\u0631\\u0647.\"],\"repeater_image_ar\":[\"467\",\"469\",\"469\",\"469\"]},\"padding_top\":\"0\",\"padding_bottom\":\"0\"}","addon_namespace":"Plugins\\PageBuilder\\Addons\\Tenants\\Portfolio\\TestimonialPortfolio","created_at":"2023-03-14T09:10:55.000000Z","updated_at":"2023-03-14T09:10:55.000000Z"},{"id":124,"addon_name":"ContactArea","addon_type":"update","addon_location":"dynamic_page","addon_order":6,"addon_page_id":33,"addon_page_type":"dynamic_page","addon_settings":"{\"id\":\"125\",\"addon_name\":\"ContactArea\",\"addon_namespace\":\"UGx1Z2luc1xQYWdlQnVpbGRlclxBZGRvbnNcVGVuYW50c1xQb3J0Zm9saW9cQ29udGFjdEFyZWE=\",\"addon_type\":\"update\",\"addon_location\":\"dynamic_page\",\"addon_order\":\"6\",\"addon_page_id\":\"33\",\"addon_page_type\":\"dynamic_page\",\"title_en_US\":\"Let\\u2019s Talk about your project\",\"description_en_US\":\"My name is Brooklyn Simmons, I am a product designer. I provide all kind of design solution for any product. I am expert of website design, mobile application, dashboard. I design fo good user experience.\",\"button_text_en_US\":\"Let's Talk\",\"button_url_en_US\":\"#\",\"title_ar\":\"\\u0641\\u0644\\u0646\\u062a\\u062d\\u062f\\u062b \\u0639\\u0646 \\u0645\\u0634\\u0631\\u0648\\u0639\\u0643\",\"description_ar\":\"\\u0627\\u0633\\u0645\\u064a \\u0628\\u0631\\u0648\\u0643\\u0644\\u064a\\u0646 \\u0633\\u064a\\u0645\\u0648\\u0646\\u0632 \\u060c \\u0623\\u0646\\u0627 \\u0645\\u0635\\u0645\\u0645 \\u0645\\u0646\\u062a\\u062c\\u0627\\u062a. \\u0623\\u0642\\u062f\\u0645 \\u0643\\u0644 \\u0623\\u0646\\u0648\\u0627\\u0639 \\u062d\\u0644\\u0648\\u0644 \\u0627\\u0644\\u062a\\u0635\\u0645\\u064a\\u0645 \\u0644\\u0623\\u064a \\u0645\\u0646\\u062a\\u062c. \\u0623\\u0646\\u0627 \\u062e\\u0628\\u064a\\u0631 \\u0641\\u064a \\u062a\\u0635\\u0645\\u064a\\u0645 \\u0645\\u0648\\u0627\\u0642\\u0639 \\u0627\\u0644\\u0648\\u064a\\u0628 \\u0648\\u062a\\u0637\\u0628\\u064a\\u0642\\u0627\\u062a \\u0627\\u0644\\u0647\\u0627\\u062a\\u0641 \\u0627\\u0644\\u0645\\u062d\\u0645\\u0648\\u0644 \\u0648\\u0644\\u0648\\u062d\\u0629 \\u0627\\u0644\\u0642\\u064a\\u0627\\u062f\\u0629. \\u0623\\u0646\\u0627 \\u0623\\u0635\\u0645\\u0645 \\u062a\\u062c\\u0631\\u0628\\u0629 \\u0645\\u0633\\u062a\\u062e\\u062f\\u0645 \\u062c\\u064a\\u062f\\u0629.\",\"button_text_ar\":\"\\u0644\\u0646\\u062a\\u062d\\u062f\\u062b\",\"button_url_ar\":\"#\",\"padding_top\":\"0\",\"padding_bottom\":\"0\"}","addon_namespace":"Plugins\\PageBuilder\\Addons\\Tenants\\Portfolio\\ContactArea","created_at":"2023-03-14T09:10:55.000000Z","updated_at":"2023-03-14T09:10:55.000000Z"}]