
[

  {
    "id": 30,
    "addon_name": "HomeArea",
    "addon_type": "update",
    "addon_location": "dynamic_page",
    "addon_order": 1,
    "addon_page_id": 37,
    "addon_page_type": "dynamic_page",
    "addon_settings": "{\"id\":\"30\",\"addon_name\":\"HomeArea\",\"addon_namespace\":\"TW9kdWxlc1xSZXN0YXVyYW50XEh0dHBcUGFnZWJ1aWxkZXJcQWRkb25zXEhvbWVcSG9tZUFyZWE=\",\"addon_type\":\"update\",\"addon_location\":\"dynamic_page\",\"addon_order\":\"1\",\"addon_page_id\":\"37\",\"addon_page_type\":\"dynamic_page\",\"title_en_US\":\"This is title\",\"title_ar\":null,\"background_image\":\"547\",\"right_image\":\"548\",\"middle_image\":\"549\",\"left_image\":\"550\",\"padding_top\":\"110\",\"padding_bottom\":\"110\"}",
    "addon_namespace": "Modules\\Restaurant\\Http\\Pagebuilder\\Addons\\Home\\HomeArea",
    "created_at": "2023-11-22 07:08:49",
    "updated_at": "2023-11-22 07:14:44"
  }

  ]




