[{"id":125,"addon_name":"HeaderArea","addon_type":"update","addon_location":"dynamic_page","addon_order":1,"addon_page_id":34,"addon_page_type":"dynamic_page","addon_settings":"{\"id\":\"126\",\"addon_name\":\"HeaderArea\",\"addon_namespace\":\"UGx1Z2luc1xQYWdlQnVpbGRlclxBZGRvbnNcVGVuYW50c1xTb2Z0d2FyZUJ1c2luZXNzXEhlYWRlckFyZWE=\",\"addon_type\":\"update\",\"addon_location\":\"dynamic_page\",\"addon_order\":\"1\",\"addon_page_id\":\"34\",\"addon_page_type\":\"dynamic_page\",\"title_en_US\":\"We Provide Tech Solution to grow your Business\",\"description_en_US\":\"We are helping you to solve your all the tech related problem for boost your business. We have a great supporting team to solve all the problem of your business\",\"left_button_text_en_US\":\"Let's Talk\",\"left_button_url_en_US\":\"#\",\"right_button_text_en_US\":\"Our Project\",\"right_button_url_en_US\":\"#\",\"bottom_text_en_US\":\"1.5k+ Satiesfied Customer\",\"title_ar\":\"\\u0646\\u062d\\u0646 \\u0646\\u0642\\u062f\\u0645 \\u0627\\u0644\\u062d\\u0644 \\u0627\\u0644\\u062a\\u0642\\u0646\\u064a \\u0644\\u062a\\u0646\\u0645\\u064a\\u0629 \\u0623\\u0639\\u0645\\u0627\\u0644\\u0643\",\"description_ar\":\"\\u0646\\u062d\\u0646 \\u0646\\u0633\\u0627\\u0639\\u062f\\u0643 \\u0639\\u0644\\u0649 \\u062d\\u0644 \\u062c\\u0645\\u064a\\u0639 \\u0627\\u0644\\u0645\\u0634\\u0627\\u0643\\u0644 \\u0627\\u0644\\u0645\\u062a\\u0639\\u0644\\u0642\\u0629 \\u0628\\u0627\\u0644\\u062a\\u0643\\u0646\\u0648\\u0644\\u0648\\u062c\\u064a\\u0627 \\u0644\\u062a\\u0639\\u0632\\u064a\\u0632 \\u0639\\u0645\\u0644\\u0643. \\u0644\\u062f\\u064a\\u0646\\u0627 \\u0641\\u0631\\u064a\\u0642 \\u062f\\u0639\\u0645 \\u0631\\u0627\\u0626\\u0639 \\u0644\\u062d\\u0644 \\u062c\\u0645\\u064a\\u0639 \\u0645\\u0634\\u0627\\u0643\\u0644 \\u0639\\u0645\\u0644\\u0643\",\"left_button_text_ar\":\"\\u0644\\u0646\\u062a\\u062d\\u062f\\u062b\",\"left_button_url_ar\":\"#\",\"right_button_text_ar\":\"\\u0645\\u0634\\u0631\\u0648\\u0639\\u0646\\u0627\",\"right_button_url_ar\":\"#\",\"bottom_text_ar\":\"1.5k + \\u0639\\u0645\\u064a\\u0644 \\u0631\\u0627\\u0636\\u064d\",\"right_image\":\"473\",\"padding_top\":\"0\",\"padding_bottom\":\"0\"}","addon_namespace":"Plugins\\PageBuilder\\Addons\\Tenants\\SoftwareBusiness\\HeaderArea","created_at":"2023-03-14T09:10:55.000000Z","updated_at":"2023-03-14T09:10:55.000000Z"},{"id":126,"addon_name":"HeaderBottomArea","addon_type":"update","addon_location":"dynamic_page","addon_order":2,"addon_page_id":34,"addon_page_type":"dynamic_page","addon_settings":"{\"id\":\"127\",\"addon_name\":\"HeaderBottomArea\",\"addon_namespace\":\"UGx1Z2luc1xQYWdlQnVpbGRlclxBZGRvbnNcVGVuYW50c1xTb2Z0d2FyZUJ1c2luZXNzXEhlYWRlckJvdHRvbUFyZWE=\",\"addon_type\":\"update\",\"addon_location\":\"dynamic_page\",\"addon_order\":\"2\",\"addon_page_id\":\"34\",\"addon_page_type\":\"dynamic_page\",\"left_title_en_US\":\"We are helping you to grow your Business easy and faster\",\"right_description_en_US\":\"We are helping you to solve your all the tech related problem for boost your business. We have a great supporting team to solve all the problem of your business. We are helping you to solve your all the tech related problem for boost your busine. We have a great supporting team to solve all the problem of your business\",\"button_text_en_US\":\"Explore More\",\"button_url_en_US\":\"#\",\"left_title_ar\":\"\\u0646\\u062d\\u0646 \\u0646\\u0633\\u0627\\u0639\\u062f\\u0643 \\u0639\\u0644\\u0649 \\u062a\\u0646\\u0645\\u064a\\u0629 \\u0623\\u0639\\u0645\\u0627\\u0644\\u0643 \\u0628\\u0634\\u0643\\u0644 \\u0623\\u0633\\u0647\\u0644 \\u0648\\u0623\\u0633\\u0631\\u0639\",\"right_description_ar\":\"\\u0646\\u062d\\u0646 \\u0646\\u0633\\u0627\\u0639\\u062f\\u0643 \\u0639\\u0644\\u0649 \\u062d\\u0644 \\u062c\\u0645\\u064a\\u0639 \\u0627\\u0644\\u0645\\u0634\\u0627\\u0643\\u0644 \\u0627\\u0644\\u0645\\u062a\\u0639\\u0644\\u0642\\u0629 \\u0628\\u0627\\u0644\\u062a\\u0643\\u0646\\u0648\\u0644\\u0648\\u062c\\u064a\\u0627 \\u0644\\u062a\\u0639\\u0632\\u064a\\u0632 \\u0639\\u0645\\u0644\\u0643. \\u0644\\u062f\\u064a\\u0646\\u0627 \\u0641\\u0631\\u064a\\u0642 \\u062f\\u0639\\u0645 \\u0631\\u0627\\u0626\\u0639 \\u0644\\u062d\\u0644 \\u062c\\u0645\\u064a\\u0639 \\u0645\\u0634\\u0627\\u0643\\u0644 \\u0639\\u0645\\u0644\\u0643. \\u0646\\u062d\\u0646 \\u0646\\u0633\\u0627\\u0639\\u062f\\u0643 \\u0639\\u0644\\u0649 \\u062d\\u0644 \\u062c\\u0645\\u064a\\u0639 \\u0627\\u0644\\u0645\\u0634\\u0627\\u0643\\u0644 \\u0627\\u0644\\u0645\\u062a\\u0639\\u0644\\u0642\\u0629 \\u0628\\u0627\\u0644\\u062a\\u0643\\u0646\\u0648\\u0644\\u0648\\u062c\\u064a\\u0627 \\u0644\\u062a\\u0639\\u0632\\u064a\\u0632 \\u0639\\u0645\\u0644\\u0643. \\u0644\\u062f\\u064a\\u0646\\u0627 \\u0641\\u0631\\u064a\\u0642 \\u062f\\u0639\\u0645 \\u0631\\u0627\\u0626\\u0639 \\u0644\\u062d\\u0644 \\u062c\\u0645\\u064a\\u0639 \\u0645\\u0634\\u0627\\u0643\\u0644 \\u0639\\u0645\\u0644\\u0643\",\"button_text_ar\":\"\\u0627\\u0633\\u062a\\u0643\\u0634\\u0627\\u0641 \\u0627\\u0644\\u0645\\u0632\\u064a\\u062f\",\"button_url_ar\":\"#\",\"software_banner_bottom_repeater\":{\"repeater_title_en_US\":[\"Grow Your Business\",\"Drive more sales\",\"Handle by Expert\"],\"repeater_description_en_US\":[\"We are helping you to solve your all the tech related problem for boost your business. We have a great supporting team to solve all the problem of your business.\",\"We are helping you to solve your all the tech related problem for boost your business. We have a great supporting team to solve all the problem of your business.\",\"We are helping you to solve your all the tech related problem for boost your business. We have a great supporting team to solve all the problem of your business.\"],\"repeater_more_text_en_US\":[\"Learn More\",\"Learn More\",\"Learn More\"],\"repeater_more_url_en_US\":[\"#\",\"#\",\"#\"],\"repeater_image_en_US\":[\"483\",\"482\",\"481\"],\"repeater_title_ar\":[\"\\u064a\\u0646\\u0645\\u0648 \\u0639\\u0645\\u0644\\u0643\",\"\\u064a\\u0646\\u0645\\u0648 \\u0639\\u0645\\u0644\\u0643\",\"\\u064a\\u0646\\u0645\\u0648 \\u0639\\u0645\\u0644\\u0643\"],\"repeater_description_ar\":[\"\\u0646\\u062d\\u0646 \\u0646\\u0633\\u0627\\u0639\\u062f\\u0643 \\u0639\\u0644\\u0649 \\u062d\\u0644 \\u062c\\u0645\\u064a\\u0639 \\u0627\\u0644\\u0645\\u0634\\u0627\\u0643\\u0644 \\u0627\\u0644\\u0645\\u062a\\u0639\\u0644\\u0642\\u0629 \\u0628\\u0627\\u0644\\u062a\\u0643\\u0646\\u0648\\u0644\\u0648\\u062c\\u064a\\u0627 \\u0644\\u062a\\u0639\\u0632\\u064a\\u0632 \\u0639\\u0645\\u0644\\u0643. \\u0644\\u062f\\u064a\\u0646\\u0627 \\u0641\\u0631\\u064a\\u0642 \\u062f\\u0639\\u0645 \\u0631\\u0627\\u0626\\u0639 \\u0644\\u062d\\u0644 \\u062c\\u0645\\u064a\\u0639 \\u0645\\u0634\\u0627\\u0643\\u0644 \\u0639\\u0645\\u0644\\u0643.\",\"\\u0646\\u062d\\u0646 \\u0646\\u0633\\u0627\\u0639\\u062f\\u0643 \\u0639\\u0644\\u0649 \\u062d\\u0644 \\u062c\\u0645\\u064a\\u0639 \\u0627\\u0644\\u0645\\u0634\\u0627\\u0643\\u0644 \\u0627\\u0644\\u0645\\u062a\\u0639\\u0644\\u0642\\u0629 \\u0628\\u0627\\u0644\\u062a\\u0643\\u0646\\u0648\\u0644\\u0648\\u062c\\u064a\\u0627 \\u0644\\u062a\\u0639\\u0632\\u064a\\u0632 \\u0639\\u0645\\u0644\\u0643. \\u0644\\u062f\\u064a\\u0646\\u0627 \\u0641\\u0631\\u064a\\u0642 \\u062f\\u0639\\u0645 \\u0631\\u0627\\u0626\\u0639 \\u0644\\u062d\\u0644 \\u062c\\u0645\\u064a\\u0639 \\u0645\\u0634\\u0627\\u0643\\u0644 \\u0639\\u0645\\u0644\\u0643.\",\"\\u0646\\u062d\\u0646 \\u0646\\u0633\\u0627\\u0639\\u062f\\u0643 \\u0639\\u0644\\u0649 \\u062d\\u0644 \\u062c\\u0645\\u064a\\u0639 \\u0627\\u0644\\u0645\\u0634\\u0627\\u0643\\u0644 \\u0627\\u0644\\u0645\\u062a\\u0639\\u0644\\u0642\\u0629 \\u0628\\u0627\\u0644\\u062a\\u0643\\u0646\\u0648\\u0644\\u0648\\u062c\\u064a\\u0627 \\u0644\\u062a\\u0639\\u0632\\u064a\\u0632 \\u0639\\u0645\\u0644\\u0643. \\u0644\\u062f\\u064a\\u0646\\u0627 \\u0641\\u0631\\u064a\\u0642 \\u062f\\u0639\\u0645 \\u0631\\u0627\\u0626\\u0639 \\u0644\\u062d\\u0644 \\u062c\\u0645\\u064a\\u0639 \\u0645\\u0634\\u0627\\u0643\\u0644 \\u0639\\u0645\\u0644\\u0643.\"],\"repeater_more_text_ar\":[\"\\u064a\\u062a\\u0639\\u0644\\u0645 \\u0623\\u0643\\u062b\\u0631\",\"\\u064a\\u062a\\u0639\\u0644\\u0645 \\u0623\\u0643\\u062b\\u0631\",\"\\u064a\\u062a\\u0639\\u0644\\u0645 \\u0623\\u0643\\u062b\\u0631\"],\"repeater_more_url_ar\":[\"#\",\"#\",\"#\"],\"repeater_image_ar\":[\"483\",\"482\",\"481\"]},\"padding_top\":\"0\",\"padding_bottom\":\"0\"}","addon_namespace":"Plugins\\PageBuilder\\Addons\\Tenants\\SoftwareBusiness\\HeaderBottomArea","created_at":"2023-03-14T09:10:55.000000Z","updated_at":"2023-03-14T09:10:55.000000Z"},{"id":127,"addon_name":"BusinessArea","addon_type":"update","addon_location":"dynamic_page","addon_order":3,"addon_page_id":34,"addon_page_type":"dynamic_page","addon_settings":"{\"id\":\"128\",\"addon_name\":\"BusinessArea\",\"addon_namespace\":\"UGx1Z2luc1xQYWdlQnVpbGRlclxBZGRvbnNcVGVuYW50c1xTb2Z0d2FyZUJ1c2luZXNzXEJ1c2luZXNzQXJlYQ==\",\"addon_type\":\"update\",\"addon_location\":\"dynamic_page\",\"addon_order\":\"3\",\"addon_page_id\":\"34\",\"addon_page_type\":\"dynamic_page\",\"title_en_US\":\"Perfect Solution for your Business\",\"description_en_US\":\"We are helping you to solve your all the tech related problem for boost your business. We have a great supporting team to solve all the problem of your business\",\"button_text_en_US\":\"Let's Talk\",\"button_url_en_US\":\"#\",\"title_ar\":\"\\u0627\\u0644\\u062d\\u0644 \\u0627\\u0644\\u0623\\u0645\\u062b\\u0644 \\u0644\\u0639\\u0645\\u0644\\u0643\",\"description_ar\":\"\\u0646\\u062d\\u0646 \\u0646\\u0633\\u0627\\u0639\\u062f\\u0643 \\u0639\\u0644\\u0649 \\u062d\\u0644 \\u062c\\u0645\\u064a\\u0639 \\u0627\\u0644\\u0645\\u0634\\u0627\\u0643\\u0644 \\u0627\\u0644\\u0645\\u062a\\u0639\\u0644\\u0642\\u0629 \\u0628\\u0627\\u0644\\u062a\\u0643\\u0646\\u0648\\u0644\\u0648\\u062c\\u064a\\u0627 \\u0644\\u062a\\u0639\\u0632\\u064a\\u0632 \\u0639\\u0645\\u0644\\u0643. \\u0644\\u062f\\u064a\\u0646\\u0627 \\u0641\\u0631\\u064a\\u0642 \\u062f\\u0639\\u0645 \\u0631\\u0627\\u0626\\u0639 \\u0644\\u062d\\u0644 \\u062c\\u0645\\u064a\\u0639 \\u0645\\u0634\\u0627\\u0643\\u0644 \\u0639\\u0645\\u0644\\u0643\",\"button_text_ar\":\"\\u0639\\u0631\\u0636 \\u0627\\u0644\\u0645\\u0632\\u064a\\u062f\",\"button_url_ar\":\"#\",\"left_image\":\"484\",\"software_business_area_repeater\":{\"repeater_title_en_US\":[\"We provide Best Service.\",\"Internet without borders.\",\"Supercharged VPN\",\"No specific time limits.\"],\"repeater_title_url_en_US\":[\"#\",\"#\",\"#\",\"#\"],\"repeater_title_ar\":[\"\\u0646\\u062d\\u0646 \\u0646\\u0642\\u062f\\u0645 \\u0623\\u0641\\u0636\\u0644 \\u062e\\u062f\\u0645\\u0629.\",\"\\u0646\\u062d\\u0646 \\u0646\\u0642\\u062f\\u0645 \\u0623\\u0641\\u0636\\u0644 \\u062e\\u062f\\u0645\\u0629.\",\"\\u0646\\u062d\\u0646 \\u0646\\u0642\\u062f\\u0645 \\u0623\\u0641\\u0636\\u0644 \\u062e\\u062f\\u0645\\u0629.\",\"\\u0646\\u062d\\u0646 \\u0646\\u0642\\u062f\\u0645 \\u0623\\u0641\\u0636\\u0644 \\u062e\\u062f\\u0645\\u0629.\"],\"repeater_title_url_ar\":[\"#\",\"#\",\"#\",\"#\"]},\"padding_top\":\"0\",\"padding_bottom\":\"0\"}","addon_namespace":"Plugins\\PageBuilder\\Addons\\Tenants\\SoftwareBusiness\\BusinessArea","created_at":"2023-03-14T09:10:55.000000Z","updated_at":"2023-03-14T09:10:55.000000Z"},{"id":128,"addon_name":"ServiceArea","addon_type":"update","addon_location":"dynamic_page","addon_order":4,"addon_page_id":34,"addon_page_type":"dynamic_page","addon_settings":"{\"id\":\"129\",\"addon_name\":\"ServiceArea\",\"addon_namespace\":\"UGx1Z2luc1xQYWdlQnVpbGRlclxBZGRvbnNcVGVuYW50c1xTb2Z0d2FyZUJ1c2luZXNzXFNlcnZpY2VBcmVh\",\"addon_type\":\"update\",\"addon_location\":\"dynamic_page\",\"addon_order\":\"4\",\"addon_page_id\":\"34\",\"addon_page_type\":\"dynamic_page\",\"title_en_US\":\"Save time managing your business with our best services\",\"button_text_en_US\":\"Explore More\",\"button_url_en_US\":\"#\",\"extra_text_en_US\":\"Learn More\",\"title_ar\":\"\\u0648\\u0641\\u0631 \\u0627\\u0644\\u0648\\u0642\\u062a \\u0641\\u064a \\u0625\\u062f\\u0627\\u0631\\u0629 \\u0639\\u0645\\u0644\\u0643 \\u0645\\u0639 \\u0623\\u0641\\u0636\\u0644 \\u062e\\u062f\\u0645\\u0627\\u062a\\u0646\\u0627\",\"button_text_ar\":\"\\u0627\\u0633\\u062a\\u0643\\u0634\\u0627\\u0641 \\u0627\\u0644\\u0645\\u0632\\u064a\\u062f\",\"button_url_ar\":\"#\",\"extra_text_ar\":\"\\u064a\\u062a\\u0639\\u0644\\u0645 \\u0623\\u0643\\u062b\\u0631\",\"categories\":\"8\",\"item\":\"4\",\"order_by\":\"id\",\"order\":\"asc\",\"padding_top\":\"0\",\"padding_bottom\":\"0\"}","addon_namespace":"Plugins\\PageBuilder\\Addons\\Tenants\\SoftwareBusiness\\ServiceArea","created_at":"2023-03-14T09:10:55.000000Z","updated_at":"2023-03-14T09:10:55.000000Z"},{"id":129,"addon_name":"WorkArea","addon_type":"update","addon_location":"dynamic_page","addon_order":5,"addon_page_id":34,"addon_page_type":"dynamic_page","addon_settings":"{\"id\":\"130\",\"addon_name\":\"WorkArea\",\"addon_namespace\":\"UGx1Z2luc1xQYWdlQnVpbGRlclxBZGRvbnNcVGVuYW50c1xTb2Z0d2FyZUJ1c2luZXNzXFdvcmtBcmVh\",\"addon_type\":\"update\",\"addon_location\":\"dynamic_page\",\"addon_order\":\"5\",\"addon_page_id\":\"34\",\"addon_page_type\":\"dynamic_page\",\"title_en_US\":\"Explore our work\",\"button_text_en_US\":\"Explore More\",\"button_url_en_US\":\"#\",\"title_ar\":\"\\u0627\\u0643\\u062a\\u0634\\u0641 \\u0639\\u0645\\u0644\\u0646\\u0627\",\"button_text_ar\":\"\\u0627\\u0633\\u062a\\u0643\\u0634\\u0627\\u0641 \\u0627\\u0644\\u0645\\u0632\\u064a\\u062f\",\"button_url_ar\":\"#\",\"software_business_work_area_repeater\":{\"repeater_title_en_US\":[\"Ecommerce Website\",\"Inventory Management System\",\"Digital Agency Mobile responsive\"],\"repeater_subtitle_en_US\":[\"Laravel Application\",\"Laravel Application\",\"Laravel Application\"],\"repeater_url_en_US\":[\"#\",\"#\",\"#\"],\"repeater_image_en_US\":[\"491\",\"490\",\"489\"],\"repeater_title_ar\":[\"\\u0645\\u0648\\u0642\\u0639 \\u0627\\u0644\\u062a\\u062c\\u0627\\u0631\\u0629 \\u0627\\u0644\\u0625\\u0644\\u0643\\u062a\\u0631\\u0648\\u0646\\u064a\\u0629\",\"\\u0645\\u0648\\u0642\\u0639 \\u0627\\u0644\\u062a\\u062c\\u0627\\u0631\\u0629 \\u0627\\u0644\\u0625\\u0644\\u0643\\u062a\\u0631\\u0648\\u0646\\u064a\\u0629\",\"\\u0645\\u0648\\u0642\\u0639 \\u0627\\u0644\\u062a\\u062c\\u0627\\u0631\\u0629 \\u0627\\u0644\\u0625\\u0644\\u0643\\u062a\\u0631\\u0648\\u0646\\u064a\\u0629\"],\"repeater_subtitle_ar\":[\"\\u062a\\u0637\\u0628\\u064a\\u0642\",\"\\u062a\\u0637\\u0628\\u064a\\u0642\",\"\\u062a\\u0637\\u0628\\u064a\\u0642\"],\"repeater_url_ar\":[\"#\",\"#\",\"#\"],\"repeater_image_ar\":[\"491\",\"490\",\"489\"]},\"padding_top\":\"0\",\"padding_bottom\":\"0\"}","addon_namespace":"Plugins\\PageBuilder\\Addons\\Tenants\\SoftwareBusiness\\WorkArea","created_at":"2023-03-14T09:10:55.000000Z","updated_at":"2023-03-14T09:10:55.000000Z"},{"id":130,"addon_name":"BlogArea","addon_type":"update","addon_location":"dynamic_page","addon_order":6,"addon_page_id":34,"addon_page_type":"dynamic_page","addon_settings":"{\"id\":\"131\",\"addon_name\":\"BlogArea\",\"addon_namespace\":\"UGx1Z2luc1xQYWdlQnVpbGRlclxBZGRvbnNcVGVuYW50c1xTb2Z0d2FyZUJ1c2luZXNzXEJsb2dBcmVh\",\"addon_type\":\"update\",\"addon_location\":\"dynamic_page\",\"addon_order\":\"6\",\"addon_page_id\":\"34\",\"addon_page_type\":\"dynamic_page\",\"title_en_US\":\"Our Latest Blog\",\"more_text_en_US\":\"Explore More\",\"title_ar\":\"\\u0623\\u062d\\u062f\\u062b \\u0645\\u062f\\u0648\\u0646\\u0629 \\u0644\\u062f\\u064a\\u0646\\u0627\",\"more_text_ar\":\"\\u0627\\u0633\\u062a\\u0643\\u0634\\u0627\\u0641 \\u0627\\u0644\\u0645\\u0632\\u064a\\u062f\",\"categories\":\"10\",\"items\":\"3\",\"order_by\":\"id\",\"order\":\"asc\",\"padding_top\":\"0\",\"padding_bottom\":\"0\"}","addon_namespace":"Plugins\\PageBuilder\\Addons\\Tenants\\SoftwareBusiness\\BlogArea","created_at":"2023-03-14T09:10:55.000000Z","updated_at":"2023-03-14T09:10:55.000000Z"},{"id":131,"addon_name":"TestimonialArea","addon_type":"update","addon_location":"dynamic_page","addon_order":7,"addon_page_id":34,"addon_page_type":"dynamic_page","addon_settings":"{\"id\":\"132\",\"addon_name\":\"TestimonialArea\",\"addon_namespace\":\"UGx1Z2luc1xQYWdlQnVpbGRlclxBZGRvbnNcVGVuYW50c1xTb2Z0d2FyZUJ1c2luZXNzXFRlc3RpbW9uaWFsQXJlYQ==\",\"addon_type\":\"update\",\"addon_location\":\"dynamic_page\",\"addon_order\":\"7\",\"addon_page_id\":\"34\",\"addon_page_type\":\"dynamic_page\",\"title_en_US\":\"What Our Client\\u2019s Say about Us\",\"title_ar\":\"\\u0645\\u0627 \\u064a\\u0642\\u0648\\u0644\\u0647 \\u0639\\u0645\\u0644\\u0627\\u0626\\u0646\\u0627 \\u0639\\u0646\\u0627\",\"item\":\"4\",\"order_by\":\"id\",\"order\":\"desc\",\"padding_top\":\"0\",\"padding_bottom\":\"0\"}","addon_namespace":"Plugins\\PageBuilder\\Addons\\Tenants\\SoftwareBusiness\\TestimonialArea","created_at":"2023-03-14T09:10:55.000000Z","updated_at":"2023-03-14T09:10:55.000000Z"},{"id":132,"addon_name":"ContactArea","addon_type":"update","addon_location":"dynamic_page","addon_order":8,"addon_page_id":34,"addon_page_type":"dynamic_page","addon_settings":"{\"id\":\"133\",\"addon_name\":\"ContactArea\",\"addon_namespace\":\"UGx1Z2luc1xQYWdlQnVpbGRlclxBZGRvbnNcVGVuYW50c1xTb2Z0d2FyZUJ1c2luZXNzXENvbnRhY3RBcmVh\",\"addon_type\":\"update\",\"addon_location\":\"dynamic_page\",\"addon_order\":\"8\",\"addon_page_id\":\"34\",\"addon_page_type\":\"dynamic_page\",\"title_en_US\":\"Have an awesome idea? Tell us about it.\",\"description_en_US\":\"The design quality, flexibility, documentation and support are all absolutely excellent. I buy the Avada theme for all my clients, knowing that whatever they require, Avada will be able to deliver.\",\"button_text_en_US\":\"Contact Us\",\"button_url_en_US\":\"#\",\"title_ar\":\"\\u0647\\u0644 \\u0644\\u062f\\u064a\\u0643 \\u0641\\u0643\\u0631\\u0629 \\u0631\\u0627\\u0626\\u0639\\u0629\\u061f \\u0627\\u062e\\u0628\\u0631\\u0646\\u0627 \\u0639\\u0646\\u0647\\u0627.\",\"description_ar\":\"\\u062c\\u0648\\u062f\\u0629 \\u0627\\u0644\\u062a\\u0635\\u0645\\u064a\\u0645 \\u0648\\u0627\\u0644\\u0645\\u0631\\u0648\\u0646\\u0629 \\u0648\\u0627\\u0644\\u062a\\u0648\\u062b\\u064a\\u0642 \\u0648\\u0627\\u0644\\u062f\\u0639\\u0645 \\u0643\\u0644\\u0647\\u0627 \\u0645\\u0645\\u062a\\u0627\\u0632\\u0629 \\u0644\\u0644\\u063a\\u0627\\u064a\\u0629. \\u0623\\u0634\\u062a\\u0631\\u064a \\u0645\\u0648\\u0636\\u0648\\u0639 Avada \\u0644\\u062c\\u0645\\u064a\\u0639 \\u0639\\u0645\\u0644\\u0627\\u0626\\u064a \\u060c \\u0645\\u0639 \\u0627\\u0644\\u0639\\u0644\\u0645 \\u0623\\u0646 \\u0643\\u0644 \\u0645\\u0627 \\u064a\\u062d\\u062a\\u0627\\u062c\\u0648\\u0646 \\u0625\\u0644\\u064a\\u0647 \\u060c \\u0633\\u062a\\u0643\\u0648\\u0646 Avada \\u0642\\u0627\\u062f\\u0631\\u0629 \\u0639\\u0644\\u0649 \\u062a\\u0642\\u062f\\u064a\\u0645\\u0647.\",\"button_text_ar\":\"\\u0627\\u062a\\u0635\\u0644 \\u0628\\u0646\\u0627\",\"button_url_ar\":\"#\",\"padding_top\":\"0\",\"padding_bottom\":\"0\"}","addon_namespace":"Plugins\\PageBuilder\\Addons\\Tenants\\SoftwareBusiness\\ContactArea","created_at":"2023-03-14T09:10:55.000000Z","updated_at":"2023-03-14T09:10:55.000000Z"}]