[{"id":52,"addon_name":"HeaderFive","addon_type":"update","addon_location":"dynamic_page","addon_order":1,"addon_page_id":19,"addon_page_type":"dynamic_page","addon_settings":"{\"id\":\"60\",\"addon_name\":\"HeaderFive\",\"addon_namespace\":\"UGx1Z2luc1xQYWdlQnVpbGRlclxBZGRvbnNcVGVuYW50c1xUaWNrZXRcSGVhZGVyRml2ZQ==\",\"addon_type\":\"update\",\"addon_location\":\"dynamic_page\",\"addon_order\":\"1\",\"addon_page_id\":\"19\",\"addon_page_type\":\"dynamic_page\",\"title_en_US\":\"We Are Ready to Help And {h}Support{\\\/h} You\",\"description_en_US\":\"Sed ut perspiciatis unde omnis iste natus error sit voluptatem accusan doloremque laudantium, totam rem aperiam.\",\"button_text_en_US\":\"Search\",\"title_ar\":\"\\u0646\\u062d\\u0646 \\u0639\\u0644\\u0649 \\u0627\\u0633\\u062a\\u0639\\u062f\\u0627\\u062f \\u0644\\u0645\\u0633\\u0627\\u0639\\u062f\\u062a\\u0643 \\u0648\\u062f\\u0639\\u0645\\u0643\",\"description_ar\":\"\\u0646\\u062d\\u0646 \\u0639\\u0644\\u0649 \\u0627\\u0633\\u062a\\u0639\\u062f\\u0627\\u062f \\u0644\\u0645\\u0633\\u0627\\u0639\\u062f\\u062a\\u0643 \\u0648\\u062f\\u0639\\u0645\\u0643\\u0646\\u062d\\u0646 \\u0639\\u0644\\u0649 \\u0627\\u0633\\u062a\\u0639\\u062f\\u0627\\u062f \\u0644\\u0645\\u0633\\u0627\\u0639\\u062f\\u062a\\u0643 \\u0648\\u062f\\u0639\\u0645\\u0643\\u0646\\u062d\\u0646 \\u0639\\u0644\\u0649 \\u0627\\u0633\\u062a\\u0639\\u062f\\u0627\\u062f \\u0644\\u0645\\u0633\\u0627\\u0639\\u062f\\u062a\\u0643 \\u0648\\u062f\\u0639\\u0645\\u0643\",\"button_text_ar\":\"\\u064a\\u0628\\u062d\\u062b\",\"bg_image\":\"218\",\"right_image\":\"219\",\"ticket_header_repeater\":{\"repeater_title_en_US\":[\"Collaborate with shared inboxes\",\"Collaborate with shared inboxes\"],\"repeater_title_ar\":[\"\\u062a\\u0639\\u0627\\u0648\\u0646 \\u0645\\u0639 \\u0635\\u0646\\u0627\\u062f\\u064a\\u0642 \\u0627\\u0644\\u0628\\u0631\\u064a\\u062f \\u0627\\u0644\\u0648\\u0627\\u0631\\u062f \\u0627\\u0644\\u0645\\u0634\\u062a\\u0631\\u0643\\u0629\",\"\\u062a\\u0639\\u0627\\u0648\\u0646 \\u0645\\u0639 \\u0635\\u0646\\u0627\\u062f\\u064a\\u0642 \\u0627\\u0644\\u0628\\u0631\\u064a\\u062f \\u0627\\u0644\\u0648\\u0627\\u0631\\u062f \\u0627\\u0644\\u0645\\u0634\\u062a\\u0631\\u0643\\u0629\"]},\"padding_top\":\"0\",\"padding_bottom\":\"0\"}","addon_namespace":"Plugins\\PageBuilder\\Addons\\Tenants\\Ticket\\HeaderFive","created_at":"2023-03-14T09:10:54.000000Z","updated_at":"2023-03-14T09:10:54.000000Z"},{"id":53,"addon_name":"WhyChooseArea","addon_type":"update","addon_location":"dynamic_page","addon_order":2,"addon_page_id":19,"addon_page_type":"dynamic_page","addon_settings":"{\"id\":\"61\",\"addon_name\":\"WhyChooseArea\",\"addon_namespace\":\"UGx1Z2luc1xQYWdlQnVpbGRlclxBZGRvbnNcVGVuYW50c1xUaWNrZXRcV2h5Q2hvb3NlQXJlYQ==\",\"addon_type\":\"update\",\"addon_location\":\"dynamic_page\",\"addon_order\":\"2\",\"addon_page_id\":\"19\",\"addon_page_type\":\"dynamic_page\",\"title_en_US\":\"Why {h}Choose{\\\/h} us\",\"title_ar\":\"\\u0644\\u0645\\u0627\\u0630\\u0627 \\u0623\\u062e\\u062a\\u0631\\u062a\\u0646\\u0627\",\"about_us_knowledgebase_repeater\":{\"repeater_title_en_US\":[\"Improve agent productivity at scale\",\"Improve agent productivity at scale\",\"Improve agent productivity at scale\",\"Improve agent productivity at scale\",\"Improve agent productivity at scale\",\"Improve agent productivity at scale\"],\"repeater_title_url_en_US\":[\"#\",\"#\",\"#\",\"#\",\"#\",\"#\"],\"repeater_description_en_US\":[\"Sed ut perspiciatis unde omnis iste natus error sit voluptatem accusan doloremque laudantium, totam rem aperiam.\",\"Sed ut perspiciatis unde omnis iste natus error sit voluptatem accusan doloremque laudantium, totam rem aperiam.\",\"Sed ut perspiciatis unde omnis iste natus error sit voluptatem accusan doloremque laudantium, totam rem aperiam.\",\"Sed ut perspiciatis unde omnis iste natus error sit voluptatem accusan doloremque laudantium, totam rem aperiam.\",\"Sed ut perspiciatis unde omnis iste natus error sit voluptatem accusan doloremque laudantium, totam rem aperiam.\",\"Sed ut perspiciatis unde omnis iste natus error sit voluptatem accusan doloremque laudantium, totam rem aperiam.\"],\"repeater_image_en_US\":[\"227\",\"227\",\"227\",\"227\",\"227\",\"227\"],\"repeater_title_ar\":[\"\\u062a\\u062d\\u0633\\u064a\\u0646 \\u0625\\u0646\\u062a\\u0627\\u062c\\u064a\\u0629 \\u0627\\u0644\\u0648\\u0643\\u064a\\u0644 \\u0639\\u0644\\u0649 \\u0646\\u0637\\u0627\\u0642 \\u0648\\u0627\\u0633\\u0639\",\"\\u062a\\u062d\\u0633\\u064a\\u0646 \\u0625\\u0646\\u062a\\u0627\\u062c\\u064a\\u0629 \\u0627\\u0644\\u0648\\u0643\\u064a\\u0644 \\u0639\\u0644\\u0649 \\u0646\\u0637\\u0627\\u0642 \\u0648\\u0627\\u0633\\u0639\",\"\\u062a\\u062d\\u0633\\u064a\\u0646 \\u0625\\u0646\\u062a\\u0627\\u062c\\u064a\\u0629 \\u0627\\u0644\\u0648\\u0643\\u064a\\u0644 \\u0639\\u0644\\u0649 \\u0646\\u0637\\u0627\\u0642 \\u0648\\u0627\\u0633\\u0639\",\"\\u062a\\u062d\\u0633\\u064a\\u0646 \\u0625\\u0646\\u062a\\u0627\\u062c\\u064a\\u0629 \\u0627\\u0644\\u0648\\u0643\\u064a\\u0644 \\u0639\\u0644\\u0649 \\u0646\\u0637\\u0627\\u0642 \\u0648\\u0627\\u0633\\u0639\",\"\\u062a\\u062d\\u0633\\u064a\\u0646 \\u0625\\u0646\\u062a\\u0627\\u062c\\u064a\\u0629 \\u0627\\u0644\\u0648\\u0643\\u064a\\u0644 \\u0639\\u0644\\u0649 \\u0646\\u0637\\u0627\\u0642 \\u0648\\u0627\\u0633\\u0639\",\"\\u062a\\u062d\\u0633\\u064a\\u0646 \\u0625\\u0646\\u062a\\u0627\\u062c\\u064a\\u0629 \\u0627\\u0644\\u0648\\u0643\\u064a\\u0644 \\u0639\\u0644\\u0649 \\u0646\\u0637\\u0627\\u0642 \\u0648\\u0627\\u0633\\u0639\"],\"repeater_title_url_ar\":[\"#\",\"#\",\"#\",\"#\",\"#\",\"#\"],\"repeater_description_ar\":[\"\\u062a\\u062d\\u0633\\u064a\\u0646 \\u0625\\u0646\\u062a\\u0627\\u062c\\u064a\\u0629 \\u0627\\u0644\\u0648\\u0643\\u064a\\u0644 \\u0639\\u0644\\u0649 \\u0646\\u0637\\u0627\\u0642 \\u0648\\u0627\\u0633\\u0639\\u062a\\u062d\\u0633\\u064a\\u0646 \\u0625\\u0646\\u062a\\u0627\\u062c\\u064a\\u0629 \\u0627\\u0644\\u0648\\u0643\\u064a\\u0644 \\u0639\\u0644\\u0649 \\u0646\\u0637\\u0627\\u0642 \\u0648\\u0627\\u0633\\u0639\\u062a\\u062d\\u0633\\u064a\\u0646 \\u0625\\u0646\\u062a\\u0627\\u062c\\u064a\\u0629 \\u0627\\u0644\\u0648\\u0643\\u064a\\u0644 \\u0639\\u0644\\u0649 \\u0646\\u0637\\u0627\\u0642 \\u0648\\u0627\\u0633\\u0639\",\"\\u062a\\u062d\\u0633\\u064a\\u0646 \\u0625\\u0646\\u062a\\u0627\\u062c\\u064a\\u0629 \\u0627\\u0644\\u0648\\u0643\\u064a\\u0644 \\u0639\\u0644\\u0649 \\u0646\\u0637\\u0627\\u0642 \\u0648\\u0627\\u0633\\u0639\\u062a\\u062d\\u0633\\u064a\\u0646 \\u0625\\u0646\\u062a\\u0627\\u062c\\u064a\\u0629 \\u0627\\u0644\\u0648\\u0643\\u064a\\u0644 \\u0639\\u0644\\u0649 \\u0646\\u0637\\u0627\\u0642 \\u0648\\u0627\\u0633\\u0639\\u062a\\u062d\\u0633\\u064a\\u0646 \\u0625\\u0646\\u062a\\u0627\\u062c\\u064a\\u0629 \\u0627\\u0644\\u0648\\u0643\\u064a\\u0644 \\u0639\\u0644\\u0649 \\u0646\\u0637\\u0627\\u0642 \\u0648\\u0627\\u0633\\u0639\",\"\\u062a\\u062d\\u0633\\u064a\\u0646 \\u0625\\u0646\\u062a\\u0627\\u062c\\u064a\\u0629 \\u0627\\u0644\\u0648\\u0643\\u064a\\u0644 \\u0639\\u0644\\u0649 \\u0646\\u0637\\u0627\\u0642 \\u0648\\u0627\\u0633\\u0639\\u062a\\u062d\\u0633\\u064a\\u0646 \\u0625\\u0646\\u062a\\u0627\\u062c\\u064a\\u0629 \\u0627\\u0644\\u0648\\u0643\\u064a\\u0644 \\u0639\\u0644\\u0649 \\u0646\\u0637\\u0627\\u0642 \\u0648\\u0627\\u0633\\u0639\\u062a\\u062d\\u0633\\u064a\\u0646 \\u0625\\u0646\\u062a\\u0627\\u062c\\u064a\\u0629 \\u0627\\u0644\\u0648\\u0643\\u064a\\u0644 \\u0639\\u0644\\u0649 \\u0646\\u0637\\u0627\\u0642 \\u0648\\u0627\\u0633\\u0639\",\"\\u062a\\u062d\\u0633\\u064a\\u0646 \\u0625\\u0646\\u062a\\u0627\\u062c\\u064a\\u0629 \\u0627\\u0644\\u0648\\u0643\\u064a\\u0644 \\u0639\\u0644\\u0649 \\u0646\\u0637\\u0627\\u0642 \\u0648\\u0627\\u0633\\u0639\\u062a\\u062d\\u0633\\u064a\\u0646 \\u0625\\u0646\\u062a\\u0627\\u062c\\u064a\\u0629 \\u0627\\u0644\\u0648\\u0643\\u064a\\u0644 \\u0639\\u0644\\u0649 \\u0646\\u0637\\u0627\\u0642 \\u0648\\u0627\\u0633\\u0639\\u062a\\u062d\\u0633\\u064a\\u0646 \\u0625\\u0646\\u062a\\u0627\\u062c\\u064a\\u0629 \\u0627\\u0644\\u0648\\u0643\\u064a\\u0644 \\u0639\\u0644\\u0649 \\u0646\\u0637\\u0627\\u0642 \\u0648\\u0627\\u0633\\u0639\",\"\\u062a\\u062d\\u0633\\u064a\\u0646 \\u0625\\u0646\\u062a\\u0627\\u062c\\u064a\\u0629 \\u0627\\u0644\\u0648\\u0643\\u064a\\u0644 \\u0639\\u0644\\u0649 \\u0646\\u0637\\u0627\\u0642 \\u0648\\u0627\\u0633\\u0639\\u062a\\u062d\\u0633\\u064a\\u0646 \\u0625\\u0646\\u062a\\u0627\\u062c\\u064a\\u0629 \\u0627\\u0644\\u0648\\u0643\\u064a\\u0644 \\u0639\\u0644\\u0649 \\u0646\\u0637\\u0627\\u0642 \\u0648\\u0627\\u0633\\u0639\\u062a\\u062d\\u0633\\u064a\\u0646 \\u0625\\u0646\\u062a\\u0627\\u062c\\u064a\\u0629 \\u0627\\u0644\\u0648\\u0643\\u064a\\u0644 \\u0639\\u0644\\u0649 \\u0646\\u0637\\u0627\\u0642 \\u0648\\u0627\\u0633\\u0639\",\"\\u062a\\u062d\\u0633\\u064a\\u0646 \\u0625\\u0646\\u062a\\u0627\\u062c\\u064a\\u0629 \\u0627\\u0644\\u0648\\u0643\\u064a\\u0644 \\u0639\\u0644\\u0649 \\u0646\\u0637\\u0627\\u0642 \\u0648\\u0627\\u0633\\u0639\\u062a\\u062d\\u0633\\u064a\\u0646 \\u0625\\u0646\\u062a\\u0627\\u062c\\u064a\\u0629 \\u0627\\u0644\\u0648\\u0643\\u064a\\u0644 \\u0639\\u0644\\u0649 \\u0646\\u0637\\u0627\\u0642 \\u0648\\u0627\\u0633\\u0639\\u062a\\u062d\\u0633\\u064a\\u0646 \\u0625\\u0646\\u062a\\u0627\\u062c\\u064a\\u0629 \\u0627\\u0644\\u0648\\u0643\\u064a\\u0644 \\u0639\\u0644\\u0649 \\u0646\\u0637\\u0627\\u0642 \\u0648\\u0627\\u0633\\u0639\"],\"repeater_image_ar\":[\"227\",\"227\",\"227\",\"227\",\"227\",\"227\"]},\"padding_top\":\"0\",\"padding_bottom\":\"0\"}","addon_namespace":"Plugins\\PageBuilder\\Addons\\Tenants\\Ticket\\WhyChooseArea","created_at":"2023-03-14T09:10:54.000000Z","updated_at":"2023-03-14T09:10:54.000000Z"},{"id":54,"addon_name":"AboutTicket","addon_type":"update","addon_location":"dynamic_page","addon_order":3,"addon_page_id":19,"addon_page_type":"dynamic_page","addon_settings":"{\"id\":\"54\",\"addon_name\":\"AboutTicket\",\"addon_namespace\":\"UGx1Z2luc1xQYWdlQnVpbGRlclxBZGRvbnNcVGVuYW50c1xUaWNrZXRcQWJvdXRUaWNrZXQ=\",\"addon_type\":\"update\",\"addon_location\":\"dynamic_page\",\"addon_order\":\"3\",\"addon_page_id\":\"19\",\"addon_page_type\":\"dynamic_page\",\"title_en_US\":\"Do you need any Support\",\"description_en_US\":\"Sed ut perspiciatis unde omnis iste natus error sit voluptatem accusantium doloremque laudantium, totam rem aperiam, eaque ipsa quae ab illo inventore veritatis et quasi architecto beatae vitae dicta sunt explicabo.Sed ut perspiciatis unde omnis iste natus error sit voluptatem accusantium doloremque laudantium, totam rem aperiam, eaque ipsa quae ab illo inventore veritatis et quasi architecto beatae vitae dicta sunt explicabo.\",\"button_text_en_US\":\"Open Support Ticket\",\"button_url_en_US\":\"#\",\"title_ar\":\"\\u0645\\u062d\\u062a\\u0648\\u064a\\u0627\\u062a\\u0646\\u0627\",\"description_ar\":\"\\u0645\\u0646 \\u0627\\u0644\\u062e\\u0637\\u0623 \\u0627\\u0644\\u0634\\u0627\\u0645\\u0644 \\u0623\\u0646 \\u064a\\u0643\\u0648\\u0646 \\u0647\\u0646\\u0627\\u0643 \\u062e\\u0637\\u0623 \\u0641\\u064a \\u062d\\u0627\\u0644\\u0629 \\u0627\\u0644\\u062a\\u0639\\u0631\\u0636 \\u0644\\u0644\\u062e\\u0637\\u0623 \\u0641\\u064a \\u062d\\u0627\\u0644\\u0629 \\u0627\\u0644\\u062a\\u0639\\u0631\\u0636 \\u0644\\u0644\\u062e\\u0637\\u0623 \\u060c \\u0648\\u062e\\u0637\\u0623 \\u0628\\u0633\\u064a\\u0637 \\u060c \\u0648\\u0645\\u062e\\u062a\\u0631\\u0639 \\u062d\\u0642\\u064a\\u0642\\u064a \\u0648\\u0634\\u0628\\u0647 \\u0645\\u0639\\u0645\\u0627\\u0631\\u064a \\u0644\\u0644\\u0633\\u064a\\u0631\\u0629 \\u0627\\u0644\\u0630\\u0627\\u062a\\u064a\\u0629.\\u0645\\u0646 \\u0627\\u0644\\u062e\\u0637\\u0623 \\u0627\\u0644\\u0634\\u0627\\u0645\\u0644 \\u0623\\u0646 \\u064a\\u0643\\u0648\\u0646 \\u0647\\u0646\\u0627\\u0643 \\u062e\\u0637\\u0623 \\u0641\\u064a \\u062d\\u0627\\u0644\\u0629 \\u0627\\u0644\\u062a\\u0639\\u0631\\u0636 \\u0644\\u0644\\u062e\\u0637\\u0623 \\u0641\\u064a \\u062d\\u0627\\u0644\\u0629 \\u0627\\u0644\\u062a\\u0639\\u0631\\u0636 \\u0644\\u0644\\u062e\\u0637\\u0623 \\u060c \\u0648\\u062e\\u0637\\u0623 \\u0628\\u0633\\u064a\\u0637 \\u060c \\u0648\\u0645\\u062e\\u062a\\u0631\\u0639 \\u062d\\u0642\\u064a\\u0642\\u064a \\u0648\\u0634\\u0628\\u0647 \\u0645\\u0639\\u0645\\u0627\\u0631\\u064a \\u0644\\u0644\\u0633\\u064a\\u0631\\u0629 \\u0627\\u0644\\u0630\\u0627\\u062a\\u064a\\u0629.\",\"button_text_ar\":\"\\u0627\\u0631\\u064a \\u0644\\u0644\\u0633\\u064a\\u0631\\u0629 \\u0627\\u0644\\u0630\\u0627\\u062a\\u064a\\u0629.\",\"button_url_ar\":\"#\",\"left_image\":\"244\",\"padding_top\":\"0\",\"padding_bottom\":\"0\"}","addon_namespace":"Plugins\\PageBuilder\\Addons\\Tenants\\Ticket\\AboutTicket","created_at":"2023-03-14T09:10:54.000000Z","updated_at":"2023-03-14T09:10:54.000000Z"},{"id":55,"addon_name":"TestimonialFive","addon_type":"update","addon_location":"dynamic_page","addon_order":4,"addon_page_id":19,"addon_page_type":"dynamic_page","addon_settings":"{\"id\":\"63\",\"addon_name\":\"TestimonialFive\",\"addon_namespace\":\"UGx1Z2luc1xQYWdlQnVpbGRlclxBZGRvbnNcVGVuYW50c1xDb21tb25cbWlzY1xUZXN0aW1vbmlhbEZpdmU=\",\"addon_type\":\"update\",\"addon_location\":\"dynamic_page\",\"addon_order\":\"4\",\"addon_page_id\":\"19\",\"addon_page_type\":\"dynamic_page\",\"title_en_US\":\"Our Customer {h}Review{\\\/h}\",\"title_ar\":\"\\u0645\\u0631\\u0627\\u062c\\u0639\\u0629 \\u0627\\u0644\\u0639\\u0645\\u0644\\u0627\\u0621 \\u0644\\u062f\\u064a\\u0646\\u0627\",\"item\":\"5\",\"order_by\":\"id\",\"order\":\"asc\",\"padding_top\":\"0\",\"padding_bottom\":\"0\"}","addon_namespace":"Plugins\\PageBuilder\\Addons\\Tenants\\Common\\misc\\TestimonialFive","created_at":"2023-03-14T09:10:54.000000Z","updated_at":"2023-03-14T09:10:54.000000Z"},{"id":56,"addon_name":"FaqThree","addon_type":"update","addon_location":"dynamic_page","addon_order":5,"addon_page_id":19,"addon_page_type":"dynamic_page","addon_settings":"{\"id\":\"64\",\"addon_name\":\"FaqThree\",\"addon_namespace\":\"UGx1Z2luc1xQYWdlQnVpbGRlclxBZGRvbnNcVGVuYW50c1xDb21tb25cbWlzY1xGYXFUaHJlZQ==\",\"addon_type\":\"update\",\"addon_location\":\"dynamic_page\",\"addon_order\":\"5\",\"addon_page_id\":\"19\",\"addon_page_type\":\"dynamic_page\",\"heading_titleen_US\":\"{h}Freequently{\\\/h} Asked Question\",\"heading_titlear\":\"\\u0623\\u0633\\u0626\\u0644\\u0629 \\u0634\\u0627\\u0626\\u0639\\u0629\",\"order_by\":\"id\",\"order\":\"asc\",\"category_items\":\"6\",\"padding_top\":\"0\",\"padding_bottom\":\"0\"}","addon_namespace":"Plugins\\PageBuilder\\Addons\\Tenants\\Common\\misc\\FaqThree","created_at":"2023-03-14T09:10:54.000000Z","updated_at":"2023-03-14T09:10:54.000000Z"},{"id":57,"addon_name":"TicketContactArea","addon_type":"update","addon_location":"dynamic_page","addon_order":6,"addon_page_id":19,"addon_page_type":"dynamic_page","addon_settings":"{\"id\":\"65\",\"addon_name\":\"TicketContactArea\",\"addon_namespace\":\"UGx1Z2luc1xQYWdlQnVpbGRlclxBZGRvbnNcVGVuYW50c1xUaWNrZXRcVGlja2V0Q29udGFjdEFyZWE=\",\"addon_type\":\"update\",\"addon_location\":\"dynamic_page\",\"addon_order\":\"6\",\"addon_page_id\":\"19\",\"addon_page_type\":\"dynamic_page\",\"title_en_US\":\"Create your ticket\",\"description_en_US\":\"Sed ut perspiciatis unde omnis iste natus error sit voluptat accusantium doloremque laudantium.\",\"button_text_en_US\":\"Open Support Ticket\",\"button_url_en_US\":\"https:\\\/\\\/donation.pica-multi.test\\\/support-tickets\",\"title_ar\":\"\\u0642\\u0645 \\u0628\\u0625\\u0646\\u0634\\u0627\\u0621 \\u062a\\u0630\\u0643\\u0631\\u062a\\u0643\",\"description_ar\":\"\\u0642\\u0645 \\u0628\\u0625\\u0646\\u0634\\u0627\\u0621 \\u062a\\u0630\\u0643\\u0631\\u062a\\u0643\\u0642\\u0645 \\u0628\\u0625\\u0646\\u0634\\u0627\\u0621 \\u062a\\u0630\\u0643\\u0631\\u062a\\u0643\\u0642\\u0645 \\u0628\\u0625\\u0646\\u0634\\u0627\\u0621 \\u062a\\u0630\\u0643\\u0631\\u062a\\u0643\\u0642\\u0645 \\u0628\\u0625\\u0646\\u0634\\u0627\\u0621 \\u062a\\u0630\\u0643\\u0631\\u062a\\u0643\\u0642\\u0645 \\u0628\\u0625\\u0646\\u0634\\u0627\\u0621 \\u062a\\u0630\\u0643\\u0631\\u062a\\u0643\",\"button_text_ar\":\"\\u0627\\u0641\\u062a\\u062d \\u062a\\u0630\\u0643\\u0631\\u0629 \\u0627\\u0644\\u062f\\u0639\\u0645\",\"button_url_ar\":\"#\",\"bg_image\":\"231\",\"padding_top\":\"0\",\"padding_bottom\":\"0\"}","addon_namespace":"Plugins\\PageBuilder\\Addons\\Tenants\\Ticket\\TicketContactArea","created_at":"2023-03-14T09:10:54.000000Z","updated_at":"2023-03-14T09:10:54.000000Z"}]