[
  {
    "id": 103,
    "addon_name": "HeaderArea",
    "addon_type": "update",
    "addon_location": "dynamic_page",
    "addon_order": 1,
    "addon_page_id": 31,
    "addon_page_type": "dynamic_page",
    "addon_settings": "{\"id\":\"103\",\"addon_name\":\"HeaderArea\",\"addon_namespace\":\"UGx1Z2luc1xQYWdlQnVpbGRlclxBZGRvbnNcVGVuYW50c1xXZWRkaW5nXEhlYWRlckFyZWE=\",\"addon_type\":\"update\",\"addon_location\":\"dynamic_page\",\"addon_order\":\"1\",\"addon_page_id\":\"31\",\"addon_page_type\":\"dynamic_page\",\"title_en_US\":\"Let\\u2019s Plan for Your Dream Wedding\",\"description_en_US\":\"We will help you to success your dream wedding plan. If you have any plan feel free to ask us we will try to do our best to make your all the moment memorable.\",\"button_text_en_US\":\"Get Started\",\"button_url_en_US\":\"#\",\"title_ar\":\"\\u062f\\u0639\\u0648\\u0646\\u0627 \\u0646\\u062e\\u0637\\u0637 \\u0644\\u062d\\u0641\\u0644 \\u0632\\u0641\\u0627\\u0641 \\u0623\\u062d\\u0644\\u0627\\u0645\\u0643\",\"description_ar\":\"\\u0633\\u0646\\u0633\\u0627\\u0639\\u062f\\u0643 \\u0639\\u0644\\u0649 \\u0646\\u062c\\u0627\\u062d \\u062e\\u0637\\u0629 \\u0632\\u0641\\u0627\\u0641\\u0643 \\u0627\\u0644\\u062a\\u064a \\u062a\\u062d\\u0644\\u0645 \\u0628\\u0647\\u0627. \\u0625\\u0630\\u0627 \\u0643\\u0627\\u0646\\u062a \\u0644\\u062f\\u064a\\u0643 \\u0623\\u064a \\u062e\\u0637\\u0629 \\u0641\\u0644\\u0627 \\u062a\\u062a\\u0631\\u062f\\u062f \\u0641\\u064a \\u0633\\u0624\\u0627\\u0644\\u0646\\u0627 \\u060c \\u0641\\u0633\\u0646\\u062d\\u0627\\u0648\\u0644 \\u0628\\u0630\\u0644 \\u0642\\u0635\\u0627\\u0631\\u0649 \\u062c\\u0647\\u062f\\u0646\\u0627 \\u0644\\u062c\\u0639\\u0644 \\u0643\\u0644 \\u0644\\u062d\\u0638\\u0629 \\u0644\\u0627 \\u062a\\u0646\\u0633\\u0649.\",\"button_text_ar\":\"\\u0627\\u0644\\u0628\\u062f\\u0621\",\"button_url_ar\":\"#\",\"left_image\":\"389\",\"right_image\":\"390\",\"padding_top\":\"0\",\"padding_bottom\":\"0\"}",
    "addon_namespace": "Plugins\\PageBuilder\\Addons\\Tenants\\Wedding\\HeaderArea",
    "created_at": "2023-03-14T09:10:55.000000Z",
    "updated_at": "2023-03-14T09:10:55.000000Z"
  },
  {
    "id": 104,
    "addon_name": "HeaderBottomArea",
    "addon_type": "update",
    "addon_location": "dynamic_page",
    "addon_order": 3,
    "addon_page_id": 31,
    "addon_page_type": "dynamic_page",
    "addon_settings": "{\"id\":\"104\",\"addon_name\":\"HeaderBottomArea\",\"addon_namespace\":\"UGx1Z2luc1xQYWdlQnVpbGRlclxBZGRvbnNcVGVuYW50c1xXZWRkaW5nXEhlYWRlckJvdHRvbUFyZWE=\",\"addon_type\":\"update\",\"addon_location\":\"dynamic_page\",\"addon_order\":\"2\",\"addon_page_id\":\"31\",\"addon_page_type\":\"dynamic_page\",\"wedding_header_bottom_repeater\":{\"repeater_title_en_US\":[\"Outside Pre Wedding Decoration\",\"Wedding Reception in the center\"],\"repeater_title_url_en_US\":[\"#\",\"#\"],\"repeater_description_en_US\":[\"We did this decoration in the out side for a pre wedding ceremony the place was awesome we were make it romantic.\",\"We did this decoration in the out side for a pre wedding ceremony the place was awesome we were make it romantic.\"],\"repeater_image_en_US\":[\"392\",\"391\"],\"repeater_title_ar\":[\"\\u062e\\u0627\\u0631\\u062c \\u0627\\u0644\\u062f\\u064a\\u0643\\u0648\\u0631 \\u0642\\u0628\\u0644 \\u0627\\u0644\\u0632\\u0641\\u0627\\u0641\",\"\\u062e\\u0627\\u0631\\u062c \\u0627\\u0644\\u062f\\u064a\\u0643\\u0648\\u0631 \\u0642\\u0628\\u0644 \\u0627\\u0644\\u0632\\u0641\\u0627\\u0641\"],\"repeater_title_url_ar\":[\"#\",\"#\"],\"repeater_description_ar\":[\"\\u0644\\u0642\\u062f \\u0641\\u0639\\u0644\\u0646\\u0627 \\u0647\\u0630\\u0627 \\u0627\\u0644\\u0632\\u062e\\u0631\\u0641\\u0629 \\u0641\\u064a \\u0627\\u0644\\u062e\\u0627\\u0631\\u062c \\u0644\\u062d\\u0641\\u0644 \\u0645\\u0627 \\u0642\\u0628\\u0644 \\u0627\\u0644\\u0632\\u0641\\u0627\\u0641 \\u060c \\u0648\\u0643\\u0627\\u0646 \\u0627\\u0644\\u0645\\u0643\\u0627\\u0646 \\u0631\\u0627\\u0626\\u0639\\u064b\\u0627 \\u062c\\u0639\\u0644\\u0646\\u0627\\u0647 \\u0631\\u0648\\u0645\\u0627\\u0646\\u0633\\u064a\\u064b\\u0627.\",\"\\u0644\\u0642\\u062f \\u0641\\u0639\\u0644\\u0646\\u0627 \\u0647\\u0630\\u0627 \\u0627\\u0644\\u0632\\u062e\\u0631\\u0641\\u0629 \\u0641\\u064a \\u0627\\u0644\\u062e\\u0627\\u0631\\u062c \\u0644\\u062d\\u0641\\u0644 \\u0645\\u0627 \\u0642\\u0628\\u0644 \\u0627\\u0644\\u0632\\u0641\\u0627\\u0641 \\u060c \\u0648\\u0643\\u0627\\u0646 \\u0627\\u0644\\u0645\\u0643\\u0627\\u0646 \\u0631\\u0627\\u0626\\u0639\\u064b\\u0627 \\u062c\\u0639\\u0644\\u0646\\u0627\\u0647 \\u0631\\u0648\\u0645\\u0627\\u0646\\u0633\\u064a\\u064b\\u0627.\"],\"repeater_image_ar\":[\"392\",\"391\"]},\"column\":\"col-lg-6\",\"padding_top\":\"0\",\"padding_bottom\":\"0\"}",
    "addon_namespace": "Plugins\\PageBuilder\\Addons\\Tenants\\Wedding\\HeaderBottomArea",
    "created_at": "2023-03-14T09:10:55.000000Z",
    "updated_at": "2023-03-14T09:10:55.000000Z"
  },
  {
    "id": 105,
    "addon_name": "MakeArea",
    "addon_type": "update",
    "addon_location": "dynamic_page",
    "addon_order": 4,
    "addon_page_id": 31,
    "addon_page_type": "dynamic_page",
    "addon_settings": "{\"id\":\"105\",\"addon_name\":\"MakeArea\",\"addon_namespace\":\"UGx1Z2luc1xQYWdlQnVpbGRlclxBZGRvbnNcVGVuYW50c1xXZWRkaW5nXE1ha2VBcmVh\",\"addon_type\":\"update\",\"addon_location\":\"dynamic_page\",\"addon_order\":\"3\",\"addon_page_id\":\"31\",\"addon_page_type\":\"dynamic_page\",\"title_en_US\":\"Make Flower make Heart Make your Plan with us\",\"description_en_US\":\"We will help you to success your dream wedding plan. If you have any plan feel free to ask us we will try to do our best to make your all the moment memorable.\",\"title_ar\":\"\\u0627\\u062c\\u0639\\u0644 \\u0627\\u0644\\u0632\\u0647\\u0648\\u0631 \\u062a\\u0635\\u0646\\u0639 \\u0627\\u0644\\u0642\\u0644\\u0628 \\u0636\\u0639 \\u062e\\u0637\\u062a\\u0643 \\u0645\\u0639\\u0646\\u0627\",\"description_ar\":\"\\u0633\\u0646\\u0633\\u0627\\u0639\\u062f\\u0643 \\u0639\\u0644\\u0649 \\u0646\\u062c\\u0627\\u062d \\u062e\\u0637\\u0629 \\u0632\\u0641\\u0627\\u0641\\u0643 \\u0627\\u0644\\u062a\\u064a \\u062a\\u062d\\u0644\\u0645 \\u0628\\u0647\\u0627. \\u0625\\u0630\\u0627 \\u0643\\u0627\\u0646\\u062a \\u0644\\u062f\\u064a\\u0643 \\u0623\\u064a \\u062e\\u0637\\u0629 \\u0641\\u0644\\u0627 \\u062a\\u062a\\u0631\\u062f\\u062f \\u0641\\u064a \\u0633\\u0624\\u0627\\u0644\\u0646\\u0627 \\u060c \\u0641\\u0633\\u0646\\u062d\\u0627\\u0648\\u0644 \\u0628\\u0630\\u0644 \\u0642\\u0635\\u0627\\u0631\\u0649 \\u062c\\u0647\\u062f\\u0646\\u0627 \\u0644\\u062c\\u0639\\u0644 \\u0643\\u0644 \\u0644\\u062d\\u0638\\u0629 \\u0644\\u0627 \\u062a\\u0646\\u0633\\u0649.\",\"wedding_make_area_repeater\":{\"repeater_title_en_US\":[\"Best Wedding Planner\",\"Handle by all the expert\",\"Focus on the Quality\"],\"repeater_description_en_US\":[\"We did this decoration in the out side for a pre wedding ceremony the placewe were make it romantic.\",\"We did this decoration in the out side for a pre wedding ceremony the placewe were make it romantic.\",\"We did this decoration in the out side for a pre wedding ceremony the placewe were make it romantic.\"],\"repeater_image_en_US\":[\"397\",\"396\",\"395\"],\"repeater_title_ar\":[\"\\u0623\\u0641\\u0636\\u0644 \\u0645\\u0646\\u0638\\u0645 \\u062d\\u0641\\u0644\\u0627\\u062a \\u0632\\u0641\\u0627\\u0641\",\"\\u0623\\u0641\\u0636\\u0644 \\u0645\\u0646\\u0638\\u0645 \\u062d\\u0641\\u0644\\u0627\\u062a \\u0632\\u0641\\u0627\\u0641\",\"\\u0623\\u0641\\u0636\\u0644 \\u0645\\u0646\\u0638\\u0645 \\u062d\\u0641\\u0644\\u0627\\u062a \\u0632\\u0641\\u0627\\u0641\"],\"repeater_description_ar\":[\"\\u0644\\u0642\\u062f \\u0642\\u0645\\u0646\\u0627 \\u0628\\u0647\\u0630\\u0647 \\u0627\\u0644\\u0632\\u062e\\u0631\\u0641\\u0629 \\u0641\\u064a \\u0627\\u0644\\u062e\\u0627\\u0631\\u062c \\u0644\\u062d\\u0641\\u0644 \\u0645\\u0627 \\u0642\\u0628\\u0644 \\u0627\\u0644\\u0632\\u0641\\u0627\\u0641 \\u060c \\u062d\\u064a\\u062b \\u062c\\u0639\\u0644\\u0647 \\u0627\\u0644\\u0645\\u0643\\u0627\\u0646 \\u0631\\u0648\\u0645\\u0627\\u0646\\u0633\\u064a\\u064b\\u0627.\",\"\\u0644\\u0642\\u062f \\u0642\\u0645\\u0646\\u0627 \\u0628\\u0647\\u0630\\u0647 \\u0627\\u0644\\u0632\\u062e\\u0631\\u0641\\u0629 \\u0641\\u064a \\u0627\\u0644\\u062e\\u0627\\u0631\\u062c \\u0644\\u062d\\u0641\\u0644 \\u0645\\u0627 \\u0642\\u0628\\u0644 \\u0627\\u0644\\u0632\\u0641\\u0627\\u0641 \\u060c \\u062d\\u064a\\u062b \\u062c\\u0639\\u0644\\u0647 \\u0627\\u0644\\u0645\\u0643\\u0627\\u0646 \\u0631\\u0648\\u0645\\u0627\\u0646\\u0633\\u064a\\u064b\\u0627.\",\"\\u0644\\u0642\\u062f \\u0642\\u0645\\u0646\\u0627 \\u0628\\u0647\\u0630\\u0647 \\u0627\\u0644\\u0632\\u062e\\u0631\\u0641\\u0629 \\u0641\\u064a \\u0627\\u0644\\u062e\\u0627\\u0631\\u062c \\u0644\\u062d\\u0641\\u0644 \\u0645\\u0627 \\u0642\\u0628\\u0644 \\u0627\\u0644\\u0632\\u0641\\u0627\\u0641 \\u060c \\u062d\\u064a\\u062b \\u062c\\u0639\\u0644\\u0647 \\u0627\\u0644\\u0645\\u0643\\u0627\\u0646 \\u0631\\u0648\\u0645\\u0627\\u0646\\u0633\\u064a\\u064b\\u0627.\"],\"repeater_image_ar\":[\"397\",\"396\",\"395\"]},\"wedding_make_area_counter_repeater\":{\"repeater_title_en_US\":[\"Happy Couple\",\"Nice Venue\",\"Wedding\",\"Decoration\"],\"repeater_number_en_US\":[\"200\",\"200\",\"240\",\"960\"],\"symbol_en_US\":[\"+\",\"+\",\"+\",\"+\"],\"repeater_title_ar\":[\"\\u0632\\u0648\\u062c\\u0627\\u0646 \\u0633\\u0639\\u064a\\u062f\\u0627\\u0646\",\"\\u0632\\u0648\\u062c\\u0627\\u0646 \\u0633\\u0639\\u064a\\u062f\\u0627\\u0646\",\"\\u0632\\u0648\\u062c\\u0627\\u0646 \\u0633\\u0639\\u064a\\u062f\\u0627\\u0646\",\"\\u0632\\u0648\\u062c\\u0627\\u0646 \\u0633\\u0639\\u064a\\u062f\\u0627\\u0646\"],\"repeater_number_ar\":[\"200\",\"200\",\"200\",\"200\"],\"symbol_ar\":[\"+\",\"+\",\"+\",\"+\"]},\"right_image\":\"398\",\"padding_top\":\"0\",\"padding_bottom\":\"0\"}",
    "addon_namespace": "Plugins\\PageBuilder\\Addons\\Tenants\\Wedding\\MakeArea",
    "created_at": "2023-03-14T09:10:55.000000Z",
    "updated_at": "2023-03-14T09:10:55.000000Z"
  },
  {
    "id": 106,
    "addon_name": "NeedArea",
    "addon_type": "update",
    "addon_location": "dynamic_page",
    "addon_order": 5,
    "addon_page_id": 31,
    "addon_page_type": "dynamic_page",
    "addon_settings": "{\"id\":\"106\",\"addon_name\":\"NeedArea\",\"addon_namespace\":\"UGx1Z2luc1xQYWdlQnVpbGRlclxBZGRvbnNcVGVuYW50c1xXZWRkaW5nXE5lZWRBcmVh\",\"addon_type\":\"update\",\"addon_location\":\"dynamic_page\",\"addon_order\":\"4\",\"addon_page_id\":\"31\",\"addon_page_type\":\"dynamic_page\",\"title_en_US\":\"All Your Need is Here\",\"title_ar\":\"\\u0643\\u0644 \\u0645\\u0627 \\u062a\\u062d\\u062a\\u0627\\u062c\\u0647 \\u0647\\u0646\\u0627\",\"wedding_need_area_repeater\":{\"repeater_title_en_US\":[\"Intside Wedding Place Booking\",\"Outside Wedding Place Booking\",\"Full wedding Idea & Planning\",\"Outside Wedding Place Booking\",\"Pre Wedding Photography Plan\"],\"repeater_button_text_en_US\":[\"Lets Talk\",\"Lets Talk\",\"Lets Talk\",\"Lets Talk\",\"Lets Talk\"],\"repeater_button_url_en_US\":[\"#\",\"#\",\"#\",\"#\",\"#\"],\"repeater_image_en_US\":[\"399\",\"400\",\"401\",\"402\",\"401\"],\"repeater_title_ar\":[\"\\u062d\\u062c\\u0632 \\u0645\\u0643\\u0627\\u0646 \\u0627\\u0644\\u0632\\u0641\\u0627\\u0641 \\u0645\\u0646 \\u0627\\u0644\\u062f\\u0627\\u062e\\u0644\",\"\\u062d\\u062c\\u0632 \\u0645\\u0643\\u0627\\u0646 \\u0627\\u0644\\u0632\\u0641\\u0627\\u0641 \\u0645\\u0646 \\u0627\\u0644\\u062f\\u0627\\u062e\\u0644\",\"\\u062d\\u062c\\u0632 \\u0645\\u0643\\u0627\\u0646 \\u0627\\u0644\\u0632\\u0641\\u0627\\u0641 \\u0645\\u0646 \\u0627\\u0644\\u062f\\u0627\\u062e\\u0644\",\"\\u062d\\u062c\\u0632 \\u0645\\u0643\\u0627\\u0646 \\u0627\\u0644\\u0632\\u0641\\u0627\\u0641 \\u0645\\u0646 \\u0627\\u0644\\u062f\\u0627\\u062e\\u0644\",\"\\u062d\\u062c\\u0632 \\u0645\\u0643\\u0627\\u0646 \\u0627\\u0644\\u0632\\u0641\\u0627\\u0641 \\u0645\\u0646 \\u0627\\u0644\\u062f\\u0627\\u062e\\u0644\"],\"repeater_button_text_ar\":[\"\\u0644\\u0646\\u062a\\u062d\\u062f\\u062b\",\"\\u0644\\u0646\\u062a\\u062d\\u062f\\u062b\",\"\\u0644\\u0646\\u062a\\u062d\\u062f\\u062b\",\"\\u0644\\u0646\\u062a\\u062d\\u062f\\u062b\",\"\\u0644\\u0646\\u062a\\u062d\\u062f\\u062b\"],\"repeater_button_url_ar\":[\"#\",\"#\",\"#\",\"#\",\"#\"],\"repeater_image_ar\":[\"399\",\"400\",\"401\",\"402\",\"401\"]},\"padding_top\":\"0\",\"padding_bottom\":\"0\"}",
    "addon_namespace": "Plugins\\PageBuilder\\Addons\\Tenants\\Wedding\\NeedArea",
    "created_at": "2023-03-14T09:10:55.000000Z",
    "updated_at": "2023-03-14T09:10:55.000000Z"
  },
  {
    "id": 107,
    "addon_name": "ActivitiesArea",
    "addon_type": "update",
    "addon_location": "dynamic_page",
    "addon_order": 6,
    "addon_page_id": 31,
    "addon_page_type": "dynamic_page",
    "addon_settings": "{\"id\":\"107\",\"addon_name\":\"ActivitiesArea\",\"addon_namespace\":\"UGx1Z2luc1xQYWdlQnVpbGRlclxBZGRvbnNcVGVuYW50c1xXZWRkaW5nXEFjdGl2aXRpZXNBcmVh\",\"addon_type\":\"update\",\"addon_location\":\"dynamic_page\",\"addon_order\":\"5\",\"addon_page_id\":\"31\",\"addon_page_type\":\"dynamic_page\",\"title_en_US\":\"Our Recent Activities\",\"button_text_en_US\":\"Explore More\",\"button_url_en_US\":\"#\",\"title_ar\":\"\\u0623\\u0646\\u0634\\u0637\\u062a\\u0646\\u0627 \\u0627\\u0644\\u0623\\u062e\\u064a\\u0631\\u0629\",\"button_text_ar\":\"\\u0627\\u0633\\u062a\\u0643\\u0634\\u0627\\u0641 \\u0627\\u0644\\u0645\\u0632\\u064a\\u062f\",\"button_url_ar\":\"#\",\"wedding_activities_area_repeater\":{\"repeater_image_\":[\"404\",\"408\",\"406\",\"407\",\"405\",\"403\"],\"repeater_image_url_\":[\"#\",\"#\",\"#\",\"#\",\"#\",\"#\"],\"repeater_style_\":[\"vertical\",\"horizontal\",\"grid\",\"grid\",\"horizontal\",\"grid\"]},\"padding_top\":\"0\",\"padding_bottom\":\"0\"}",
    "addon_namespace": "Plugins\\PageBuilder\\Addons\\Tenants\\Wedding\\ActivitiesArea",
    "created_at": "2023-03-14T09:10:55.000000Z",
    "updated_at": "2023-03-14T09:10:55.000000Z"
  },
  {
    "id": 108,
    "addon_name": "PricePlanArea",
    "addon_type": "update",
    "addon_location": "dynamic_page",
    "addon_order": 7,
    "addon_page_id": 31,
    "addon_page_type": "dynamic_page",
    "addon_settings": "{\"id\":\"108\",\"addon_name\":\"PricePlanArea\",\"addon_namespace\":\"UGx1Z2luc1xQYWdlQnVpbGRlclxBZGRvbnNcVGVuYW50c1xXZWRkaW5nXFByaWNlUGxhbkFyZWE=\",\"addon_type\":\"update\",\"addon_location\":\"dynamic_page\",\"addon_order\":\"6\",\"addon_page_id\":\"31\",\"addon_page_type\":\"dynamic_page\",\"title_en_US\":\"Our Best Wedding Package\",\"button_text_en_US\":\"Get Started\",\"title_ar\":\"\\u0623\\u0641\\u0636\\u0644 \\u0628\\u0627\\u0642\\u0629 \\u0632\\u0641\\u0627\\u0641 \\u0644\\u062f\\u064a\\u0646\\u0627\",\"button_text_ar\":\"\\u0627\\u0644\\u0628\\u062f\\u0621\",\"order_by\":\"id\",\"order\":\"asc\",\"items\":\"3\",\"padding_top\":\"0\",\"padding_bottom\":\"0\"}",
    "addon_namespace": "Plugins\\PageBuilder\\Addons\\Tenants\\Wedding\\PricePlanArea",
    "created_at": "2023-03-14T09:10:55.000000Z",
    "updated_at": "2023-03-14T09:10:55.000000Z"
  },
  {
    "id": 109,
    "addon_name": "TestimonialArea",
    "addon_type": "update",
    "addon_location": "dynamic_page",
    "addon_order": 8,
    "addon_page_id": 31,
    "addon_page_type": "dynamic_page",
    "addon_settings": "{\"id\":\"109\",\"addon_name\":\"TestimonialArea\",\"addon_namespace\":\"UGx1Z2luc1xQYWdlQnVpbGRlclxBZGRvbnNcVGVuYW50c1xXZWRkaW5nXFRlc3RpbW9uaWFsQXJlYQ==\",\"addon_type\":\"update\",\"addon_location\":\"dynamic_page\",\"addon_order\":\"7\",\"addon_page_id\":\"31\",\"addon_page_type\":\"dynamic_page\",\"title_en_US\":\"What Our Client\\u2019s Say\",\"inner_text_en_US\":\"Highly Recomended\",\"title_ar\":\"\\u0645\\u0627\\u0630\\u0627 \\u064a\\u0642\\u0648\\u0644 \\u0639\\u0645\\u0644\\u0627\\u0624\\u0646\\u0627\",\"inner_text_ar\":\"\\u064a\\u0646\\u0635\\u062d \\u0628\\u0647 \\u0628\\u0634\\u062f\\u0647\",\"item\":\"5\",\"order_by\":\"id\",\"order\":\"desc\",\"padding_top\":\"0\",\"padding_bottom\":\"0\"}",
    "addon_namespace": "Plugins\\PageBuilder\\Addons\\Tenants\\Wedding\\TestimonialArea",
    "created_at": "2023-03-14T09:10:55.000000Z",
    "updated_at": "2023-03-14T09:10:55.000000Z"
  },
  {
    "id": 110,
    "addon_name": "BlogArea",
    "addon_type": "update",
    "addon_location": "dynamic_page",
    "addon_order": 9,
    "addon_page_id": 31,
    "addon_page_type": "dynamic_page",
    "addon_settings": "{\"id\":\"110\",\"addon_name\":\"BlogArea\",\"addon_namespace\":\"UGx1Z2luc1xQYWdlQnVpbGRlclxBZGRvbnNcVGVuYW50c1xXZWRkaW5nXEJsb2dBcmVh\",\"addon_type\":\"update\",\"addon_location\":\"dynamic_page\",\"addon_order\":\"8\",\"addon_page_id\":\"31\",\"addon_page_type\":\"dynamic_page\",\"title_en_US\":\"Our Latest Blog\",\"more_text_en_US\":\"Read More\",\"bottom_text_en_US\":\"Explore More\",\"bottom_text_url_en_US\":\"#\",\"title_ar\":\"\\u0623\\u062d\\u062f\\u062b \\u0645\\u062f\\u0648\\u0646\\u0629 \\u0644\\u062f\\u064a\\u0646\\u0627\",\"more_text_ar\":\"\\u0627\\u0642\\u0631\\u0623 \\u0623\\u0643\\u062b\\u0631\",\"bottom_text_ar\":\"\\u0627\\u0633\\u062a\\u0643\\u0634\\u0627\\u0641 \\u0627\\u0644\\u0645\\u0632\\u064a\\u062f\",\"bottom_text_url_ar\":\"#\",\"categories\":\"11\",\"items\":\"3\",\"order_by\":\"id\",\"order\":\"desc\",\"padding_top\":\"0\",\"padding_bottom\":\"0\"}",
    "addon_namespace": "Plugins\\PageBuilder\\Addons\\Tenants\\Wedding\\BlogArea",
    "created_at": "2023-03-14T09:10:55.000000Z",
    "updated_at": "2023-03-14T09:10:55.000000Z"
  },
  {
    "id": 111,
    "addon_name": "ContactArea",
    "addon_type": "update",
    "addon_location": "dynamic_page",
    "addon_order": 10,
    "addon_page_id": 31,
    "addon_page_type": "dynamic_page",
    "addon_settings": "{\"id\":\"111\",\"addon_name\":\"ContactArea\",\"addon_namespace\":\"UGx1Z2luc1xQYWdlQnVpbGRlclxBZGRvbnNcVGVuYW50c1xXZWRkaW5nXENvbnRhY3RBcmVh\",\"addon_type\":\"update\",\"addon_location\":\"dynamic_page\",\"addon_order\":\"10\",\"addon_page_id\":\"31\",\"addon_page_type\":\"dynamic_page\",\"title_en_US\":\"Do You have any Plan? Let\\u2019s talk with us.\",\"button_text_en_US\":\"Send Message\",\"title_ar\":\"\\u0647\\u0644 \\u0644\\u062f\\u064a\\u0643 \\u0627\\u064a \\u0641\\u0643\\u0631\\u0647\\u061f \\u0644\\u0646\\u062a\\u062d\\u062f\\u062b \\u0645\\u0639\\u0646\\u0627.\",\"button_text_ar\":\"\\u0623\\u0631\\u0633\\u0644 \\u0631\\u0633\\u0627\\u0644\\u0629\",\"left_image\":\"412\",\"padding_top\":\"0\",\"padding_bottom\":\"0\"}",
    "addon_namespace": "Plugins\\PageBuilder\\Addons\\Tenants\\Wedding\\ContactArea",
    "created_at": "2023-03-14T09:10:55.000000Z",
    "updated_at": "2023-03-14T09:10:55.000000Z"
  }
]