{"data":[{"id":3,"title":"{\"en_US\":\"Fund for children eduazbtion The power of Community\",\"azb\":\"\\u0628\\u0639\\u0642 \\u0644\\u0644\\u062a\\u0646\\u062f\\u064a\\u062f \\u0628\\u0627\\u0644\\u0644\\u0630\\u0629\"}","description":"{\"en_US\":\"We azbe very much greatful to you for your donation. Your little effort help us to change big community life I must explain to you how all this mistaken idea of denouncing pleen_USure and praising pain wen_US azbrn and I will give you a complete account of the system, and expound the actual teachings of the great explorer of the truth, the men_USter-builder of human happiness. No one rejects, dislikes, or avoids pleen_USure itself, beazbuse it is pleen_USure, but beazbuse those who do not know how to pursue pleen_USure rationally We azbe very much greatful to you for your donation. Your little effort help us to change big community life I must explain to you how all this mistaken idea of denouncing pleen_USure and praising pain wen_US azbrn and I will give you a complete account of the system, and expound the actual . I must explain to you how all this mistaken idea of denouncing pleen_USure . We azbe very much greatful to you for your donation. Your little effort help us to change big community life I must explain to you how all this mistaken idea of denouncing pleen_USure and praising pain wen_US azbrn and I will give you a complete account of the system, and expound the actual . I must explain to you how all this mistaken idea of denouncing pleen_USure . We azbe very much greatful to you for your donation. Your little effort help us to change big community life I must explain to you how all this mistaken idea of denouncing pleen_USure and praising pain wen_US azbrn and I will give you a complete account of the system, and expound the actual . I must explain to you how all this mistaken idea of denouncing pleen_USure . We azbe very much greatful to you for your donation. Your little effort help us to change big community life I must explain to you how all this mistaken idea of denouncing pleen_USure and praising pain wen_US azbrn and I will give you a complete account of the system, and expound the actual . I must explain to you how all this mistaken idea of denouncing pleen_USure\",\"azb\":\"\\u0646\\u062d\\u0646 \\u0645\\u0645\\u062a\\u0646\\u0648\\u0646 \\u062c\\u062f\\u064b\\u0627 \\u0644\\u0643 \\u0639\\u0644\\u0649 \\u062a\\u0628\\u0631\\u0639\\u0643. \\u064a\\u0633\\u0627\\u0639\\u062f\\u0646\\u0627 \\u0645\\u062c\\u0647\\u0648\\u062f\\u0643 \\u0627\\u0644\\u0635\\u063a\\u064a\\u0631 \\u0641\\u064a \\u062a\\u063a\\u064a\\u064a\\u0631 \\u0627\\u0644\\u062d\\u064a\\u0627\\u0629 \\u0627\\u0644\\u0645\\u062c\\u062a\\u0645\\u0639\\u064a\\u0629 \\u0627\\u0644\\u0643\\u0628\\u064a\\u0631\\u0629 \\u060c \\u0648\\u064a\\u062c\\u0628 \\u0623\\u0646 \\u0623\\u0634\\u0631\\u062d \\u0644\\u0643 \\u0643\\u064a\\u0641 \\u0648\\u0644\\u062f\\u062a \\u0643\\u0644 \\u0647\\u0630\\u0647 \\u0627\\u0644\\u0641\\u0643\\u0631\\u0629 \\u0627\\u0644\\u062e\\u0627\\u0637\\u0626\\u0629 \\u0627\\u0644\\u0645\\u062a\\u0645\\u062b\\u0644\\u0629 \\u0641\\u064a \\u0625\\u062f\\u0627\\u0646\\u0629 \\u0627\\u0644\\u0645\\u062a\\u0639\\u0629 \\u0648\\u0645\\u062f\\u062d \\u0627\\u0644\\u0623\\u0644\\u0645 \\u060c \\u0648\\u0633\\u0623\\u0642\\u062f\\u0645 \\u0644\\u0643 \\u0648\\u0635\\u0641\\u064b\\u0627 \\u0643\\u0627\\u0645\\u0644\\u0627\\u064b \\u0644\\u0644\\u0646\\u0638\\u0627\\u0645 \\u060c \\u0648\\u0623\\u0634\\u0631\\u062d \\u0627\\u0644\\u062a\\u0639\\u0627\\u0644\\u064a\\u0645 \\u0627\\u0644\\u0641\\u0639\\u0644\\u064a\\u0629 \\u0644\\u0644\\u0645\\u0633\\u062a\\u0643\\u0634\\u0641 \\u0627\\u0644\\u0639\\u0638\\u064a\\u0645. \\u0627\\u0644\\u062d\\u0642\\u064a\\u0642\\u0629 \\u060c \\u0635\\u0627\\u0646\\u0639 \\u0627\\u0644\\u0633\\u0639\\u0627\\u062f\\u0629 \\u0627\\u0644\\u0628\\u0634\\u0631\\u064a\\u0629. \\u0644\\u0627 \\u0623\\u062d\\u062f \\u064a\\u0631\\u0641\\u0636 \\u0623\\u0648 \\u064a\\u0643\\u0631\\u0647 \\u0623\\u0648 \\u064a\\u062a\\u062c\\u0646\\u0628 \\u0627\\u0644\\u0645\\u062a\\u0639\\u0629 \\u0646\\u0641\\u0633\\u0647\\u0627 \\u060c \\u0644\\u0623\\u0646\\u0647\\u0627 \\u0645\\u062a\\u0639\\u0629 \\u060c \\u0648\\u0644\\u0643\\u0646 \\u0644\\u0623\\u0646 \\u0623\\u0648\\u0644\\u0626\\u0643 \\u0627\\u0644\\u0630\\u064a\\u0646 \\u0644\\u0627 \\u064a\\u0639\\u0631\\u0641\\u0648\\u0646 \\u0643\\u064a\\u0641 \\u064a\\u0633\\u0639\\u0648\\u0646 \\u0648\\u0631\\u0627\\u0621 \\u0627\\u0644\\u0645\\u062a\\u0639\\u0629 \\u0628\\u0639\\u0642\\u0644\\u0627\\u0646\\u064a\\u0629 \\u0646\\u062d\\u0646 \\u0645\\u0645\\u062a\\u0646\\u0648\\u0646 \\u062c\\u062f\\u064b\\u0627 \\u0644\\u0643 \\u0639\\u0644\\u0649 \\u062a\\u0628\\u0631\\u0639\\u0643. \\u064a\\u0633\\u0627\\u0639\\u062f\\u0646\\u0627 \\u0645\\u062c\\u0647\\u0648\\u062f\\u0643 \\u0627\\u0644\\u0635\\u063a\\u064a\\u0631 \\u0641\\u064a \\u062a\\u063a\\u064a\\u064a\\u0631 \\u0627\\u0644\\u062d\\u064a\\u0627\\u0629 \\u0627\\u0644\\u0645\\u062c\\u062a\\u0645\\u0639\\u064a\\u0629 \\u0627\\u0644\\u0643\\u0628\\u064a\\u0631\\u0629 \\u060c \\u0648\\u064a\\u062c\\u0628 \\u0623\\u0646 \\u0623\\u0634\\u0631\\u062d \\u0644\\u0643 \\u0643\\u064a\\u0641 \\u0648\\u0644\\u062f\\u062a \\u0643\\u0644 \\u0647\\u0630\\u0647 \\u0627\\u0644\\u0641\\u0643\\u0631\\u0629 \\u0627\\u0644\\u062e\\u0627\\u0637\\u0626\\u0629 \\u0627\\u0644\\u0645\\u062a\\u0645\\u062b\\u0644\\u0629 \\u0641\\u064a \\u0625\\u062f\\u0627\\u0646\\u0629 \\u0627\\u0644\\u0645\\u062a\\u0639\\u0629 \\u0648\\u0645\\u062f\\u062d \\u0627\\u0644\\u0623\\u0644\\u0645 \\u060c \\u0648\\u0633\\u0623\\u0642\\u062f\\u0645 \\u0644\\u0643 \\u0648\\u0635\\u0641\\u064b\\u0627 \\u0643\\u0627\\u0645\\u0644\\u0627\\u064b \\u0644\\u0644\\u0646\\u0638\\u0627\\u0645 \\u060c \\u0648\\u0623\\u0634\\u0631\\u062d \\u0644\\u0643 \\u062d\\u0642\\u064a\\u0642\\u0629 \\u0627\\u0644\\u0623\\u0645\\u0631. \\u064a\\u062c\\u0628 \\u0623\\u0646 \\u0623\\u0634\\u0631\\u062d \\u0644\\u0643 \\u0643\\u064a\\u0641 \\u0643\\u0644 \\u0647\\u0630\\u0647 \\u0627\\u0644\\u0641\\u0643\\u0631\\u0629 \\u0627\\u0644\\u062e\\u0627\\u0637\\u0626\\u0629 \\u0644\\u0644\\u062a\\u0646\\u062f\\u064a\\u062f \\u0628\\u0627\\u0644\\u0644\\u0630\\u0629. \\u0646\\u062d\\u0646 \\u0645\\u0645\\u062a\\u0646\\u0648\\u0646 \\u062c\\u062f\\u064b\\u0627 \\u0644\\u0643 \\u0639\\u0644\\u0649 \\u062a\\u0628\\u0631\\u0639\\u0643. \\u064a\\u0633\\u0627\\u0639\\u062f\\u0646\\u0627 \\u0645\\u062c\\u0647\\u0648\\u062f\\u0643 \\u0627\\u0644\\u0635\\u063a\\u064a\\u0631 \\u0641\\u064a \\u062a\\u063a\\u064a\\u064a\\u0631 \\u0627\\u0644\\u062d\\u064a\\u0627\\u0629 \\u0627\\u0644\\u0645\\u062c\\u062a\\u0645\\u0639\\u064a\\u0629 \\u0627\\u0644\\u0643\\u0628\\u064a\\u0631\\u0629 \\u060c \\u0648\\u064a\\u062c\\u0628 \\u0623\\u0646 \\u0623\\u0634\\u0631\\u062d \\u0644\\u0643 \\u0643\\u064a\\u0641 \\u0648\\u0644\\u062f\\u062a \\u0643\\u0644 \\u0647\\u0630\\u0647 \\u0627\\u0644\\u0641\\u0643\\u0631\\u0629 \\u0627\\u0644\\u062e\\u0627\\u0637\\u0626\\u0629 \\u0627\\u0644\\u0645\\u062a\\u0645\\u062b\\u0644\\u0629 \\u0641\\u064a \\u0625\\u062f\\u0627\\u0646\\u0629 \\u0627\\u0644\\u0645\\u062a\\u0639\\u0629 \\u0648\\u0645\\u062f\\u062d \\u0627\\u0644\\u0623\\u0644\\u0645 \\u060c \\u0648\\u0633\\u0623\\u0642\\u062f\\u0645 \\u0644\\u0643 \\u0648\\u0635\\u0641\\u064b\\u0627 \\u0643\\u0627\\u0645\\u0644\\u0627\\u064b \\u0644\\u0644\\u0646\\u0638\\u0627\\u0645 \\u060c \\u0648\\u0623\\u0634\\u0631\\u062d \\u0644\\u0643 \\u062d\\u0642\\u064a\\u0642\\u0629 \\u0627\\u0644\\u0623\\u0645\\u0631. \\u064a\\u062c\\u0628 \\u0623\\u0646 \\u0623\\u0634\\u0631\\u062d \\u0644\\u0643 \\u0643\\u064a\\u0641 \\u0643\\u0644 \\u0647\\u0630\\u0647 \\u0627\\u0644\\u0641\\u0643\\u0631\\u0629 \\u0627\\u0644\\u062e\\u0627\\u0637\\u0626\\u0629 \\u0644\\u0644\\u062a\\u0646\\u062f\\u064a\\u062f \\u0628\\u0627\\u0644\\u0644\\u0630\\u0629. \\u0646\\u062d\\u0646 \\u0645\\u0645\\u062a\\u0646\\u0648\\u0646 \\u062c\\u062f\\u064b\\u0627 \\u0644\\u0643 \\u0639\\u0644\\u0649 \\u062a\\u0628\\u0631\\u0639\\u0643. \\u064a\\u0633\\u0627\\u0639\\u062f\\u0646\\u0627 \\u0645\\u062c\\u0647\\u0648\\u062f\\u0643 \\u0627\\u0644\\u0635\\u063a\\u064a\\u0631 \\u0641\\u064a \\u062a\\u063a\\u064a\\u064a\\u0631 \\u0627\\u0644\\u062d\\u064a\\u0627\\u0629 \\u0627\\u0644\\u0645\\u062c\\u062a\\u0645\\u0639\\u064a\\u0629 \\u0627\\u0644\\u0643\\u0628\\u064a\\u0631\\u0629 \\u060c \\u0648\\u064a\\u062c\\u0628 \\u0623\\u0646 \\u0623\\u0634\\u0631\\u062d \\u0644\\u0643 \\u0643\\u064a\\u0641 \\u0648\\u0644\\u062f\\u062a \\u0643\\u0644 \\u0647\\u0630\\u0647 \\u0627\\u0644\\u0641\\u0643\\u0631\\u0629 \\u0627\\u0644\\u062e\\u0627\\u0637\\u0626\\u0629 \\u0627\\u0644\\u0645\\u062a\\u0645\\u062b\\u0644\\u0629 \\u0641\\u064a \\u0625\\u062f\\u0627\\u0646\\u0629 \\u0627\\u0644\\u0645\\u062a\\u0639\\u0629 \\u0648\\u0645\\u062f\\u062d \\u0627\\u0644\\u0623\\u0644\\u0645 \\u060c \\u0648\\u0633\\u0623\\u0642\\u062f\\u0645 \\u0644\\u0643 \\u0648\\u0635\\u0641\\u064b\\u0627 \\u0643\\u0627\\u0645\\u0644\\u0627\\u064b \\u0644\\u0644\\u0646\\u0638\\u0627\\u0645 \\u060c \\u0648\\u0623\\u0634\\u0631\\u062d \\u0644\\u0643 \\u062d\\u0642\\u064a\\u0642\\u0629 \\u0627\\u0644\\u0623\\u0645\\u0631. \\u064a\\u062c\\u0628 \\u0623\\u0646 \\u0623\\u0634\\u0631\\u062d \\u0644\\u0643 \\u0643\\u064a\\u0641 \\u0643\\u0644 \\u0647\\u0630\\u0647 \\u0627\\u0644\\u0641\\u0643\\u0631\\u0629 \\u0627\\u0644\\u062e\\u0627\\u0637\\u0626\\u0629 \\u0644\\u0644\\u062a\\u0646\\u062f\\u064a\\u062f \\u0628\\u0627\\u0644\\u0644\\u0630\\u0629. \\u0646\\u062d\\u0646 \\u0645\\u0645\\u062a\\u0646\\u0648\\u0646 \\u062c\\u062f\\u064b\\u0627 \\u0644\\u0643 \\u0639\\u0644\\u0649 \\u062a\\u0628\\u0631\\u0639\\u0643. \\u064a\\u0633\\u0627\\u0639\\u062f\\u0646\\u0627 \\u0645\\u062c\\u0647\\u0648\\u062f\\u0643 \\u0627\\u0644\\u0635\\u063a\\u064a\\u0631 \\u0641\\u064a \\u062a\\u063a\\u064a\\u064a\\u0631 \\u0627\\u0644\\u062d\\u064a\\u0627\\u0629 \\u0627\\u0644\\u0645\\u062c\\u062a\\u0645\\u0639\\u064a\\u0629 \\u0627\\u0644\\u0643\\u0628\\u064a\\u0631\\u0629 \\u060c \\u0648\\u064a\\u062c\\u0628 \\u0623\\u0646 \\u0623\\u0634\\u0631\\u062d \\u0644\\u0643 \\u0643\\u064a\\u0641 \\u0648\\u0644\\u062f\\u062a \\u0643\\u0644 \\u0647\\u0630\\u0647 \\u0627\\u0644\\u0641\\u0643\\u0631\\u0629 \\u0627\\u0644\\u062e\\u0627\\u0637\\u0626\\u0629 \\u0627\\u0644\\u0645\\u062a\\u0645\\u062b\\u0644\\u0629 \\u0641\\u064a \\u0625\\u062f\\u0627\\u0646\\u0629 \\u0627\\u0644\\u0645\\u062a\\u0639\\u0629 \\u0648\\u0645\\u062f\\u062d \\u0627\\u0644\\u0623\\u0644\\u0645 \\u060c \\u0648\\u0633\\u0623\\u0642\\u062f\\u0645 \\u0644\\u0643 \\u0648\\u0635\\u0641\\u064b\\u0627 \\u0643\\u0627\\u0645\\u0644\\u0627\\u064b \\u0644\\u0644\\u0646\\u0638\\u0627\\u0645 \\u060c \\u0648\\u0623\\u0634\\u0631\\u062d \\u0644\\u0643 \\u062d\\u0642\\u064a\\u0642\\u0629 \\u0627\\u0644\\u0623\\u0645\\u0631. \\u064a\\u062c\\u0628 \\u0623\\u0646 \\u0623\\u0634\\u0631\\u062d \\u0644\\u0643 \\u0643\\u064a\\u0641 \\u0643\\u0644 \\u0647\\u0630\\u0647 \\u0627\\u0644\\u0641\\u0643\\u0631\\u0629 \\u0627\\u0644\\u062e\\u0627\\u0637\\u0626\\u0629 \\u0644\\u0644\\u062a\\u0646\\u062f\\u064a\\u062f \\u0628\\u0627\\u0644\\u0644\\u0630\\u0629\"}","amount":"36000","raised":null,"status":1,"image":"34","image_gallery":"13|12","slug":"fund-for-children-education-the-power-of-community","excerpt":"{\"en_US\":\"We are very much greatful to you for your donation. Your little effort help us to change big community life I must explain to you how all this mistaken idea of denouncing pleasure and praising pain\",\"ar\":\"u0646u062du0646 u0645u0645u062au0646u0648u0646 u062cu062fu064bu0627 u0644u0643 u0639u0644u0649 u062au0628u0631u0639u0643. u064au0633u0627u0639u062fu0646u0627 u0645u062cu0647u0648u062fu0643 u0627u0644u0635u063au064au0631 u0641u064a u062au063au064au064au0631 u0627u0644u062du064au0627u0629 u0627u0644u0645u062cu062au0645u0639u064au0629 u0627u0644u0643u0628u064au0631u0629 u060c u064au062cu0628 u0623u0646 u0623u0634u0631u062d u0644u0643 u0643u064au0641 u0643u0644 u0647u0630u0647 u0627u0644u0641u0643u0631u0629 u0627u0644u062eu0627u0637u0626u0629 u0627u0644u0645u062au0645u062bu0644u0629 u0641u064a u0627u0644u062au0646u062fu064au062f u0628u0627u0644u0645u062au0639u0629 u0648u062au0645u062cu064au062f u0627u0644u0623u0644u0645.\"}","creator_id":1,"created_by":"admin","category_id":3,"faq":"a:2:{s:5:\"title\";a:2:{i:0;s:16:\"We are very much\";i:1;s:29:\"Your little effort help us to\";}s:11:\"description\";a:2:{i:0;s:197:\"We are very much greatful to you for your donation. Your little effort help us to change big community life I must explain to you how all this mistaken idea of denouncing pleasure and praising pain\";i:1;s:190:\"Very much greatful to you for your donation. Your little effort help us to change big community life I must explain to you how all this mistaken idea of denouncing pleasure and praising pain\";}}","deadline":"2022-11-24","popular":null,"views":3,"created_at":"2022-08-28 09:57:30","updated_at":"2023-04-11 12:04:16"},{"id":45,"title":"{\"en_US\":\"Must you with him from him her were more\",\"azb\":\"\\u0628\\u0639\\u0642 \\u0644\\u0644\\u062a\\u0646\\u062f\\u064a\\u062f \\u0628\\u0627\\u0644\\u0644\\u0630\\u0629\"}","description":"{\"azb\":\"\\u0646\\u062d\\u0646 \\u0645\\u0645\\u062a\\u0646\\u0648\\u0646 \\u062c\\u062f\\u064b\\u0627 \\u0644\\u0643 \\u0639\\u0644\\u0649 \\u062a\\u0628\\u0631\\u0639\\u0643. \\u064a\\u0633\\u0627\\u0639\\u062f\\u0646\\u0627 \\u0645\\u062c\\u0647\\u0648\\u062f\\u0643 \\u0627\\u0644\\u0635\\u063a\\u064a\\u0631 \\u0641\\u064a \\u062a\\u063a\\u064a\\u064a\\u0631 \\u0627\\u0644\\u062d\\u064a\\u0627\\u0629 \\u0627\\u0644\\u0645\\u062c\\u062a\\u0645\\u0639\\u064a\\u0629 \\u0627\\u0644\\u0643\\u0628\\u064a\\u0631\\u0629 \\u060c \\u0648\\u064a\\u062c\\u0628 \\u0623\\u0646 \\u0623\\u0634\\u0631\\u062d \\u0644\\u0643 \\u0643\\u064a\\u0641 \\u0648\\u0644\\u062f\\u062a \\u0643\\u0644 \\u0647\\u0630\\u0647 \\u0627\\u0644\\u0641\\u0643\\u0631\\u0629 \\u0627\\u0644\\u062e\\u0627\\u0637\\u0626\\u0629 \\u0627\\u0644\\u0645\\u062a\\u0645\\u062b\\u0644\\u0629 \\u0641\\u064a \\u0625\\u062f\\u0627\\u0646\\u0629 \\u0627\\u0644\\u0645\\u062a\\u0639\\u0629 \\u0648\\u0645\\u062f\\u062d \\u0627\\u0644\\u0623\\u0644\\u0645 \\u060c \\u0648\\u0633\\u0623\\u0642\\u062f\\u0645 \\u0644\\u0643 \\u0648\\u0635\\u0641\\u064b\\u0627 \\u0643\\u0627\\u0645\\u0644\\u0627\\u064b \\u0644\\u0644\\u0646\\u0638\\u0627\\u0645 \\u060c \\u0648\\u0623\\u0634\\u0631\\u062d \\u0627\\u0644\\u062a\\u0639\\u0627\\u0644\\u064a\\u0645 \\u0627\\u0644\\u0641\\u0639\\u0644\\u064a\\u0629 \\u0644\\u0644\\u0645\\u0633\\u062a\\u0643\\u0634\\u0641 \\u0627\\u0644\\u0639\\u0638\\u064a\\u0645. \\u0627\\u0644\\u062d\\u0642\\u064a\\u0642\\u0629 \\u060c \\u0635\\u0627\\u0646\\u0639 \\u0627\\u0644\\u0633\\u0639\\u0627\\u062f\\u0629 \\u0627\\u0644\\u0628\\u0634\\u0631\\u064a\\u0629. \\u0644\\u0627 \\u0623\\u062d\\u062f \\u064a\\u0631\\u0641\\u0636 \\u0623\\u0648 \\u064a\\u0643\\u0631\\u0647 \\u0623\\u0648 \\u064a\\u062a\\u062c\\u0646\\u0628 \\u0627\\u0644\\u0645\\u062a\\u0639\\u0629 \\u0646\\u0641\\u0633\\u0647\\u0627 \\u060c \\u0644\\u0623\\u0646\\u0647\\u0627 \\u0645\\u062a\\u0639\\u0629 \\u060c \\u0648\\u0644\\u0643\\u0646 \\u0644\\u0623\\u0646 \\u0623\\u0648\\u0644\\u0626\\u0643 \\u0627\\u0644\\u0630\\u064a\\u0646 \\u0644\\u0627 \\u064a\\u0639\\u0631\\u0641\\u0648\\u0646 \\u0643\\u064a\\u0641 \\u064a\\u0633\\u0639\\u0648\\u0646 \\u0648\\u0631\\u0627\\u0621 \\u0627\\u0644\\u0645\\u062a\\u0639\\u0629 \\u0628\\u0639\\u0642\\u0644\\u0627\\u0646\\u064a\\u0629 \\u0646\\u062d\\u0646 \\u0645\\u0645\\u062a\\u0646\\u0648\\u0646 \\u062c\\u062f\\u064b\\u0627 \\u0644\\u0643 \\u0639\\u0644\\u0649 \\u062a\\u0628\\u0631\\u0639\\u0643. \\u064a\\u0633\\u0627\\u0639\\u062f\\u0646\\u0627 \\u0645\\u062c\\u0647\\u0648\\u062f\\u0643 \\u0627\\u0644\\u0635\\u063a\\u064a\\u0631 \\u0641\\u064a \\u062a\\u063a\\u064a\\u064a\\u0631 \\u0627\\u0644\\u062d\\u064a\\u0627\\u0629 \\u0627\\u0644\\u0645\\u062c\\u062a\\u0645\\u0639\\u064a\\u0629 \\u0627\\u0644\\u0643\\u0628\\u064a\\u0631\\u0629 \\u060c \\u0648\\u064a\\u062c\\u0628 \\u0623\\u0646 \\u0623\\u0634\\u0631\\u062d \\u0644\\u0643 \\u0643\\u064a\\u0641 \\u0648\\u0644\\u062f\\u062a \\u0643\\u0644 \\u0647\\u0630\\u0647 \\u0627\\u0644\\u0641\\u0643\\u0631\\u0629 \\u0627\\u0644\\u062e\\u0627\\u0637\\u0626\\u0629 \\u0627\\u0644\\u0645\\u062a\\u0645\\u062b\\u0644\\u0629 \\u0641\\u064a \\u0625\\u062f\\u0627\\u0646\\u0629 \\u0627\\u0644\\u0645\\u062a\\u0639\\u0629 \\u0648\\u0645\\u062f\\u062d \\u0627\\u0644\\u0623\\u0644\\u0645 \\u060c \\u0648\\u0633\\u0623\\u0642\\u062f\\u0645 \\u0644\\u0643 \\u0648\\u0635\\u0641\\u064b\\u0627 \\u0643\\u0627\\u0645\\u0644\\u0627\\u064b \\u0644\\u0644\\u0646\\u0638\\u0627\\u0645 \\u060c \\u0648\\u0623\\u0634\\u0631\\u062d \\u0644\\u0643 \\u062d\\u0642\\u064a\\u0642\\u0629 \\u0627\\u0644\\u0623\\u0645\\u0631. \\u064a\\u062c\\u0628 \\u0623\\u0646 \\u0623\\u0634\\u0631\\u062d \\u0644\\u0643 \\u0643\\u064a\\u0641 \\u0643\\u0644 \\u0647\\u0630\\u0647 \\u0627\\u0644\\u0641\\u0643\\u0631\\u0629 \\u0627\\u0644\\u062e\\u0627\\u0637\\u0626\\u0629 \\u0644\\u0644\\u062a\\u0646\\u062f\\u064a\\u062f \\u0628\\u0627\\u0644\\u0644\\u0630\\u0629. \\u0646\\u062d\\u0646 \\u0645\\u0645\\u062a\\u0646\\u0648\\u0646 \\u062c\\u062f\\u064b\\u0627 \\u0644\\u0643 \\u0639\\u0644\\u0649 \\u062a\\u0628\\u0631\\u0639\\u0643. \\u064a\\u0633\\u0627\\u0639\\u062f\\u0646\\u0627 \\u0645\\u062c\\u0647\\u0648\\u062f\\u0643 \\u0627\\u0644\\u0635\\u063a\\u064a\\u0631 \\u0641\\u064a \\u062a\\u063a\\u064a\\u064a\\u0631 \\u0627\\u0644\\u062d\\u064a\\u0627\\u0629 \\u0627\\u0644\\u0645\\u062c\\u062a\\u0645\\u0639\\u064a\\u0629 \\u0627\\u0644\\u0643\\u0628\\u064a\\u0631\\u0629 \\u060c \\u0648\\u064a\\u062c\\u0628 \\u0623\\u0646 \\u0623\\u0634\\u0631\\u062d \\u0644\\u0643 \\u0643\\u064a\\u0641 \\u0648\\u0644\\u062f\\u062a \\u0643\\u0644 \\u0647\\u0630\\u0647 \\u0627\\u0644\\u0641\\u0643\\u0631\\u0629 \\u0627\\u0644\\u062e\\u0627\\u0637\\u0626\\u0629 \\u0627\\u0644\\u0645\\u062a\\u0645\\u062b\\u0644\\u0629 \\u0641\\u064a \\u0625\\u062f\\u0627\\u0646\\u0629 \\u0627\\u0644\\u0645\\u062a\\u0639\\u0629 \\u0648\\u0645\\u062f\\u062d \\u0627\\u0644\\u0623\\u0644\\u0645 \\u060c \\u0648\\u0633\\u0623\\u0642\\u062f\\u0645 \\u0644\\u0643 \\u0648\\u0635\\u0641\\u064b\\u0627 \\u0643\\u0627\\u0645\\u0644\\u0627\\u064b \\u0644\\u0644\\u0646\\u0638\\u0627\\u0645 \\u060c \\u0648\\u0623\\u0634\\u0631\\u062d \\u0644\\u0643 \\u062d\\u0642\\u064a\\u0642\\u0629 \\u0627\\u0644\\u0623\\u0645\\u0631. \\u064a\\u062c\\u0628 \\u0623\\u0646 \\u0623\\u0634\\u0631\\u062d \\u0644\\u0643 \\u0643\\u064a\\u0641 \\u0643\\u0644 \\u0647\\u0630\\u0647 \\u0627\\u0644\\u0641\\u0643\\u0631\\u0629 \\u0627\\u0644\\u062e\\u0627\\u0637\\u0626\\u0629 \\u0644\\u0644\\u062a\\u0646\\u062f\\u064a\\u062f \\u0628\\u0627\\u0644\\u0644\\u0630\\u0629. \\u0646\\u062d\\u0646 \\u0645\\u0645\\u062a\\u0646\\u0648\\u0646 \\u062c\\u062f\\u064b\\u0627 \\u0644\\u0643 \\u0639\\u0644\\u0649 \\u062a\\u0628\\u0631\\u0639\\u0643. \\u064a\\u0633\\u0627\\u0639\\u062f\\u0646\\u0627 \\u0645\\u062c\\u0647\\u0648\\u062f\\u0643 \\u0627\\u0644\\u0635\\u063a\\u064a\\u0631 \\u0641\\u064a \\u062a\\u063a\\u064a\\u064a\\u0631 \\u0627\\u0644\\u062d\\u064a\\u0627\\u0629 \\u0627\\u0644\\u0645\\u062c\\u062a\\u0645\\u0639\\u064a\\u0629 \\u0627\\u0644\\u0643\\u0628\\u064a\\u0631\\u0629 \\u060c \\u0648\\u064a\\u062c\\u0628 \\u0623\\u0646 \\u0623\\u0634\\u0631\\u062d \\u0644\\u0643 \\u0643\\u064a\\u0641 \\u0648\\u0644\\u062f\\u062a \\u0643\\u0644 \\u0647\\u0630\\u0647 \\u0627\\u0644\\u0641\\u0643\\u0631\\u0629 \\u0627\\u0644\\u062e\\u0627\\u0637\\u0626\\u0629 \\u0627\\u0644\\u0645\\u062a\\u0645\\u062b\\u0644\\u0629 \\u0641\\u064a \\u0625\\u062f\\u0627\\u0646\\u0629 \\u0627\\u0644\\u0645\\u062a\\u0639\\u0629 \\u0648\\u0645\\u062f\\u062d \\u0627\\u0644\\u0623\\u0644\\u0645 \\u060c \\u0648\\u0633\\u0623\\u0642\\u062f\\u0645 \\u0644\\u0643 \\u0648\\u0635\\u0641\\u064b\\u0627 \\u0643\\u0627\\u0645\\u0644\\u0627\\u064b \\u0644\\u0644\\u0646\\u0638\\u0627\\u0645 \\u060c \\u0648\\u0623\\u0634\\u0631\\u062d \\u0644\\u0643 \\u062d\\u0642\\u064a\\u0642\\u0629 \\u0627\\u0644\\u0623\\u0645\\u0631. \\u064a\\u062c\\u0628 \\u0623\\u0646 \\u0623\\u0634\\u0631\\u062d \\u0644\\u0643 \\u0643\\u064a\\u0641 \\u0643\\u0644 \\u0647\\u0630\\u0647 \\u0627\\u0644\\u0641\\u0643\\u0631\\u0629 \\u0627\\u0644\\u062e\\u0627\\u0637\\u0626\\u0629 \\u0644\\u0644\\u062a\\u0646\\u062f\\u064a\\u062f \\u0628\\u0627\\u0644\\u0644\\u0630\\u0629. \\u0646\\u062d\\u0646 \\u0645\\u0645\\u062a\\u0646\\u0648\\u0646 \\u062c\\u062f\\u064b\\u0627 \\u0644\\u0643 \\u0639\\u0644\\u0649 \\u062a\\u0628\\u0631\\u0639\\u0643. \\u064a\\u0633\\u0627\\u0639\\u062f\\u0646\\u0627 \\u0645\\u062c\\u0647\\u0648\\u062f\\u0643 \\u0627\\u0644\\u0635\\u063a\\u064a\\u0631 \\u0641\\u064a \\u062a\\u063a\\u064a\\u064a\\u0631 \\u0627\\u0644\\u062d\\u064a\\u0627\\u0629 \\u0627\\u0644\\u0645\\u062c\\u062a\\u0645\\u0639\\u064a\\u0629 \\u0627\\u0644\\u0643\\u0628\\u064a\\u0631\\u0629 \\u060c \\u0648\\u064a\\u062c\\u0628 \\u0623\\u0646 \\u0623\\u0634\\u0631\\u062d \\u0644\\u0643 \\u0643\\u064a\\u0641 \\u0648\\u0644\\u062f\\u062a \\u0643\\u0644 \\u0647\\u0630\\u0647 \\u0627\\u0644\\u0641\\u0643\\u0631\\u0629 \\u0627\\u0644\\u062e\\u0627\\u0637\\u0626\\u0629 \\u0627\\u0644\\u0645\\u062a\\u0645\\u062b\\u0644\\u0629 \\u0641\\u064a \\u0625\\u062f\\u0627\\u0646\\u0629 \\u0627\\u0644\\u0645\\u062a\\u0639\\u0629 \\u0648\\u0645\\u062f\\u062d \\u0627\\u0644\\u0623\\u0644\\u0645 \\u060c \\u0648\\u0633\\u0623\\u0642\\u062f\\u0645 \\u0644\\u0643 \\u0648\\u0635\\u0641\\u064b\\u0627 \\u0643\\u0627\\u0645\\u0644\\u0627\\u064b \\u0644\\u0644\\u0646\\u0638\\u0627\\u0645 \\u060c \\u0648\\u0623\\u0634\\u0631\\u062d \\u0644\\u0643 \\u062d\\u0642\\u064a\\u0642\\u0629 \\u0627\\u0644\\u0623\\u0645\\u0631. \\u064a\\u062c\\u0628 \\u0623\\u0646 \\u0623\\u0634\\u0631\\u062d \\u0644\\u0643 \\u0643\\u064a\\u0641 \\u0643\\u0644 \\u0647\\u0630\\u0647 \\u0627\\u0644\\u0641\\u0643\\u0631\\u0629 \\u0627\\u0644\\u062e\\u0627\\u0637\\u0626\\u0629 \\u0644\\u0644\\u062a\\u0646\\u062f\\u064a\\u062f \\u0628\\u0627\\u0644\\u0644\\u0630\\u0629\",\"en_US\":\"We azbe very much greatful to you for your donation. Your little effort help us to change big community life I must explain to you how all this mistaken idea of denouncing pleen_USure and praising pain wen_US azbrn and I will give you a complete account of the system, and expound the actual teachings of the great explorer of the truth, the men_USter-builder of human happiness. No one rejects, dislikes, or avoids pleen_USure itself, beazbuse it is pleen_USure, but beazbuse those who do not know how to pursue pleen_USure rationally We azbe very much greatful to you for your donation. Your little effort help us to change big community life I must explain to you how all this mistaken idea of denouncing pleen_USure and praising pain wen_US azbrn and I will give you a complete account of the system, and expound the actual . I must explain to you how all this mistaken idea of denouncing pleen_USure . We azbe very much greatful to you for your donation. Your little effort help us to change big community life I must explain to you how all this mistaken idea of denouncing pleen_USure and praising pain wen_US azbrn and I will give you a complete account of the system, and expound the actual . I must explain to you how all this mistaken idea of denouncing pleen_USure . We azbe very much greatful to you for your donation. Your little effort help us to change big community life I must explain to you how all this mistaken idea of denouncing pleen_USure and praising pain wen_US azbrn and I will give you a complete account of the system, and expound the actual . I must explain to you how all this mistaken idea of denouncing pleen_USure . We azbe very much greatful to you for your donation. Your little effort help us to change big community life I must explain to you how all this mistaken idea of denouncing pleen_USure and praising pain wen_US azbrn and I will give you a complete account of the system, and expound the actual . I must explain to you how all this mistaken idea of denouncing pleen_USure\"}","amount":"32000","raised":null,"status":1,"image":"45","image_gallery":"13|12","slug":"fund-for-children-education-the-power-of-community","excerpt":"{\"en\":\"We are very much greatful to you for your donation. Your little effort help us to change big community life I must explain to you how all this mistaken idea of denouncing pleasure and praising pain\",\"en_US\":\"We are very much greatful to you for your donation. Your little effort help us to change big community life I must explain to you how all this mistaken idea of denouncing pleasure and praising pain\",\"ar\":\"u0646u062du0646 u0645u0645u062au0646u0648u0646 u062cu062fu064bu0627 u0644u0643 u0639u0644u0649 u062au0628u0631u0639u0643. u064au0633u0627u0639u062fu0646u0627 u0645u062cu0647u0648u062fu0643 u0627u0644u0635u063au064au0631 u0641u064a u062au063au064au064au0631 u0627u0644u062du064au0627u0629 u0627u0644u0645u062cu062au0645u0639u064au0629 u0627u0644u0643u0628u064au0631u0629 u060c u064au062cu0628 u0623u0646 u0623u0634u0631u062d u0644u0643 u0643u064au0641 u0643u0644 u0647u0630u0647 u0627u0644u0641u0643u0631u0629 u0627u0644u062eu0627u0637u0626u0629 u0627u0644u0645u062au0645u062bu0644u0629 u0641u064a u0627u0644u062au0646u062fu064au062f u0628u0627u0644u0645u062au0639u0629 u0648u062au0645u062cu064au062f u0627u0644u0623u0644u0645.\"}","creator_id":1,"created_by":"admin","category_id":5,"faq":"a:2:{s:5:\"title\";a:2:{i:0;s:27:\"One for all and all for one\";i:1;s:27:\"One for all and all for one\";}s:11:\"description\";a:2:{i:0;s:36:\"Your little effort help us to change\";i:1;s:36:\"Your little effort help us to change\";}}","deadline":"2022-11-24","popular":null,"views":3,"created_at":"2022-08-29 07:48:48","updated_at":"2023-04-11 12:04:16"},{"id":55,"title":"{\"en_US\":\"On it differed repeated wandered required in\",\"azb\":\" \\u0628\\u0639\\u0642 \\u0644\\u0644\\u062a\\u0646\\u062f\\u064a\\u062f \\u0628\\u0627\\u0644\\u0644\\u0630\\u0629\"}","description":"{\"en_US\":\"We azbe very much greatful to you for your donation. Your little effort help us to change big community life I must explain to you how all this mistaken idea of denouncing pleen_USure and praising pain wen_US azbrn and I will give you a complete account of the system, and expound the actual teachings of the great explorer of the truth, the men_USter-builder of human happiness. No one rejects, dislikes, or avoids pleen_USure itself, beazbuse it is pleen_USure, but beazbuse those who do not know how to pursue pleen_USure rationally We azbe very much greatful to you for your donation. Your little effort help us to change big community life I must explain to you how all this mistaken idea of denouncing pleen_USure and praising pain wen_US azbrn and I will give you a complete account of the system, and expound the actual . I must explain to you how all this mistaken idea of denouncing pleen_USure . We azbe very much greatful to you for your donation. Your little effort help us to change big community life I must explain to you how all this mistaken idea of denouncing pleen_USure and praising pain wen_US azbrn and I will give you a complete account of the system, and expound the actual . I must explain to you how all this mistaken idea of denouncing pleen_USure . We azbe very much greatful to you for your donation. Your little effort help us to change big community life I must explain to you how all this mistaken idea of denouncing pleen_USure and praising pain wen_US azbrn and I will give you a complete account of the system, and expound the actual . I must explain to you how all this mistaken idea of denouncing pleen_USure . We azbe very much greatful to you for your donation. Your little effort help us to change big community life I must explain to you how all this mistaken idea of denouncing pleen_USure and praising pain wen_US azbrn and I will give you a complete account of the system, and expound the actual . I must explain to you how all this mistaken idea of denouncing pleen_USure\"}","amount":"51000","raised":null,"status":1,"image":"16","image_gallery":"13|15|12","slug":"on-it-differed-repeated-wandered-required-in","excerpt":"{\"en\":\"We are very much greatful to you for your donation. Your little effort help us to change big community life I must explain to you how all this mistaken idea of denouncing pleasure and praising pain\",\"en_US\":\"We are very much greatful to you for your donation. Your little effort help us to change big community life I must explain to you how all this mistaken idea of denouncing pleasure and praising pain\",\"ar\":\"u0646u062du0646 u0645u0645u062au0646u0648u0646 u062cu062fu064bu0627 u0644u0643 u0639u0644u0649 u062au0628u0631u0639u0643. u064au0633u0627u0639u062fu0646u0627 u0645u062cu0647u0648u062fu0643 u0627u0644u0635u063au064au0631 u0641u064a u062au063au064au064au0631 u0627u0644u062du064au0627u0629 u0627u0644u0645u062cu062au0645u0639u064au0629 u0627u0644u0643u0628u064au0631u0629 u060c u064au062cu0628 u0623u0646 u0623u0634u0631u062d u0644u0643 u0643u064au0641 u0643u0644 u0647u0630u0647 u0627u0644u0641u0643u0631u0629 u0627u0644u062eu0627u0637u0626u0629 u0627u0644u0645u062au0645u062bu0644u0629 u0641u064a u0627u0644u062au0646u062fu064au062f u0628u0627u0644u0645u062au0639u0629 u0648u062au0645u062cu064au062f u0627u0644u0623u0644u0645.\"}","creator_id":1,"created_by":"admin","category_id":2,"faq":"a:2:{s:5:\"title\";a:2:{i:0;s:27:\"One for all and all for one\";i:1;s:27:\"One for all and all for one\";}s:11:\"description\";a:2:{i:0;s:36:\"Your little effort help us to change\";i:1;s:36:\"Your little effort help us to change\";}}","deadline":"2022-11-24","popular":null,"views":2,"created_at":"2022-08-29 08:37:54","updated_at":"2023-04-11 12:04:16"},{"id":56,"title":"{\"en_US\":\"My justice wishing prudent waiting in be\",\"azb\":\"\\u0628\\u0639\\u0642 \\u0644\\u0644\\u062a\\u0646\\u062f\\u064a\\u062f \\u0628\\u0627\\u0644\\u0644\\u0630\\u0629\"}","description":"{\"azb\":\"\\u0646\\u062d\\u0646 \\u0645\\u0645\\u062a\\u0646\\u0648\\u0646 \\u062c\\u062f\\u064b\\u0627 \\u0644\\u0643 \\u0639\\u0644\\u0649 \\u062a\\u0628\\u0631\\u0639\\u0643. \\u064a\\u0633\\u0627\\u0639\\u062f\\u0646\\u0627 \\u0645\\u062c\\u0647\\u0648\\u062f\\u0643 \\u0627\\u0644\\u0635\\u063a\\u064a\\u0631 \\u0641\\u064a \\u062a\\u063a\\u064a\\u064a\\u0631 \\u0627\\u0644\\u062d\\u064a\\u0627\\u0629 \\u0627\\u0644\\u0645\\u062c\\u062a\\u0645\\u0639\\u064a\\u0629 \\u0627\\u0644\\u0643\\u0628\\u064a\\u0631\\u0629 \\u060c \\u0648\\u064a\\u062c\\u0628 \\u0623\\u0646 \\u0623\\u0634\\u0631\\u062d \\u0644\\u0643 \\u0643\\u064a\\u0641 \\u0648\\u0644\\u062f\\u062a \\u0643\\u0644 \\u0647\\u0630\\u0647 \\u0627\\u0644\\u0641\\u0643\\u0631\\u0629 \\u0627\\u0644\\u062e\\u0627\\u0637\\u0626\\u0629 \\u0627\\u0644\\u0645\\u062a\\u0645\\u062b\\u0644\\u0629 \\u0641\\u064a \\u0625\\u062f\\u0627\\u0646\\u0629 \\u0627\\u0644\\u0645\\u062a\\u0639\\u0629 \\u0648\\u0645\\u062f\\u062d \\u0627\\u0644\\u0623\\u0644\\u0645 \\u060c \\u0648\\u0633\\u0623\\u0642\\u062f\\u0645 \\u0644\\u0643 \\u0648\\u0635\\u0641\\u064b\\u0627 \\u0643\\u0627\\u0645\\u0644\\u0627\\u064b \\u0644\\u0644\\u0646\\u0638\\u0627\\u0645 \\u060c \\u0648\\u0623\\u0634\\u0631\\u062d \\u0627\\u0644\\u062a\\u0639\\u0627\\u0644\\u064a\\u0645 \\u0627\\u0644\\u0641\\u0639\\u0644\\u064a\\u0629 \\u0644\\u0644\\u0645\\u0633\\u062a\\u0643\\u0634\\u0641 \\u0627\\u0644\\u0639\\u0638\\u064a\\u0645. \\u0627\\u0644\\u062d\\u0642\\u064a\\u0642\\u0629 \\u060c \\u0635\\u0627\\u0646\\u0639 \\u0627\\u0644\\u0633\\u0639\\u0627\\u062f\\u0629 \\u0627\\u0644\\u0628\\u0634\\u0631\\u064a\\u0629. \\u0644\\u0627 \\u0623\\u062d\\u062f \\u064a\\u0631\\u0641\\u0636 \\u0623\\u0648 \\u064a\\u0643\\u0631\\u0647 \\u0623\\u0648 \\u064a\\u062a\\u062c\\u0646\\u0628 \\u0627\\u0644\\u0645\\u062a\\u0639\\u0629 \\u0646\\u0641\\u0633\\u0647\\u0627 \\u060c \\u0644\\u0623\\u0646\\u0647\\u0627 \\u0645\\u062a\\u0639\\u0629 \\u060c \\u0648\\u0644\\u0643\\u0646 \\u0644\\u0623\\u0646 \\u0623\\u0648\\u0644\\u0626\\u0643 \\u0627\\u0644\\u0630\\u064a\\u0646 \\u0644\\u0627 \\u064a\\u0639\\u0631\\u0641\\u0648\\u0646 \\u0643\\u064a\\u0641 \\u064a\\u0633\\u0639\\u0648\\u0646 \\u0648\\u0631\\u0627\\u0621 \\u0627\\u0644\\u0645\\u062a\\u0639\\u0629 \\u0628\\u0639\\u0642\\u0644\\u0627\\u0646\\u064a\\u0629 \\u0646\\u062d\\u0646 \\u0645\\u0645\\u062a\\u0646\\u0648\\u0646 \\u062c\\u062f\\u064b\\u0627 \\u0644\\u0643 \\u0639\\u0644\\u0649 \\u062a\\u0628\\u0631\\u0639\\u0643. \\u064a\\u0633\\u0627\\u0639\\u062f\\u0646\\u0627 \\u0645\\u062c\\u0647\\u0648\\u062f\\u0643 \\u0627\\u0644\\u0635\\u063a\\u064a\\u0631 \\u0641\\u064a \\u062a\\u063a\\u064a\\u064a\\u0631 \\u0627\\u0644\\u062d\\u064a\\u0627\\u0629 \\u0627\\u0644\\u0645\\u062c\\u062a\\u0645\\u0639\\u064a\\u0629 \\u0627\\u0644\\u0643\\u0628\\u064a\\u0631\\u0629 \\u060c \\u0648\\u064a\\u062c\\u0628 \\u0623\\u0646 \\u0623\\u0634\\u0631\\u062d \\u0644\\u0643 \\u0643\\u064a\\u0641 \\u0648\\u0644\\u062f\\u062a \\u0643\\u0644 \\u0647\\u0630\\u0647 \\u0627\\u0644\\u0641\\u0643\\u0631\\u0629 \\u0627\\u0644\\u062e\\u0627\\u0637\\u0626\\u0629 \\u0627\\u0644\\u0645\\u062a\\u0645\\u062b\\u0644\\u0629 \\u0641\\u064a \\u0625\\u062f\\u0627\\u0646\\u0629 \\u0627\\u0644\\u0645\\u062a\\u0639\\u0629 \\u0648\\u0645\\u062f\\u062d \\u0627\\u0644\\u0623\\u0644\\u0645 \\u060c \\u0648\\u0633\\u0623\\u0642\\u062f\\u0645 \\u0644\\u0643 \\u0648\\u0635\\u0641\\u064b\\u0627 \\u0643\\u0627\\u0645\\u0644\\u0627\\u064b \\u0644\\u0644\\u0646\\u0638\\u0627\\u0645 \\u060c \\u0648\\u0623\\u0634\\u0631\\u062d \\u0644\\u0643 \\u062d\\u0642\\u064a\\u0642\\u0629 \\u0627\\u0644\\u0623\\u0645\\u0631. \\u064a\\u062c\\u0628 \\u0623\\u0646 \\u0623\\u0634\\u0631\\u062d \\u0644\\u0643 \\u0643\\u064a\\u0641 \\u0643\\u0644 \\u0647\\u0630\\u0647 \\u0627\\u0644\\u0641\\u0643\\u0631\\u0629 \\u0627\\u0644\\u062e\\u0627\\u0637\\u0626\\u0629 \\u0644\\u0644\\u062a\\u0646\\u062f\\u064a\\u062f \\u0628\\u0627\\u0644\\u0644\\u0630\\u0629. \\u0646\\u062d\\u0646 \\u0645\\u0645\\u062a\\u0646\\u0648\\u0646 \\u062c\\u062f\\u064b\\u0627 \\u0644\\u0643 \\u0639\\u0644\\u0649 \\u062a\\u0628\\u0631\\u0639\\u0643. \\u064a\\u0633\\u0627\\u0639\\u062f\\u0646\\u0627 \\u0645\\u062c\\u0647\\u0648\\u062f\\u0643 \\u0627\\u0644\\u0635\\u063a\\u064a\\u0631 \\u0641\\u064a \\u062a\\u063a\\u064a\\u064a\\u0631 \\u0627\\u0644\\u062d\\u064a\\u0627\\u0629 \\u0627\\u0644\\u0645\\u062c\\u062a\\u0645\\u0639\\u064a\\u0629 \\u0627\\u0644\\u0643\\u0628\\u064a\\u0631\\u0629 \\u060c \\u0648\\u064a\\u062c\\u0628 \\u0623\\u0646 \\u0623\\u0634\\u0631\\u062d \\u0644\\u0643 \\u0643\\u064a\\u0641 \\u0648\\u0644\\u062f\\u062a \\u0643\\u0644 \\u0647\\u0630\\u0647 \\u0627\\u0644\\u0641\\u0643\\u0631\\u0629 \\u0627\\u0644\\u062e\\u0627\\u0637\\u0626\\u0629 \\u0627\\u0644\\u0645\\u062a\\u0645\\u062b\\u0644\\u0629 \\u0641\\u064a \\u0625\\u062f\\u0627\\u0646\\u0629 \\u0627\\u0644\\u0645\\u062a\\u0639\\u0629 \\u0648\\u0645\\u062f\\u062d \\u0627\\u0644\\u0623\\u0644\\u0645 \\u060c \\u0648\\u0633\\u0623\\u0642\\u062f\\u0645 \\u0644\\u0643 \\u0648\\u0635\\u0641\\u064b\\u0627 \\u0643\\u0627\\u0645\\u0644\\u0627\\u064b \\u0644\\u0644\\u0646\\u0638\\u0627\\u0645 \\u060c \\u0648\\u0623\\u0634\\u0631\\u062d \\u0644\\u0643 \\u062d\\u0642\\u064a\\u0642\\u0629 \\u0627\\u0644\\u0623\\u0645\\u0631. \\u064a\\u062c\\u0628 \\u0623\\u0646 \\u0623\\u0634\\u0631\\u062d \\u0644\\u0643 \\u0643\\u064a\\u0641 \\u0643\\u0644 \\u0647\\u0630\\u0647 \\u0627\\u0644\\u0641\\u0643\\u0631\\u0629 \\u0627\\u0644\\u062e\\u0627\\u0637\\u0626\\u0629 \\u0644\\u0644\\u062a\\u0646\\u062f\\u064a\\u062f \\u0628\\u0627\\u0644\\u0644\\u0630\\u0629. \\u0646\\u062d\\u0646 \\u0645\\u0645\\u062a\\u0646\\u0648\\u0646 \\u062c\\u062f\\u064b\\u0627 \\u0644\\u0643 \\u0639\\u0644\\u0649 \\u062a\\u0628\\u0631\\u0639\\u0643. \\u064a\\u0633\\u0627\\u0639\\u062f\\u0646\\u0627 \\u0645\\u062c\\u0647\\u0648\\u062f\\u0643 \\u0627\\u0644\\u0635\\u063a\\u064a\\u0631 \\u0641\\u064a \\u062a\\u063a\\u064a\\u064a\\u0631 \\u0627\\u0644\\u062d\\u064a\\u0627\\u0629 \\u0627\\u0644\\u0645\\u062c\\u062a\\u0645\\u0639\\u064a\\u0629 \\u0627\\u0644\\u0643\\u0628\\u064a\\u0631\\u0629 \\u060c \\u0648\\u064a\\u062c\\u0628 \\u0623\\u0646 \\u0623\\u0634\\u0631\\u062d \\u0644\\u0643 \\u0643\\u064a\\u0641 \\u0648\\u0644\\u062f\\u062a \\u0643\\u0644 \\u0647\\u0630\\u0647 \\u0627\\u0644\\u0641\\u0643\\u0631\\u0629 \\u0627\\u0644\\u062e\\u0627\\u0637\\u0626\\u0629 \\u0627\\u0644\\u0645\\u062a\\u0645\\u062b\\u0644\\u0629 \\u0641\\u064a \\u0625\\u062f\\u0627\\u0646\\u0629 \\u0627\\u0644\\u0645\\u062a\\u0639\\u0629 \\u0648\\u0645\\u062f\\u062d \\u0627\\u0644\\u0623\\u0644\\u0645 \\u060c \\u0648\\u0633\\u0623\\u0642\\u062f\\u0645 \\u0644\\u0643 \\u0648\\u0635\\u0641\\u064b\\u0627 \\u0643\\u0627\\u0645\\u0644\\u0627\\u064b \\u0644\\u0644\\u0646\\u0638\\u0627\\u0645 \\u060c \\u0648\\u0623\\u0634\\u0631\\u062d \\u0644\\u0643 \\u062d\\u0642\\u064a\\u0642\\u0629 \\u0627\\u0644\\u0623\\u0645\\u0631. \\u064a\\u062c\\u0628 \\u0623\\u0646 \\u0623\\u0634\\u0631\\u062d \\u0644\\u0643 \\u0643\\u064a\\u0641 \\u0643\\u0644 \\u0647\\u0630\\u0647 \\u0627\\u0644\\u0641\\u0643\\u0631\\u0629 \\u0627\\u0644\\u062e\\u0627\\u0637\\u0626\\u0629 \\u0644\\u0644\\u062a\\u0646\\u062f\\u064a\\u062f \\u0628\\u0627\\u0644\\u0644\\u0630\\u0629. \\u0646\\u062d\\u0646 \\u0645\\u0645\\u062a\\u0646\\u0648\\u0646 \\u062c\\u062f\\u064b\\u0627 \\u0644\\u0643 \\u0639\\u0644\\u0649 \\u062a\\u0628\\u0631\\u0639\\u0643. \\u064a\\u0633\\u0627\\u0639\\u062f\\u0646\\u0627 \\u0645\\u062c\\u0647\\u0648\\u062f\\u0643 \\u0627\\u0644\\u0635\\u063a\\u064a\\u0631 \\u0641\\u064a \\u062a\\u063a\\u064a\\u064a\\u0631 \\u0627\\u0644\\u062d\\u064a\\u0627\\u0629 \\u0627\\u0644\\u0645\\u062c\\u062a\\u0645\\u0639\\u064a\\u0629 \\u0627\\u0644\\u0643\\u0628\\u064a\\u0631\\u0629 \\u060c \\u0648\\u064a\\u062c\\u0628 \\u0623\\u0646 \\u0623\\u0634\\u0631\\u062d \\u0644\\u0643 \\u0643\\u064a\\u0641 \\u0648\\u0644\\u062f\\u062a \\u0643\\u0644 \\u0647\\u0630\\u0647 \\u0627\\u0644\\u0641\\u0643\\u0631\\u0629 \\u0627\\u0644\\u062e\\u0627\\u0637\\u0626\\u0629 \\u0627\\u0644\\u0645\\u062a\\u0645\\u062b\\u0644\\u0629 \\u0641\\u064a \\u0625\\u062f\\u0627\\u0646\\u0629 \\u0627\\u0644\\u0645\\u062a\\u0639\\u0629 \\u0648\\u0645\\u062f\\u062d \\u0627\\u0644\\u0623\\u0644\\u0645 \\u060c \\u0648\\u0633\\u0623\\u0642\\u062f\\u0645 \\u0644\\u0643 \\u0648\\u0635\\u0641\\u064b\\u0627 \\u0643\\u0627\\u0645\\u0644\\u0627\\u064b \\u0644\\u0644\\u0646\\u0638\\u0627\\u0645 \\u060c \\u0648\\u0623\\u0634\\u0631\\u062d \\u0644\\u0643 \\u062d\\u0642\\u064a\\u0642\\u0629 \\u0627\\u0644\\u0623\\u0645\\u0631. \\u064a\\u062c\\u0628 \\u0623\\u0646 \\u0623\\u0634\\u0631\\u062d \\u0644\\u0643 \\u0643\\u064a\\u0641 \\u0643\\u0644 \\u0647\\u0630\\u0647 \\u0627\\u0644\\u0641\\u0643\\u0631\\u0629 \\u0627\\u0644\\u062e\\u0627\\u0637\\u0626\\u0629 \\u0644\\u0644\\u062a\\u0646\\u062f\\u064a\\u062f \\u0628\\u0627\\u0644\\u0644\\u0630\\u0629\",\"en_US\":\"We azbe very much greatful to you for your donation. Your little effort help us to change big community life I must explain to you how all this mistaken idea of denouncing pleen_USure and praising pain wen_US azbrn and I will give you a complete account of the system, and expound the actual teachings of the great explorer of the truth, the men_USter-builder of human happiness. No one rejects, dislikes, or avoids pleen_USure itself, beazbuse it is pleen_USure, but beazbuse those who do not know how to pursue pleen_USure rationally We azbe very much greatful to you for your donation. Your little effort help us to change big community life I must explain to you how all this mistaken idea of denouncing pleen_USure and praising pain wen_US azbrn and I will give you a complete account of the system, and expound the actual . I must explain to you how all this mistaken idea of denouncing pleen_USure . We azbe very much greatful to you for your donation. Your little effort help us to change big community life I must explain to you how all this mistaken idea of denouncing pleen_USure and praising pain wen_US azbrn and I will give you a complete account of the system, and expound the actual . I must explain to you how all this mistaken idea of denouncing pleen_USure . We azbe very much greatful to you for your donation. Your little effort help us to change big community life I must explain to you how all this mistaken idea of denouncing pleen_USure and praising pain wen_US azbrn and I will give you a complete account of the system, and expound the actual . I must explain to you how all this mistaken idea of denouncing pleen_USure . We azbe very much greatful to you for your donation. Your little effort help us to change big community life I must explain to you how all this mistaken idea of denouncing pleen_USure and praising pain wen_US azbrn and I will give you a complete account of the system, and expound the actual . I must explain to you how all this mistaken idea of denouncing pleen_USure\"}","amount":"73000","raised":null,"status":1,"image":"14","image_gallery":"13|15|12","slug":"my-justice-wishing-prudent-waiting-in-be","excerpt":"{\"en\":\"We are very much greatful to you for your donation. Your little effort help us to change big community life I must explain to you how all this mistaken idea of denouncing pleasure and praising pain\",\"en_US\":\"We are very much greatful to you for your donation. Your little effort help us to change big community life I must explain to you how all this mistaken idea of denouncing pleasure and praising pain\",\"ar\":\"u0646u062du0646 u0645u0645u062au0646u0648u0646 u062cu062fu064bu0627 u0644u0643 u0639u0644u0649 u062au0628u0631u0639u0643. u064au0633u0627u0639u062fu0646u0627 u0645u062cu0647u0648u062fu0643 u0627u0644u0635u063au064au0631 u0641u064a u062au063au064au064au0631 u0627u0644u062du064au0627u0629 u0627u0644u0645u062cu062au0645u0639u064au0629 u0627u0644u0643u0628u064au0631u0629 u060c u064au062cu0628 u0623u0646 u0623u0634u0631u062d u0644u0643 u0643u064au0641 u0643u0644 u0647u0630u0647 u0627u0644u0641u0643u0631u0629 u0627u0644u062eu0627u0637u0626u0629 u0627u0644u0645u062au0645u062bu0644u0629 u0641u064a u0627u0644u062au0646u062fu064au062f u0628u0627u0644u0645u062au0639u0629 u0648u062au0645u062cu064au062f u0627u0644u0623u0644u0645.\"}","creator_id":1,"created_by":"admin","category_id":3,"faq":"a:2:{s:5:\"title\";a:2:{i:0;s:27:\"One for all and all for one\";i:1;s:27:\"One for all and all for one\";}s:11:\"description\";a:2:{i:0;s:36:\"Your little effort help us to change\";i:1;s:36:\"Your little effort help us to change\";}}","deadline":"2023-01-19","popular":null,"views":0,"created_at":"2022-08-29 08:39:03","updated_at":"2023-04-11 12:04:16"},{"id":57,"title":"{\"en_US\":\"Talking justice welcome inquiry in stazbted\",\"azb\":\"\\u0628\\u0639\\u0642 \\u0644\\u0644\\u062a\\u0646\\u062f\\u064a\\u062f \\u0628\\u0627\\u0644\\u0644\\u0630\\u0629\"}","description":"{\"azb\":\"\\u0646\\u062d\\u0646 \\u0645\\u0645\\u062a\\u0646\\u0648\\u0646 \\u062c\\u062f\\u064b\\u0627 \\u0644\\u0643 \\u0639\\u0644\\u0649 \\u062a\\u0628\\u0631\\u0639\\u0643. \\u064a\\u0633\\u0627\\u0639\\u062f\\u0646\\u0627 \\u0645\\u062c\\u0647\\u0648\\u062f\\u0643 \\u0627\\u0644\\u0635\\u063a\\u064a\\u0631 \\u0641\\u064a \\u062a\\u063a\\u064a\\u064a\\u0631 \\u0627\\u0644\\u062d\\u064a\\u0627\\u0629 \\u0627\\u0644\\u0645\\u062c\\u062a\\u0645\\u0639\\u064a\\u0629 \\u0627\\u0644\\u0643\\u0628\\u064a\\u0631\\u0629 \\u060c \\u0648\\u064a\\u062c\\u0628 \\u0623\\u0646 \\u0623\\u0634\\u0631\\u062d \\u0644\\u0643 \\u0643\\u064a\\u0641 \\u0648\\u0644\\u062f\\u062a \\u0643\\u0644 \\u0647\\u0630\\u0647 \\u0627\\u0644\\u0641\\u0643\\u0631\\u0629 \\u0627\\u0644\\u062e\\u0627\\u0637\\u0626\\u0629 \\u0627\\u0644\\u0645\\u062a\\u0645\\u062b\\u0644\\u0629 \\u0641\\u064a \\u0625\\u062f\\u0627\\u0646\\u0629 \\u0627\\u0644\\u0645\\u062a\\u0639\\u0629 \\u0648\\u0645\\u062f\\u062d \\u0627\\u0644\\u0623\\u0644\\u0645 \\u060c \\u0648\\u0633\\u0623\\u0642\\u062f\\u0645 \\u0644\\u0643 \\u0648\\u0635\\u0641\\u064b\\u0627 \\u0643\\u0627\\u0645\\u0644\\u0627\\u064b \\u0644\\u0644\\u0646\\u0638\\u0627\\u0645 \\u060c \\u0648\\u0623\\u0634\\u0631\\u062d \\u0627\\u0644\\u062a\\u0639\\u0627\\u0644\\u064a\\u0645 \\u0627\\u0644\\u0641\\u0639\\u0644\\u064a\\u0629 \\u0644\\u0644\\u0645\\u0633\\u062a\\u0643\\u0634\\u0641 \\u0627\\u0644\\u0639\\u0638\\u064a\\u0645. \\u0627\\u0644\\u062d\\u0642\\u064a\\u0642\\u0629 \\u060c \\u0635\\u0627\\u0646\\u0639 \\u0627\\u0644\\u0633\\u0639\\u0627\\u062f\\u0629 \\u0627\\u0644\\u0628\\u0634\\u0631\\u064a\\u0629. \\u0644\\u0627 \\u0623\\u062d\\u062f \\u064a\\u0631\\u0641\\u0636 \\u0623\\u0648 \\u064a\\u0643\\u0631\\u0647 \\u0623\\u0648 \\u064a\\u062a\\u062c\\u0646\\u0628 \\u0627\\u0644\\u0645\\u062a\\u0639\\u0629 \\u0646\\u0641\\u0633\\u0647\\u0627 \\u060c \\u0644\\u0623\\u0646\\u0647\\u0627 \\u0645\\u062a\\u0639\\u0629 \\u060c \\u0648\\u0644\\u0643\\u0646 \\u0644\\u0623\\u0646 \\u0623\\u0648\\u0644\\u0626\\u0643 \\u0627\\u0644\\u0630\\u064a\\u0646 \\u0644\\u0627 \\u064a\\u0639\\u0631\\u0641\\u0648\\u0646 \\u0643\\u064a\\u0641 \\u064a\\u0633\\u0639\\u0648\\u0646 \\u0648\\u0631\\u0627\\u0621 \\u0627\\u0644\\u0645\\u062a\\u0639\\u0629 \\u0628\\u0639\\u0642\\u0644\\u0627\\u0646\\u064a\\u0629 \\u0646\\u062d\\u0646 \\u0645\\u0645\\u062a\\u0646\\u0648\\u0646 \\u062c\\u062f\\u064b\\u0627 \\u0644\\u0643 \\u0639\\u0644\\u0649 \\u062a\\u0628\\u0631\\u0639\\u0643. \\u064a\\u0633\\u0627\\u0639\\u062f\\u0646\\u0627 \\u0645\\u062c\\u0647\\u0648\\u062f\\u0643 \\u0627\\u0644\\u0635\\u063a\\u064a\\u0631 \\u0641\\u064a \\u062a\\u063a\\u064a\\u064a\\u0631 \\u0627\\u0644\\u062d\\u064a\\u0627\\u0629 \\u0627\\u0644\\u0645\\u062c\\u062a\\u0645\\u0639\\u064a\\u0629 \\u0627\\u0644\\u0643\\u0628\\u064a\\u0631\\u0629 \\u060c \\u0648\\u064a\\u062c\\u0628 \\u0623\\u0646 \\u0623\\u0634\\u0631\\u062d \\u0644\\u0643 \\u0643\\u064a\\u0641 \\u0648\\u0644\\u062f\\u062a \\u0643\\u0644 \\u0647\\u0630\\u0647 \\u0627\\u0644\\u0641\\u0643\\u0631\\u0629 \\u0627\\u0644\\u062e\\u0627\\u0637\\u0626\\u0629 \\u0627\\u0644\\u0645\\u062a\\u0645\\u062b\\u0644\\u0629 \\u0641\\u064a \\u0625\\u062f\\u0627\\u0646\\u0629 \\u0627\\u0644\\u0645\\u062a\\u0639\\u0629 \\u0648\\u0645\\u062f\\u062d \\u0627\\u0644\\u0623\\u0644\\u0645 \\u060c \\u0648\\u0633\\u0623\\u0642\\u062f\\u0645 \\u0644\\u0643 \\u0648\\u0635\\u0641\\u064b\\u0627 \\u0643\\u0627\\u0645\\u0644\\u0627\\u064b \\u0644\\u0644\\u0646\\u0638\\u0627\\u0645 \\u060c \\u0648\\u0623\\u0634\\u0631\\u062d \\u0644\\u0643 \\u062d\\u0642\\u064a\\u0642\\u0629 \\u0627\\u0644\\u0623\\u0645\\u0631. \\u064a\\u062c\\u0628 \\u0623\\u0646 \\u0623\\u0634\\u0631\\u062d \\u0644\\u0643 \\u0643\\u064a\\u0641 \\u0643\\u0644 \\u0647\\u0630\\u0647 \\u0627\\u0644\\u0641\\u0643\\u0631\\u0629 \\u0627\\u0644\\u062e\\u0627\\u0637\\u0626\\u0629 \\u0644\\u0644\\u062a\\u0646\\u062f\\u064a\\u062f \\u0628\\u0627\\u0644\\u0644\\u0630\\u0629. \\u0646\\u062d\\u0646 \\u0645\\u0645\\u062a\\u0646\\u0648\\u0646 \\u062c\\u062f\\u064b\\u0627 \\u0644\\u0643 \\u0639\\u0644\\u0649 \\u062a\\u0628\\u0631\\u0639\\u0643. \\u064a\\u0633\\u0627\\u0639\\u062f\\u0646\\u0627 \\u0645\\u062c\\u0647\\u0648\\u062f\\u0643 \\u0627\\u0644\\u0635\\u063a\\u064a\\u0631 \\u0641\\u064a \\u062a\\u063a\\u064a\\u064a\\u0631 \\u0627\\u0644\\u062d\\u064a\\u0627\\u0629 \\u0627\\u0644\\u0645\\u062c\\u062a\\u0645\\u0639\\u064a\\u0629 \\u0627\\u0644\\u0643\\u0628\\u064a\\u0631\\u0629 \\u060c \\u0648\\u064a\\u062c\\u0628 \\u0623\\u0646 \\u0623\\u0634\\u0631\\u062d \\u0644\\u0643 \\u0643\\u064a\\u0641 \\u0648\\u0644\\u062f\\u062a \\u0643\\u0644 \\u0647\\u0630\\u0647 \\u0627\\u0644\\u0641\\u0643\\u0631\\u0629 \\u0627\\u0644\\u062e\\u0627\\u0637\\u0626\\u0629 \\u0627\\u0644\\u0645\\u062a\\u0645\\u062b\\u0644\\u0629 \\u0641\\u064a \\u0625\\u062f\\u0627\\u0646\\u0629 \\u0627\\u0644\\u0645\\u062a\\u0639\\u0629 \\u0648\\u0645\\u062f\\u062d \\u0627\\u0644\\u0623\\u0644\\u0645 \\u060c \\u0648\\u0633\\u0623\\u0642\\u062f\\u0645 \\u0644\\u0643 \\u0648\\u0635\\u0641\\u064b\\u0627 \\u0643\\u0627\\u0645\\u0644\\u0627\\u064b \\u0644\\u0644\\u0646\\u0638\\u0627\\u0645 \\u060c \\u0648\\u0623\\u0634\\u0631\\u062d \\u0644\\u0643 \\u062d\\u0642\\u064a\\u0642\\u0629 \\u0627\\u0644\\u0623\\u0645\\u0631. \\u064a\\u062c\\u0628 \\u0623\\u0646 \\u0623\\u0634\\u0631\\u062d \\u0644\\u0643 \\u0643\\u064a\\u0641 \\u0643\\u0644 \\u0647\\u0630\\u0647 \\u0627\\u0644\\u0641\\u0643\\u0631\\u0629 \\u0627\\u0644\\u062e\\u0627\\u0637\\u0626\\u0629 \\u0644\\u0644\\u062a\\u0646\\u062f\\u064a\\u062f \\u0628\\u0627\\u0644\\u0644\\u0630\\u0629. \\u0646\\u062d\\u0646 \\u0645\\u0645\\u062a\\u0646\\u0648\\u0646 \\u062c\\u062f\\u064b\\u0627 \\u0644\\u0643 \\u0639\\u0644\\u0649 \\u062a\\u0628\\u0631\\u0639\\u0643. \\u064a\\u0633\\u0627\\u0639\\u062f\\u0646\\u0627 \\u0645\\u062c\\u0647\\u0648\\u062f\\u0643 \\u0627\\u0644\\u0635\\u063a\\u064a\\u0631 \\u0641\\u064a \\u062a\\u063a\\u064a\\u064a\\u0631 \\u0627\\u0644\\u062d\\u064a\\u0627\\u0629 \\u0627\\u0644\\u0645\\u062c\\u062a\\u0645\\u0639\\u064a\\u0629 \\u0627\\u0644\\u0643\\u0628\\u064a\\u0631\\u0629 \\u060c \\u0648\\u064a\\u062c\\u0628 \\u0623\\u0646 \\u0623\\u0634\\u0631\\u062d \\u0644\\u0643 \\u0643\\u064a\\u0641 \\u0648\\u0644\\u062f\\u062a \\u0643\\u0644 \\u0647\\u0630\\u0647 \\u0627\\u0644\\u0641\\u0643\\u0631\\u0629 \\u0627\\u0644\\u062e\\u0627\\u0637\\u0626\\u0629 \\u0627\\u0644\\u0645\\u062a\\u0645\\u062b\\u0644\\u0629 \\u0641\\u064a \\u0625\\u062f\\u0627\\u0646\\u0629 \\u0627\\u0644\\u0645\\u062a\\u0639\\u0629 \\u0648\\u0645\\u062f\\u062d \\u0627\\u0644\\u0623\\u0644\\u0645 \\u060c \\u0648\\u0633\\u0623\\u0642\\u062f\\u0645 \\u0644\\u0643 \\u0648\\u0635\\u0641\\u064b\\u0627 \\u0643\\u0627\\u0645\\u0644\\u0627\\u064b \\u0644\\u0644\\u0646\\u0638\\u0627\\u0645 \\u060c \\u0648\\u0623\\u0634\\u0631\\u062d \\u0644\\u0643 \\u062d\\u0642\\u064a\\u0642\\u0629 \\u0627\\u0644\\u0623\\u0645\\u0631. \\u064a\\u062c\\u0628 \\u0623\\u0646 \\u0623\\u0634\\u0631\\u062d \\u0644\\u0643 \\u0643\\u064a\\u0641 \\u0643\\u0644 \\u0647\\u0630\\u0647 \\u0627\\u0644\\u0641\\u0643\\u0631\\u0629 \\u0627\\u0644\\u062e\\u0627\\u0637\\u0626\\u0629 \\u0644\\u0644\\u062a\\u0646\\u062f\\u064a\\u062f \\u0628\\u0627\\u0644\\u0644\\u0630\\u0629. \\u0646\\u062d\\u0646 \\u0645\\u0645\\u062a\\u0646\\u0648\\u0646 \\u062c\\u062f\\u064b\\u0627 \\u0644\\u0643 \\u0639\\u0644\\u0649 \\u062a\\u0628\\u0631\\u0639\\u0643. \\u064a\\u0633\\u0627\\u0639\\u062f\\u0646\\u0627 \\u0645\\u062c\\u0647\\u0648\\u062f\\u0643 \\u0627\\u0644\\u0635\\u063a\\u064a\\u0631 \\u0641\\u064a \\u062a\\u063a\\u064a\\u064a\\u0631 \\u0627\\u0644\\u062d\\u064a\\u0627\\u0629 \\u0627\\u0644\\u0645\\u062c\\u062a\\u0645\\u0639\\u064a\\u0629 \\u0627\\u0644\\u0643\\u0628\\u064a\\u0631\\u0629 \\u060c \\u0648\\u064a\\u062c\\u0628 \\u0623\\u0646 \\u0623\\u0634\\u0631\\u062d \\u0644\\u0643 \\u0643\\u064a\\u0641 \\u0648\\u0644\\u062f\\u062a \\u0643\\u0644 \\u0647\\u0630\\u0647 \\u0627\\u0644\\u0641\\u0643\\u0631\\u0629 \\u0627\\u0644\\u062e\\u0627\\u0637\\u0626\\u0629 \\u0627\\u0644\\u0645\\u062a\\u0645\\u062b\\u0644\\u0629 \\u0641\\u064a \\u0625\\u062f\\u0627\\u0646\\u0629 \\u0627\\u0644\\u0645\\u062a\\u0639\\u0629 \\u0648\\u0645\\u062f\\u062d \\u0627\\u0644\\u0623\\u0644\\u0645 \\u060c \\u0648\\u0633\\u0623\\u0642\\u062f\\u0645 \\u0644\\u0643 \\u0648\\u0635\\u0641\\u064b\\u0627 \\u0643\\u0627\\u0645\\u0644\\u0627\\u064b \\u0644\\u0644\\u0646\\u0638\\u0627\\u0645 \\u060c \\u0648\\u0623\\u0634\\u0631\\u062d \\u0644\\u0643 \\u062d\\u0642\\u064a\\u0642\\u0629 \\u0627\\u0644\\u0623\\u0645\\u0631. \\u064a\\u062c\\u0628 \\u0623\\u0646 \\u0623\\u0634\\u0631\\u062d \\u0644\\u0643 \\u0643\\u064a\\u0641 \\u0643\\u0644 \\u0647\\u0630\\u0647 \\u0627\\u0644\\u0641\\u0643\\u0631\\u0629 \\u0627\\u0644\\u062e\\u0627\\u0637\\u0626\\u0629 \\u0644\\u0644\\u062a\\u0646\\u062f\\u064a\\u062f \\u0628\\u0627\\u0644\\u0644\\u0630\\u0629\",\"en_US\":\"We azbe very much greatful to you for your donation. Your little effort help us to change big community life I must explain to you how all this mistaken idea of denouncing pleen_USure and praising pain wen_US azbrn and I will give you a complete account of the system, and expound the actual teachings of the great explorer of the truth, the men_USter-builder of human happiness. No one rejects, dislikes, or avoids pleen_USure itself, beazbuse it is pleen_USure, but beazbuse those who do not know how to pursue pleen_USure rationally We azbe very much greatful to you for your donation. Your little effort help us to change big community life I must explain to you how all this mistaken idea of denouncing pleen_USure and praising pain wen_US azbrn and I will give you a complete account of the system, and expound the actual . I must explain to you how all this mistaken idea of denouncing pleen_USure . We azbe very much greatful to you for your donation. Your little effort help us to change big community life I must explain to you how all this mistaken idea of denouncing pleen_USure and praising pain wen_US azbrn and I will give you a complete account of the system, and expound the actual . I must explain to you how all this mistaken idea of denouncing pleen_USure . We azbe very much greatful to you for your donation. Your little effort help us to change big community life I must explain to you how all this mistaken idea of denouncing pleen_USure and praising pain wen_US azbrn and I will give you a complete account of the system, and expound the actual . I must explain to you how all this mistaken idea of denouncing pleen_USure . We azbe very much greatful to you for your donation. Your little effort help us to change big community life I must explain to you how all this mistaken idea of denouncing pleen_USure and praising pain wen_US azbrn and I will give you a complete account of the system, and expound the actual . I must explain to you how all this mistaken idea of denouncing pleen_USure\"}","amount":"63000","raised":null,"status":1,"image":"18","image_gallery":"13|15|12","slug":"talking-justice-welcome-inquiry-in-started","excerpt":"{\"en\":\"We are very much greatful to you for your donation. Your little effort help us to change big community life I must explain to you how all this mistaken idea of denouncing pleasure and praising pain\",\"en_US\":\"We are very much greatful to you for your donation. Your little effort help us to change big community life I must explain to you how all this mistaken idea of denouncing pleasure and praising pain\",\"ar\":\"u0646u062du0646 u0645u0645u062au0646u0648u0646 u062cu062fu064bu0627 u0644u0643 u0639u0644u0649 u062au0628u0631u0639u0643. u064au0633u0627u0639u062fu0646u0627 u0645u062cu0647u0648u062fu0643 u0627u0644u0635u063au064au0631 u0641u064a u062au063au064au064au0631 u0627u0644u062du064au0627u0629 u0627u0644u0645u062cu062au0645u0639u064au0629 u0627u0644u0643u0628u064au0631u0629 u060c u064au062cu0628 u0623u0646 u0623u0634u0631u062d u0644u0643 u0643u064au0641 u0643u0644 u0647u0630u0647 u0627u0644u0641u0643u0631u0629 u0627u0644u062eu0627u0637u0626u0629 u0627u0644u0645u062au0645u062bu0644u0629 u0641u064a u0627u0644u062au0646u062fu064au062f u0628u0627u0644u0645u062au0639u0629 u0648u062au0645u062cu064au062f u0627u0644u0623u0644u0645.\"}","creator_id":1,"created_by":"admin","category_id":5,"faq":"a:2:{s:5:\"title\";a:2:{i:0;s:27:\"One for all and all for one\";i:1;s:27:\"One for all and all for one\";}s:11:\"description\";a:2:{i:0;s:36:\"Your little effort help us to change\";i:1;s:36:\"Your little effort help us to change\";}}","deadline":"2024-01-08","popular":null,"views":21,"created_at":"2022-08-29 08:40:04","updated_at":"2023-04-11 12:04:16"},{"id":58,"title":"{\"en_US\":\"Led own heazbted highest visited len_USting sir through\",\"azb\":\" \\u0628\\u0639\\u0642 \\u0644\\u0644\\u062a\\u0646\\u062f\\u064a\\u062f \\u0628\\u0627\\u0644\\u0644\\u0630\\u0629\"}","description":"{\"en_US\":\"We azbe very much greatful to you for your donation. Your little effort help us to change big community life I must explain to you how all this mistaken idea of denouncing pleen_USure and praising pain wen_US azbrn and I will give you a complete account of the system, and expound the actual teachings of the great explorer of the truth, the men_USter-builder of human happiness. No one rejects, dislikes, or avoids pleen_USure itself, beazbuse it is pleen_USure, but beazbuse those who do not know how to pursue pleen_USure rationally We azbe very much greatful to you for your donation. Your little effort help us to change big community life I must explain to you how all this mistaken idea of denouncing pleen_USure and praising pain wen_US azbrn and I will give you a complete account of the system, and expound the actual . I must explain to you how all this mistaken idea of denouncing pleen_USure . We azbe very much greatful to you for your donation. Your little effort help us to change big community life I must explain to you how all this mistaken idea of denouncing pleen_USure and praising pain wen_US azbrn and I will give you a complete account of the system, and expound the actual . I must explain to you how all this mistaken idea of denouncing pleen_USure . We azbe very much greatful to you for your donation. Your little effort help us to change big community life I must explain to you how all this mistaken idea of denouncing pleen_USure and praising pain wen_US azbrn and I will give you a complete account of the system, and expound the actual . I must explain to you how all this mistaken idea of denouncing pleen_USure . We azbe very much greatful to you for your donation. Your little effort help us to change big community life I must explain to you how all this mistaken idea of denouncing pleen_USure and praising pain wen_US azbrn and I will give you a complete account of the system, and expound the actual . I must explain to you how all this mistaken idea of denouncing pleen_USure\"}","amount":"46500","raised":null,"status":1,"image":"23","image_gallery":null,"slug":"led-own-hearted-highest-visited-lasting-sir-through","excerpt":"{\"en\":\"We are very much greatful to you for your donation. Your little effort help us to change big community life I must explain to you how all this mistaken idea of denouncing pleasure and praising pain\",\"en_US\":\"We are very much greatful to you for your donation. Your little effort help us to change big community life I must explain to you how all this mistaken idea of denouncing pleasure and praising pain\",\"ar\":\"u0646u062du0646 u0645u0645u062au0646u0648u0646 u062cu062fu064bu0627 u0644u0643 u0639u0644u0649 u062au0628u0631u0639u0643. u064au0633u0627u0639u062fu0646u0627 u0645u062cu0647u0648u062fu0643 u0627u0644u0635u063au064au0631 u0641u064a u062au063au064au064au0631 u0627u0644u062du064au0627u0629 u0627u0644u0645u062cu062au0645u0639u064au0629 u0627u0644u0643u0628u064au0631u0629 u060c u064au062cu0628 u0623u0646 u0623u0634u0631u062d u0644u0643 u0643u064au0641 u0643u0644 u0647u0630u0647 u0627u0644u0641u0643u0631u0629 u0627u0644u062eu0627u0637u0626u0629 u0627u0644u0645u062au0645u062bu0644u0629 u0641u064a u0627u0644u062au0646u062fu064au062f u0628u0627u0644u0645u062au0639u0629 u0648u062au0645u062cu064au062f u0627u0644u0623u0644u0645.\"}","creator_id":1,"created_by":"admin","category_id":5,"faq":"a:2:{s:5:\"title\";a:2:{i:0;s:27:\"One for all and all for one\";i:1;s:27:\"One for all and all for one\";}s:11:\"description\";a:2:{i:0;s:36:\"Your little effort help us to change\";i:1;s:36:\"Your little effort help us to change\";}}","deadline":"2024-01-04","popular":null,"views":2,"created_at":"2022-08-29 08:41:20","updated_at":"2023-04-11 12:04:16"},{"id":59,"title":"{\"en_US\":\"Guest tiled he quick by so these trees am\",\"azb\":\"\\u0628\\u0639\\u0642 \\u0644\\u0644\\u062a\\u0646\\u062f\\u064a\\u062f \\u0628\\u0627\\u0644\\u0644\\u0630\\u0629\"}","description":"{\"azb\":\"\\u0646\\u062d\\u0646 \\u0645\\u0645\\u062a\\u0646\\u0648\\u0646 \\u062c\\u062f\\u064b\\u0627 \\u0644\\u0643 \\u0639\\u0644\\u0649 \\u062a\\u0628\\u0631\\u0639\\u0643. \\u064a\\u0633\\u0627\\u0639\\u062f\\u0646\\u0627 \\u0645\\u062c\\u0647\\u0648\\u062f\\u0643 \\u0627\\u0644\\u0635\\u063a\\u064a\\u0631 \\u0641\\u064a \\u062a\\u063a\\u064a\\u064a\\u0631 \\u0627\\u0644\\u062d\\u064a\\u0627\\u0629 \\u0627\\u0644\\u0645\\u062c\\u062a\\u0645\\u0639\\u064a\\u0629 \\u0627\\u0644\\u0643\\u0628\\u064a\\u0631\\u0629 \\u060c \\u0648\\u064a\\u062c\\u0628 \\u0623\\u0646 \\u0623\\u0634\\u0631\\u062d \\u0644\\u0643 \\u0643\\u064a\\u0641 \\u0648\\u0644\\u062f\\u062a \\u0643\\u0644 \\u0647\\u0630\\u0647 \\u0627\\u0644\\u0641\\u0643\\u0631\\u0629 \\u0627\\u0644\\u062e\\u0627\\u0637\\u0626\\u0629 \\u0627\\u0644\\u0645\\u062a\\u0645\\u062b\\u0644\\u0629 \\u0641\\u064a \\u0625\\u062f\\u0627\\u0646\\u0629 \\u0627\\u0644\\u0645\\u062a\\u0639\\u0629 \\u0648\\u0645\\u062f\\u062d \\u0627\\u0644\\u0623\\u0644\\u0645 \\u060c \\u0648\\u0633\\u0623\\u0642\\u062f\\u0645 \\u0644\\u0643 \\u0648\\u0635\\u0641\\u064b\\u0627 \\u0643\\u0627\\u0645\\u0644\\u0627\\u064b \\u0644\\u0644\\u0646\\u0638\\u0627\\u0645 \\u060c \\u0648\\u0623\\u0634\\u0631\\u062d \\u0627\\u0644\\u062a\\u0639\\u0627\\u0644\\u064a\\u0645 \\u0627\\u0644\\u0641\\u0639\\u0644\\u064a\\u0629 \\u0644\\u0644\\u0645\\u0633\\u062a\\u0643\\u0634\\u0641 \\u0627\\u0644\\u0639\\u0638\\u064a\\u0645. \\u0627\\u0644\\u062d\\u0642\\u064a\\u0642\\u0629 \\u060c \\u0635\\u0627\\u0646\\u0639 \\u0627\\u0644\\u0633\\u0639\\u0627\\u062f\\u0629 \\u0627\\u0644\\u0628\\u0634\\u0631\\u064a\\u0629. \\u0644\\u0627 \\u0623\\u062d\\u062f \\u064a\\u0631\\u0641\\u0636 \\u0623\\u0648 \\u064a\\u0643\\u0631\\u0647 \\u0623\\u0648 \\u064a\\u062a\\u062c\\u0646\\u0628 \\u0627\\u0644\\u0645\\u062a\\u0639\\u0629 \\u0646\\u0641\\u0633\\u0647\\u0627 \\u060c \\u0644\\u0623\\u0646\\u0647\\u0627 \\u0645\\u062a\\u0639\\u0629 \\u060c \\u0648\\u0644\\u0643\\u0646 \\u0644\\u0623\\u0646 \\u0623\\u0648\\u0644\\u0626\\u0643 \\u0627\\u0644\\u0630\\u064a\\u0646 \\u0644\\u0627 \\u064a\\u0639\\u0631\\u0641\\u0648\\u0646 \\u0643\\u064a\\u0641 \\u064a\\u0633\\u0639\\u0648\\u0646 \\u0648\\u0631\\u0627\\u0621 \\u0627\\u0644\\u0645\\u062a\\u0639\\u0629 \\u0628\\u0639\\u0642\\u0644\\u0627\\u0646\\u064a\\u0629 \\u0646\\u062d\\u0646 \\u0645\\u0645\\u062a\\u0646\\u0648\\u0646 \\u062c\\u062f\\u064b\\u0627 \\u0644\\u0643 \\u0639\\u0644\\u0649 \\u062a\\u0628\\u0631\\u0639\\u0643. \\u064a\\u0633\\u0627\\u0639\\u062f\\u0646\\u0627 \\u0645\\u062c\\u0647\\u0648\\u062f\\u0643 \\u0627\\u0644\\u0635\\u063a\\u064a\\u0631 \\u0641\\u064a \\u062a\\u063a\\u064a\\u064a\\u0631 \\u0627\\u0644\\u062d\\u064a\\u0627\\u0629 \\u0627\\u0644\\u0645\\u062c\\u062a\\u0645\\u0639\\u064a\\u0629 \\u0627\\u0644\\u0643\\u0628\\u064a\\u0631\\u0629 \\u060c \\u0648\\u064a\\u062c\\u0628 \\u0623\\u0646 \\u0623\\u0634\\u0631\\u062d \\u0644\\u0643 \\u0643\\u064a\\u0641 \\u0648\\u0644\\u062f\\u062a \\u0643\\u0644 \\u0647\\u0630\\u0647 \\u0627\\u0644\\u0641\\u0643\\u0631\\u0629 \\u0627\\u0644\\u062e\\u0627\\u0637\\u0626\\u0629 \\u0627\\u0644\\u0645\\u062a\\u0645\\u062b\\u0644\\u0629 \\u0641\\u064a \\u0625\\u062f\\u0627\\u0646\\u0629 \\u0627\\u0644\\u0645\\u062a\\u0639\\u0629 \\u0648\\u0645\\u062f\\u062d \\u0627\\u0644\\u0623\\u0644\\u0645 \\u060c \\u0648\\u0633\\u0623\\u0642\\u062f\\u0645 \\u0644\\u0643 \\u0648\\u0635\\u0641\\u064b\\u0627 \\u0643\\u0627\\u0645\\u0644\\u0627\\u064b \\u0644\\u0644\\u0646\\u0638\\u0627\\u0645 \\u060c \\u0648\\u0623\\u0634\\u0631\\u062d \\u0644\\u0643 \\u062d\\u0642\\u064a\\u0642\\u0629 \\u0627\\u0644\\u0623\\u0645\\u0631. \\u064a\\u062c\\u0628 \\u0623\\u0646 \\u0623\\u0634\\u0631\\u062d \\u0644\\u0643 \\u0643\\u064a\\u0641 \\u0643\\u0644 \\u0647\\u0630\\u0647 \\u0627\\u0644\\u0641\\u0643\\u0631\\u0629 \\u0627\\u0644\\u062e\\u0627\\u0637\\u0626\\u0629 \\u0644\\u0644\\u062a\\u0646\\u062f\\u064a\\u062f \\u0628\\u0627\\u0644\\u0644\\u0630\\u0629. \\u0646\\u062d\\u0646 \\u0645\\u0645\\u062a\\u0646\\u0648\\u0646 \\u062c\\u062f\\u064b\\u0627 \\u0644\\u0643 \\u0639\\u0644\\u0649 \\u062a\\u0628\\u0631\\u0639\\u0643. \\u064a\\u0633\\u0627\\u0639\\u062f\\u0646\\u0627 \\u0645\\u062c\\u0647\\u0648\\u062f\\u0643 \\u0627\\u0644\\u0635\\u063a\\u064a\\u0631 \\u0641\\u064a \\u062a\\u063a\\u064a\\u064a\\u0631 \\u0627\\u0644\\u062d\\u064a\\u0627\\u0629 \\u0627\\u0644\\u0645\\u062c\\u062a\\u0645\\u0639\\u064a\\u0629 \\u0627\\u0644\\u0643\\u0628\\u064a\\u0631\\u0629 \\u060c \\u0648\\u064a\\u062c\\u0628 \\u0623\\u0646 \\u0623\\u0634\\u0631\\u062d \\u0644\\u0643 \\u0643\\u064a\\u0641 \\u0648\\u0644\\u062f\\u062a \\u0643\\u0644 \\u0647\\u0630\\u0647 \\u0627\\u0644\\u0641\\u0643\\u0631\\u0629 \\u0627\\u0644\\u062e\\u0627\\u0637\\u0626\\u0629 \\u0627\\u0644\\u0645\\u062a\\u0645\\u062b\\u0644\\u0629 \\u0641\\u064a \\u0625\\u062f\\u0627\\u0646\\u0629 \\u0627\\u0644\\u0645\\u062a\\u0639\\u0629 \\u0648\\u0645\\u062f\\u062d \\u0627\\u0644\\u0623\\u0644\\u0645 \\u060c \\u0648\\u0633\\u0623\\u0642\\u062f\\u0645 \\u0644\\u0643 \\u0648\\u0635\\u0641\\u064b\\u0627 \\u0643\\u0627\\u0645\\u0644\\u0627\\u064b \\u0644\\u0644\\u0646\\u0638\\u0627\\u0645 \\u060c \\u0648\\u0623\\u0634\\u0631\\u062d \\u0644\\u0643 \\u062d\\u0642\\u064a\\u0642\\u0629 \\u0627\\u0644\\u0623\\u0645\\u0631. \\u064a\\u062c\\u0628 \\u0623\\u0646 \\u0623\\u0634\\u0631\\u062d \\u0644\\u0643 \\u0643\\u064a\\u0641 \\u0643\\u0644 \\u0647\\u0630\\u0647 \\u0627\\u0644\\u0641\\u0643\\u0631\\u0629 \\u0627\\u0644\\u062e\\u0627\\u0637\\u0626\\u0629 \\u0644\\u0644\\u062a\\u0646\\u062f\\u064a\\u062f \\u0628\\u0627\\u0644\\u0644\\u0630\\u0629. \\u0646\\u062d\\u0646 \\u0645\\u0645\\u062a\\u0646\\u0648\\u0646 \\u062c\\u062f\\u064b\\u0627 \\u0644\\u0643 \\u0639\\u0644\\u0649 \\u062a\\u0628\\u0631\\u0639\\u0643. \\u064a\\u0633\\u0627\\u0639\\u062f\\u0646\\u0627 \\u0645\\u062c\\u0647\\u0648\\u062f\\u0643 \\u0627\\u0644\\u0635\\u063a\\u064a\\u0631 \\u0641\\u064a \\u062a\\u063a\\u064a\\u064a\\u0631 \\u0627\\u0644\\u062d\\u064a\\u0627\\u0629 \\u0627\\u0644\\u0645\\u062c\\u062a\\u0645\\u0639\\u064a\\u0629 \\u0627\\u0644\\u0643\\u0628\\u064a\\u0631\\u0629 \\u060c \\u0648\\u064a\\u062c\\u0628 \\u0623\\u0646 \\u0623\\u0634\\u0631\\u062d \\u0644\\u0643 \\u0643\\u064a\\u0641 \\u0648\\u0644\\u062f\\u062a \\u0643\\u0644 \\u0647\\u0630\\u0647 \\u0627\\u0644\\u0641\\u0643\\u0631\\u0629 \\u0627\\u0644\\u062e\\u0627\\u0637\\u0626\\u0629 \\u0627\\u0644\\u0645\\u062a\\u0645\\u062b\\u0644\\u0629 \\u0641\\u064a \\u0625\\u062f\\u0627\\u0646\\u0629 \\u0627\\u0644\\u0645\\u062a\\u0639\\u0629 \\u0648\\u0645\\u062f\\u062d \\u0627\\u0644\\u0623\\u0644\\u0645 \\u060c \\u0648\\u0633\\u0623\\u0642\\u062f\\u0645 \\u0644\\u0643 \\u0648\\u0635\\u0641\\u064b\\u0627 \\u0643\\u0627\\u0645\\u0644\\u0627\\u064b \\u0644\\u0644\\u0646\\u0638\\u0627\\u0645 \\u060c \\u0648\\u0623\\u0634\\u0631\\u062d \\u0644\\u0643 \\u062d\\u0642\\u064a\\u0642\\u0629 \\u0627\\u0644\\u0623\\u0645\\u0631. \\u064a\\u062c\\u0628 \\u0623\\u0646 \\u0623\\u0634\\u0631\\u062d \\u0644\\u0643 \\u0643\\u064a\\u0641 \\u0643\\u0644 \\u0647\\u0630\\u0647 \\u0627\\u0644\\u0641\\u0643\\u0631\\u0629 \\u0627\\u0644\\u062e\\u0627\\u0637\\u0626\\u0629 \\u0644\\u0644\\u062a\\u0646\\u062f\\u064a\\u062f \\u0628\\u0627\\u0644\\u0644\\u0630\\u0629. \\u0646\\u062d\\u0646 \\u0645\\u0645\\u062a\\u0646\\u0648\\u0646 \\u062c\\u062f\\u064b\\u0627 \\u0644\\u0643 \\u0639\\u0644\\u0649 \\u062a\\u0628\\u0631\\u0639\\u0643. \\u064a\\u0633\\u0627\\u0639\\u062f\\u0646\\u0627 \\u0645\\u062c\\u0647\\u0648\\u062f\\u0643 \\u0627\\u0644\\u0635\\u063a\\u064a\\u0631 \\u0641\\u064a \\u062a\\u063a\\u064a\\u064a\\u0631 \\u0627\\u0644\\u062d\\u064a\\u0627\\u0629 \\u0627\\u0644\\u0645\\u062c\\u062a\\u0645\\u0639\\u064a\\u0629 \\u0627\\u0644\\u0643\\u0628\\u064a\\u0631\\u0629 \\u060c \\u0648\\u064a\\u062c\\u0628 \\u0623\\u0646 \\u0623\\u0634\\u0631\\u062d \\u0644\\u0643 \\u0643\\u064a\\u0641 \\u0648\\u0644\\u062f\\u062a \\u0643\\u0644 \\u0647\\u0630\\u0647 \\u0627\\u0644\\u0641\\u0643\\u0631\\u0629 \\u0627\\u0644\\u062e\\u0627\\u0637\\u0626\\u0629 \\u0627\\u0644\\u0645\\u062a\\u0645\\u062b\\u0644\\u0629 \\u0641\\u064a \\u0625\\u062f\\u0627\\u0646\\u0629 \\u0627\\u0644\\u0645\\u062a\\u0639\\u0629 \\u0648\\u0645\\u062f\\u062d \\u0627\\u0644\\u0623\\u0644\\u0645 \\u060c \\u0648\\u0633\\u0623\\u0642\\u062f\\u0645 \\u0644\\u0643 \\u0648\\u0635\\u0641\\u064b\\u0627 \\u0643\\u0627\\u0645\\u0644\\u0627\\u064b \\u0644\\u0644\\u0646\\u0638\\u0627\\u0645 \\u060c \\u0648\\u0623\\u0634\\u0631\\u062d \\u0644\\u0643 \\u062d\\u0642\\u064a\\u0642\\u0629 \\u0627\\u0644\\u0623\\u0645\\u0631. \\u064a\\u062c\\u0628 \\u0623\\u0646 \\u0623\\u0634\\u0631\\u062d \\u0644\\u0643 \\u0643\\u064a\\u0641 \\u0643\\u0644 \\u0647\\u0630\\u0647 \\u0627\\u0644\\u0641\\u0643\\u0631\\u0629 \\u0627\\u0644\\u062e\\u0627\\u0637\\u0626\\u0629 \\u0644\\u0644\\u062a\\u0646\\u062f\\u064a\\u062f \\u0628\\u0627\\u0644\\u0644\\u0630\\u0629\",\"en_US\":\"We azbe very much greatful to you for your donation. Your little effort help us to change big community life I must explain to you how all this mistaken idea of denouncing pleen_USure and praising pain wen_US azbrn and I will give you a complete account of the system, and expound the actual teachings of the great explorer of the truth, the men_USter-builder of human happiness. No one rejects, dislikes, or avoids pleen_USure itself, beazbuse it is pleen_USure, but beazbuse those who do not know how to pursue pleen_USure rationally We azbe very much greatful to you for your donation. Your little effort help us to change big community life I must explain to you how all this mistaken idea of denouncing pleen_USure and praising pain wen_US azbrn and I will give you a complete account of the system, and expound the actual . I must explain to you how all this mistaken idea of denouncing pleen_USure . We azbe very much greatful to you for your donation. Your little effort help us to change big community life I must explain to you how all this mistaken idea of denouncing pleen_USure and praising pain wen_US azbrn and I will give you a complete account of the system, and expound the actual . I must explain to you how all this mistaken idea of denouncing pleen_USure . We azbe very much greatful to you for your donation. Your little effort help us to change big community life I must explain to you how all this mistaken idea of denouncing pleen_USure and praising pain wen_US azbrn and I will give you a complete account of the system, and expound the actual . I must explain to you how all this mistaken idea of denouncing pleen_USure . We azbe very much greatful to you for your donation. Your little effort help us to change big community life I must explain to you how all this mistaken idea of denouncing pleen_USure and praising pain wen_US azbrn and I will give you a complete account of the system, and expound the actual . I must explain to you how all this mistaken idea of denouncing pleen_USure\"}","amount":"24000","raised":null,"status":1,"image":"16","image_gallery":null,"slug":"guest-tiled-he-quick-by-so-these-trees-am","excerpt":"{\"en\":\"We are very much greatful to you for your donation. Your little effort help us to change big community life I must explain to you how all this mistaken idea of denouncing pleasure and praising pain\",\"en_US\":\"We are very much greatful to you for your donation. Your little effort help us to change big community life I must explain to you how all this mistaken idea of denouncing pleasure and praising pain\",\"ar\":\"u0646u062du0646 u0645u0645u062au0646u0648u0646 u062cu062fu064bu0627 u0644u0643 u0639u0644u0649 u062au0628u0631u0639u0643. u064au0633u0627u0639u062fu0646u0627 u0645u062cu0647u0648u062fu0643 u0627u0644u0635u063au064au0631 u0641u064a u062au063au064au064au0631 u0627u0644u062du064au0627u0629 u0627u0644u0645u062cu062au0645u0639u064au0629 u0627u0644u0643u0628u064au0631u0629 u060c u064au062cu0628 u0623u0646 u0623u0634u0631u062d u0644u0643 u0643u064au0641 u0643u0644 u0647u0630u0647 u0627u0644u0641u0643u0631u0629 u0627u0644u062eu0627u0637u0626u0629 u0627u0644u0645u062au0645u062bu0644u0629 u0641u064a u0627u0644u062au0646u062fu064au062f u0628u0627u0644u0645u062au0639u0629 u0648u062au0645u062cu064au062f u0627u0644u0623u0644u0645.\"}","creator_id":1,"created_by":"admin","category_id":5,"faq":"a:2:{s:5:\"title\";a:1:{i:0;N;}s:11:\"description\";a:1:{i:0;N;}}","deadline":"2024-01-10","popular":null,"views":0,"created_at":"2022-08-29 08:42:23","updated_at":"2023-04-11 12:04:16"},{"id":60,"title":"{\"en_US\":\"Sepazbate families my on drawings do oh offended\",\"azb\":\"\\u0628\\u0639\\u0642 \\u0644\\u0644\\u062a\\u0646\\u062f\\u064a\\u062f \\u0628\\u0627\\u0644\\u0644\\u0630\\u0629\"}","description":"{\"azb\":\"\\u0646\\u062d\\u0646 \\u0645\\u0645\\u062a\\u0646\\u0648\\u0646 \\u062c\\u062f\\u064b\\u0627 \\u0644\\u0643 \\u0639\\u0644\\u0649 \\u062a\\u0628\\u0631\\u0639\\u0643. \\u064a\\u0633\\u0627\\u0639\\u062f\\u0646\\u0627 \\u0645\\u062c\\u0647\\u0648\\u062f\\u0643 \\u0627\\u0644\\u0635\\u063a\\u064a\\u0631 \\u0641\\u064a \\u062a\\u063a\\u064a\\u064a\\u0631 \\u0627\\u0644\\u062d\\u064a\\u0627\\u0629 \\u0627\\u0644\\u0645\\u062c\\u062a\\u0645\\u0639\\u064a\\u0629 \\u0627\\u0644\\u0643\\u0628\\u064a\\u0631\\u0629 \\u060c \\u0648\\u064a\\u062c\\u0628 \\u0623\\u0646 \\u0623\\u0634\\u0631\\u062d \\u0644\\u0643 \\u0643\\u064a\\u0641 \\u0648\\u0644\\u062f\\u062a \\u0643\\u0644 \\u0647\\u0630\\u0647 \\u0627\\u0644\\u0641\\u0643\\u0631\\u0629 \\u0627\\u0644\\u062e\\u0627\\u0637\\u0626\\u0629 \\u0627\\u0644\\u0645\\u062a\\u0645\\u062b\\u0644\\u0629 \\u0641\\u064a \\u0625\\u062f\\u0627\\u0646\\u0629 \\u0627\\u0644\\u0645\\u062a\\u0639\\u0629 \\u0648\\u0645\\u062f\\u062d \\u0627\\u0644\\u0623\\u0644\\u0645 \\u060c \\u0648\\u0633\\u0623\\u0642\\u062f\\u0645 \\u0644\\u0643 \\u0648\\u0635\\u0641\\u064b\\u0627 \\u0643\\u0627\\u0645\\u0644\\u0627\\u064b \\u0644\\u0644\\u0646\\u0638\\u0627\\u0645 \\u060c \\u0648\\u0623\\u0634\\u0631\\u062d \\u0627\\u0644\\u062a\\u0639\\u0627\\u0644\\u064a\\u0645 \\u0627\\u0644\\u0641\\u0639\\u0644\\u064a\\u0629 \\u0644\\u0644\\u0645\\u0633\\u062a\\u0643\\u0634\\u0641 \\u0627\\u0644\\u0639\\u0638\\u064a\\u0645. \\u0627\\u0644\\u062d\\u0642\\u064a\\u0642\\u0629 \\u060c \\u0635\\u0627\\u0646\\u0639 \\u0627\\u0644\\u0633\\u0639\\u0627\\u062f\\u0629 \\u0627\\u0644\\u0628\\u0634\\u0631\\u064a\\u0629. \\u0644\\u0627 \\u0623\\u062d\\u062f \\u064a\\u0631\\u0641\\u0636 \\u0623\\u0648 \\u064a\\u0643\\u0631\\u0647 \\u0623\\u0648 \\u064a\\u062a\\u062c\\u0646\\u0628 \\u0627\\u0644\\u0645\\u062a\\u0639\\u0629 \\u0646\\u0641\\u0633\\u0647\\u0627 \\u060c \\u0644\\u0623\\u0646\\u0647\\u0627 \\u0645\\u062a\\u0639\\u0629 \\u060c \\u0648\\u0644\\u0643\\u0646 \\u0644\\u0623\\u0646 \\u0623\\u0648\\u0644\\u0626\\u0643 \\u0627\\u0644\\u0630\\u064a\\u0646 \\u0644\\u0627 \\u064a\\u0639\\u0631\\u0641\\u0648\\u0646 \\u0643\\u064a\\u0641 \\u064a\\u0633\\u0639\\u0648\\u0646 \\u0648\\u0631\\u0627\\u0621 \\u0627\\u0644\\u0645\\u062a\\u0639\\u0629 \\u0628\\u0639\\u0642\\u0644\\u0627\\u0646\\u064a\\u0629 \\u0646\\u062d\\u0646 \\u0645\\u0645\\u062a\\u0646\\u0648\\u0646 \\u062c\\u062f\\u064b\\u0627 \\u0644\\u0643 \\u0639\\u0644\\u0649 \\u062a\\u0628\\u0631\\u0639\\u0643. \\u064a\\u0633\\u0627\\u0639\\u062f\\u0646\\u0627 \\u0645\\u062c\\u0647\\u0648\\u062f\\u0643 \\u0627\\u0644\\u0635\\u063a\\u064a\\u0631 \\u0641\\u064a \\u062a\\u063a\\u064a\\u064a\\u0631 \\u0627\\u0644\\u062d\\u064a\\u0627\\u0629 \\u0627\\u0644\\u0645\\u062c\\u062a\\u0645\\u0639\\u064a\\u0629 \\u0627\\u0644\\u0643\\u0628\\u064a\\u0631\\u0629 \\u060c \\u0648\\u064a\\u062c\\u0628 \\u0623\\u0646 \\u0623\\u0634\\u0631\\u062d \\u0644\\u0643 \\u0643\\u064a\\u0641 \\u0648\\u0644\\u062f\\u062a \\u0643\\u0644 \\u0647\\u0630\\u0647 \\u0627\\u0644\\u0641\\u0643\\u0631\\u0629 \\u0627\\u0644\\u062e\\u0627\\u0637\\u0626\\u0629 \\u0627\\u0644\\u0645\\u062a\\u0645\\u062b\\u0644\\u0629 \\u0641\\u064a \\u0625\\u062f\\u0627\\u0646\\u0629 \\u0627\\u0644\\u0645\\u062a\\u0639\\u0629 \\u0648\\u0645\\u062f\\u062d \\u0627\\u0644\\u0623\\u0644\\u0645 \\u060c \\u0648\\u0633\\u0623\\u0642\\u062f\\u0645 \\u0644\\u0643 \\u0648\\u0635\\u0641\\u064b\\u0627 \\u0643\\u0627\\u0645\\u0644\\u0627\\u064b \\u0644\\u0644\\u0646\\u0638\\u0627\\u0645 \\u060c \\u0648\\u0623\\u0634\\u0631\\u062d \\u0644\\u0643 \\u062d\\u0642\\u064a\\u0642\\u0629 \\u0627\\u0644\\u0623\\u0645\\u0631. \\u064a\\u062c\\u0628 \\u0623\\u0646 \\u0623\\u0634\\u0631\\u062d \\u0644\\u0643 \\u0643\\u064a\\u0641 \\u0643\\u0644 \\u0647\\u0630\\u0647 \\u0627\\u0644\\u0641\\u0643\\u0631\\u0629 \\u0627\\u0644\\u062e\\u0627\\u0637\\u0626\\u0629 \\u0644\\u0644\\u062a\\u0646\\u062f\\u064a\\u062f \\u0628\\u0627\\u0644\\u0644\\u0630\\u0629. \\u0646\\u062d\\u0646 \\u0645\\u0645\\u062a\\u0646\\u0648\\u0646 \\u062c\\u062f\\u064b\\u0627 \\u0644\\u0643 \\u0639\\u0644\\u0649 \\u062a\\u0628\\u0631\\u0639\\u0643. \\u064a\\u0633\\u0627\\u0639\\u062f\\u0646\\u0627 \\u0645\\u062c\\u0647\\u0648\\u062f\\u0643 \\u0627\\u0644\\u0635\\u063a\\u064a\\u0631 \\u0641\\u064a \\u062a\\u063a\\u064a\\u064a\\u0631 \\u0627\\u0644\\u062d\\u064a\\u0627\\u0629 \\u0627\\u0644\\u0645\\u062c\\u062a\\u0645\\u0639\\u064a\\u0629 \\u0627\\u0644\\u0643\\u0628\\u064a\\u0631\\u0629 \\u060c \\u0648\\u064a\\u062c\\u0628 \\u0623\\u0646 \\u0623\\u0634\\u0631\\u062d \\u0644\\u0643 \\u0643\\u064a\\u0641 \\u0648\\u0644\\u062f\\u062a \\u0643\\u0644 \\u0647\\u0630\\u0647 \\u0627\\u0644\\u0641\\u0643\\u0631\\u0629 \\u0627\\u0644\\u062e\\u0627\\u0637\\u0626\\u0629 \\u0627\\u0644\\u0645\\u062a\\u0645\\u062b\\u0644\\u0629 \\u0641\\u064a \\u0625\\u062f\\u0627\\u0646\\u0629 \\u0627\\u0644\\u0645\\u062a\\u0639\\u0629 \\u0648\\u0645\\u062f\\u062d \\u0627\\u0644\\u0623\\u0644\\u0645 \\u060c \\u0648\\u0633\\u0623\\u0642\\u062f\\u0645 \\u0644\\u0643 \\u0648\\u0635\\u0641\\u064b\\u0627 \\u0643\\u0627\\u0645\\u0644\\u0627\\u064b \\u0644\\u0644\\u0646\\u0638\\u0627\\u0645 \\u060c \\u0648\\u0623\\u0634\\u0631\\u062d \\u0644\\u0643 \\u062d\\u0642\\u064a\\u0642\\u0629 \\u0627\\u0644\\u0623\\u0645\\u0631. \\u064a\\u062c\\u0628 \\u0623\\u0646 \\u0623\\u0634\\u0631\\u062d \\u0644\\u0643 \\u0643\\u064a\\u0641 \\u0643\\u0644 \\u0647\\u0630\\u0647 \\u0627\\u0644\\u0641\\u0643\\u0631\\u0629 \\u0627\\u0644\\u062e\\u0627\\u0637\\u0626\\u0629 \\u0644\\u0644\\u062a\\u0646\\u062f\\u064a\\u062f \\u0628\\u0627\\u0644\\u0644\\u0630\\u0629. \\u0646\\u062d\\u0646 \\u0645\\u0645\\u062a\\u0646\\u0648\\u0646 \\u062c\\u062f\\u064b\\u0627 \\u0644\\u0643 \\u0639\\u0644\\u0649 \\u062a\\u0628\\u0631\\u0639\\u0643. \\u064a\\u0633\\u0627\\u0639\\u062f\\u0646\\u0627 \\u0645\\u062c\\u0647\\u0648\\u062f\\u0643 \\u0627\\u0644\\u0635\\u063a\\u064a\\u0631 \\u0641\\u064a \\u062a\\u063a\\u064a\\u064a\\u0631 \\u0627\\u0644\\u062d\\u064a\\u0627\\u0629 \\u0627\\u0644\\u0645\\u062c\\u062a\\u0645\\u0639\\u064a\\u0629 \\u0627\\u0644\\u0643\\u0628\\u064a\\u0631\\u0629 \\u060c \\u0648\\u064a\\u062c\\u0628 \\u0623\\u0646 \\u0623\\u0634\\u0631\\u062d \\u0644\\u0643 \\u0643\\u064a\\u0641 \\u0648\\u0644\\u062f\\u062a \\u0643\\u0644 \\u0647\\u0630\\u0647 \\u0627\\u0644\\u0641\\u0643\\u0631\\u0629 \\u0627\\u0644\\u062e\\u0627\\u0637\\u0626\\u0629 \\u0627\\u0644\\u0645\\u062a\\u0645\\u062b\\u0644\\u0629 \\u0641\\u064a \\u0625\\u062f\\u0627\\u0646\\u0629 \\u0627\\u0644\\u0645\\u062a\\u0639\\u0629 \\u0648\\u0645\\u062f\\u062d \\u0627\\u0644\\u0623\\u0644\\u0645 \\u060c \\u0648\\u0633\\u0623\\u0642\\u062f\\u0645 \\u0644\\u0643 \\u0648\\u0635\\u0641\\u064b\\u0627 \\u0643\\u0627\\u0645\\u0644\\u0627\\u064b \\u0644\\u0644\\u0646\\u0638\\u0627\\u0645 \\u060c \\u0648\\u0623\\u0634\\u0631\\u062d \\u0644\\u0643 \\u062d\\u0642\\u064a\\u0642\\u0629 \\u0627\\u0644\\u0623\\u0645\\u0631. \\u064a\\u062c\\u0628 \\u0623\\u0646 \\u0623\\u0634\\u0631\\u062d \\u0644\\u0643 \\u0643\\u064a\\u0641 \\u0643\\u0644 \\u0647\\u0630\\u0647 \\u0627\\u0644\\u0641\\u0643\\u0631\\u0629 \\u0627\\u0644\\u062e\\u0627\\u0637\\u0626\\u0629 \\u0644\\u0644\\u062a\\u0646\\u062f\\u064a\\u062f \\u0628\\u0627\\u0644\\u0644\\u0630\\u0629. \\u0646\\u062d\\u0646 \\u0645\\u0645\\u062a\\u0646\\u0648\\u0646 \\u062c\\u062f\\u064b\\u0627 \\u0644\\u0643 \\u0639\\u0644\\u0649 \\u062a\\u0628\\u0631\\u0639\\u0643. \\u064a\\u0633\\u0627\\u0639\\u062f\\u0646\\u0627 \\u0645\\u062c\\u0647\\u0648\\u062f\\u0643 \\u0627\\u0644\\u0635\\u063a\\u064a\\u0631 \\u0641\\u064a \\u062a\\u063a\\u064a\\u064a\\u0631 \\u0627\\u0644\\u062d\\u064a\\u0627\\u0629 \\u0627\\u0644\\u0645\\u062c\\u062a\\u0645\\u0639\\u064a\\u0629 \\u0627\\u0644\\u0643\\u0628\\u064a\\u0631\\u0629 \\u060c \\u0648\\u064a\\u062c\\u0628 \\u0623\\u0646 \\u0623\\u0634\\u0631\\u062d \\u0644\\u0643 \\u0643\\u064a\\u0641 \\u0648\\u0644\\u062f\\u062a \\u0643\\u0644 \\u0647\\u0630\\u0647 \\u0627\\u0644\\u0641\\u0643\\u0631\\u0629 \\u0627\\u0644\\u062e\\u0627\\u0637\\u0626\\u0629 \\u0627\\u0644\\u0645\\u062a\\u0645\\u062b\\u0644\\u0629 \\u0641\\u064a \\u0625\\u062f\\u0627\\u0646\\u0629 \\u0627\\u0644\\u0645\\u062a\\u0639\\u0629 \\u0648\\u0645\\u062f\\u062d \\u0627\\u0644\\u0623\\u0644\\u0645 \\u060c \\u0648\\u0633\\u0623\\u0642\\u062f\\u0645 \\u0644\\u0643 \\u0648\\u0635\\u0641\\u064b\\u0627 \\u0643\\u0627\\u0645\\u0644\\u0627\\u064b \\u0644\\u0644\\u0646\\u0638\\u0627\\u0645 \\u060c \\u0648\\u0623\\u0634\\u0631\\u062d \\u0644\\u0643 \\u062d\\u0642\\u064a\\u0642\\u0629 \\u0627\\u0644\\u0623\\u0645\\u0631. \\u064a\\u062c\\u0628 \\u0623\\u0646 \\u0623\\u0634\\u0631\\u062d \\u0644\\u0643 \\u0643\\u064a\\u0641 \\u0643\\u0644 \\u0647\\u0630\\u0647 \\u0627\\u0644\\u0641\\u0643\\u0631\\u0629 \\u0627\\u0644\\u062e\\u0627\\u0637\\u0626\\u0629 \\u0644\\u0644\\u062a\\u0646\\u062f\\u064a\\u062f \\u0628\\u0627\\u0644\\u0644\\u0630\\u0629\",\"en_US\":\"We azbe very much greatful to you for your donation. Your little effort help us to change big community life I must explain to you how all this mistaken idea of denouncing pleen_USure and praising pain wen_US azbrn and I will give you a complete account of the system, and expound the actual teachings of the great explorer of the truth, the men_USter-builder of human happiness. No one rejects, dislikes, or avoids pleen_USure itself, beazbuse it is pleen_USure, but beazbuse those who do not know how to pursue pleen_USure rationally We azbe very much greatful to you for your donation. Your little effort help us to change big community life I must explain to you how all this mistaken idea of denouncing pleen_USure and praising pain wen_US azbrn and I will give you a complete account of the system, and expound the actual . I must explain to you how all this mistaken idea of denouncing pleen_USure . We azbe very much greatful to you for your donation. Your little effort help us to change big community life I must explain to you how all this mistaken idea of denouncing pleen_USure and praising pain wen_US azbrn and I will give you a complete account of the system, and expound the actual . I must explain to you how all this mistaken idea of denouncing pleen_USure . We azbe very much greatful to you for your donation. Your little effort help us to change big community life I must explain to you how all this mistaken idea of denouncing pleen_USure and praising pain wen_US azbrn and I will give you a complete account of the system, and expound the actual . I must explain to you how all this mistaken idea of denouncing pleen_USure . We azbe very much greatful to you for your donation. Your little effort help us to change big community life I must explain to you how all this mistaken idea of denouncing pleen_USure and praising pain wen_US azbrn and I will give you a complete account of the system, and expound the actual . I must explain to you how all this mistaken idea of denouncing pleen_USure\"}","amount":"5200","raised":null,"status":1,"image":"21","image_gallery":null,"slug":"questions-am-sincerity-zealously-concluded","excerpt":"{\"en\":\"We are very much greatful to you for your donation. Your little effort help us to change big community life I must explain to you how all this mistaken idea of denouncing pleasure and praising pain\",\"en_US\":\"We are very much greatful to you for your donation. Your little effort help us to change big community life I must explain to you how all this mistaken idea of denouncing pleasure and praising pain\",\"ar\":\"u0646u062du0646 u0645u0645u062au0646u0648u0646 u062cu062fu064bu0627 u0644u0643 u0639u0644u0649 u062au0628u0631u0639u0643. u064au0633u0627u0639u062fu0646u0627 u0645u062cu0647u0648u062fu0643 u0627u0644u0635u063au064au0631 u0641u064a u062au063au064au064au0631 u0627u0644u062du064au0627u0629 u0627u0644u0645u062cu062au0645u0639u064au0629 u0627u0644u0643u0628u064au0631u0629 u060c u064au062cu0628 u0623u0646 u0623u0634u0631u062d u0644u0643 u0643u064au0641 u0643u0644 u0647u0630u0647 u0627u0644u0641u0643u0631u0629 u0627u0644u062eu0627u0637u0626u0629 u0627u0644u0645u062au0645u062bu0644u0629 u0641u064a u0627u0644u062au0646u062fu064au062f u0628u0627u0644u0645u062au0639u0629 u0648u062au0645u062cu064au062f u0627u0644u0623u0644u0645.\"}","creator_id":1,"created_by":"admin","category_id":5,"faq":"a:2:{s:5:\"title\";a:1:{i:0;s:3:\"dff\";}s:11:\"description\";a:1:{i:0;s:3:\"ddd\";}}","deadline":"2024-01-10","popular":"on","views":1,"created_at":"2022-08-29 08:43:34","updated_at":"2023-04-11 12:04:16"}]}