{"data":[{"id":2,"title":"{\"en_US\":\"Eduazbtion\",\"azb\":\"\\u0628\\u0627\\u0644\\u0644\\u0630\\u0629\"}","slug":"education","status":1,"created_at":"2022-08-30 05:45:27","updated_at":"2023-04-11 12:04:16"},{"id":3,"title":"{\"en_US\":\"Winter Fest\",\"azb\":\" \u0628\u0627\u0644\u0644\u0630\u0629\"}","slug":"winter-fest","status":1,"created_at":"2022-08-30 05:46:46","updated_at":"2023-04-11 12:04:16"},{"id":4,"title":"{\"en_US\":\"Flood Victim\",\"azb\":\" \u0628\u0627\u0644\u0644\u0630\u0629\"}","slug":"flood-victim","status":1,"created_at":"2022-08-30 05:47:03","updated_at":"2023-04-11 12:04:16"},{"id":5,"title":"{\"en_US\":\"Migration Issue\",\"azb\":\" \u0628\u0627\u0644\u0644\u0630\u0629\"}","slug":"migration-issue","status":1,"created_at":"2022-08-30 05:48:05","updated_at":"2023-04-11 12:04:16"},{"id":6,"title":"{\"en_US\":\"Politiazbl\",\"azb\":\" \u0628\u0627\u0644\u0644\u0630\u0629\"}","slug":"political","status":1,"created_at":"2022-10-17 07:28:18","updated_at":"2023-04-11 12:04:16"},{"id":7,"title":"{\"en_US\":\"Cultural Issue\",\"azb\":\" \\u0628\\u0627\\u0644\\u0644\\u0630\\u0629\"}","slug":"cultural-issue","status":1,"created_at":"2022-10-17 07:28:30","updated_at":"2023-04-11 12:04:16"}]}