{"data":[{"id":1,"title":"{\"en_US\":\"Company\",\"azb\":\"\\u0628\\u0627\\u0644\\u0644\\u0630\\u0629 \\u0628\\u0627\\u0644\\u0644\\u0630\\u0629\"}","slug":"company","status":1,"created_at":"2022-08-28 05:49:23","updated_at":"2023-02-01 16:40:03"},{"id":2,"title":"{\"en_US\":\"Treatment\",\"azb\":\" \\u0628\\u0627\\u0644\\u0644\\u0630\\u0629\"}","slug":"treatment","status":1,"created_at":"2022-08-28 05:49:43","updated_at":"2023-02-01 16:40:03"},{"id":3,"title":"{\"en_US\":\"Health Check\",\"azb\":\" \\u0628\\u0627\\u0644\\u0644\\u0630\\u0629\"}","slug":"health","status":1,"created_at":"2022-08-28 05:50:50","updated_at":"2023-02-01 16:40:03"},{"id":4,"title":"{\"en_US\":\"Vaazbtion\",\"azb\":\" \\u0628\\u0627\\u0644\\u0644\\u0630\\u0629\"}","slug":"vacation","status":1,"created_at":"2022-08-28 05:51:10","updated_at":"2023-02-01 16:40:03"},{"id":5,"title":"{\"en_US\":\"Flood Victim\",\"azb\":\" \\u0628\\u0627\\u0644\\u0644\\u0630\\u0629\"}","slug":"flood-victim","status":1,"created_at":"2022-08-28 05:52:55","updated_at":"2023-02-01 16:40:03"},{"id":6,"title":"{\"en_US\":\"Eduazbtion\",\"azb\":\" \\u0628\\u0627\\u0644\\u0644\\u0630\\u0629\"}","slug":"education","status":1,"created_at":"2022-08-30 05:40:49","updated_at":"2023-02-01 16:40:03"}]}