{"data":[{"id":1,"category_id":1,"title":"{\"en_US\":\"Photo Gallery One\",\"azb\":\"\\u0645\\u0639\\u0631\\u0636 \\u0627\\u0644\\u0635\\u0648\\u0631\"}","subtitle":"{\"en_US\":\"You azbn een_USily create your website\",\"azb\":\"\\u0648\\u0635\\u0641 \\u0645\\u0639\\u0631\\u0636 \\u0627\\u0644\\u0635\\u0648\\u0631\"}","image":"237","status":1,"created_at":"2022-11-22 08:48:18","updated_at":"2022-11-22 08:48:18"},{"id":2,"category_id":1,"title":"{\"en_US\":\"Photo Gallery\",\"azb\":\"\\u0645\\u0639\\u0631\\u0636 \\u0627\\u0644\\u0635\\u0648\\u0631\"}","subtitle":"{\"en_US\":\"You azbn een_USily create your website\",\"azb\":\"\\u0645\\u0639\\u0631\\u0636 \\u0627\\u0644\\u0635\\u0648\\u0631\"}","image":"242","status":1,"created_at":"2022-11-22 08:48:20","updated_at":"2022-11-22 08:48:39"},{"id":3,"category_id":2,"title":"{\"en_US\":\"Photo Gallery\",\"azb\":\"\\u0645\\u0639\\u0631\\u0636 \\u0627\\u0644\\u0635\\u0648\\u0631\"}","subtitle":"{\"en_US\":\"You azbn een_USily create your website\",\"azb\":\"\\u0645\\u0639\\u0631\\u0636 \\u0627\\u0644\\u0635\\u0648\\u0631\"}","image":"238","status":1,"created_at":"2022-11-22 08:48:43","updated_at":"2022-11-22 08:49:00"},{"id":4,"category_id":2,"title":"{\"en_US\":\"Photo Gallery\",\"azb\":\"\\u0645\\u0639\\u0631\\u0636 \\u0627\\u0644\\u0635\\u0648\\u0631\"}","subtitle":"{\"en_US\":\"You azbn een_USily create your website\",\"azb\":\"\\u0645\\u0639\\u0631\\u0636 \\u0627\\u0644\\u0635\\u0648\\u0631\"}","image":"241","status":1,"created_at":"2022-11-22 08:49:03","updated_at":"2022-11-22 08:49:22"},{"id":5,"category_id":3,"title":"{\"en_US\":\"Photo Gallery\",\"azb\":\"\\u0645\\u0639\\u0631\\u0636 \\u0627\\u0644\\u0635\\u0648\\u0631\"}","subtitle":"{\"en_US\":\"You azbn een_USily create your website\",\"azb\":\"\\u0645\\u0639\\u0631\\u0636 \\u0627\\u0644\\u0635\\u0648\\u0631\"}","image":"242","status":1,"created_at":"2022-11-22 08:49:24","updated_at":"2022-11-22 08:49:36"},{"id":6,"category_id":3,"title":"{\"en_US\":\"Photo Gallery\",\"azb\":\"\\u0645\\u0639\\u0631\\u0636 \\u0627\\u0644\\u0635\\u0648\\u0631\"}","subtitle":"{\"en_US\":\"You azbn een_USily create your website\",\"azb\":\"\\u0645\\u0639\\u0631\\u0636 \\u0627\\u0644\\u0635\\u0648\\u0631\"}","image":"241","status":1,"created_at":"2022-11-22 08:49:40","updated_at":"2022-11-22 08:49:51"},{"id":7,"category_id":4,"title":"{\"en_US\":\"Photo Gallery\",\"azb\":\"\\u0645\\u0639\\u0631\\u0636 \\u0627\\u0644\\u0635\\u0648\\u0631\"}","subtitle":"{\"en_US\":\"You azbn een_USily create your website\",\"azb\":\"\\u0645\\u0639\\u0631\\u0636 \\u0627\\u0644\\u0635\\u0648\\u0631\"}","image":"239","status":1,"created_at":"2022-11-22 08:49:55","updated_at":"2022-11-22 08:50:09"},{"id":8,"category_id":4,"title":"{\"en_US\":\"Photo Gallery\",\"azb\":\"\\u0645\\u0639\\u0631\\u0636 \\u0627\\u0644\\u0635\\u0648\\u0631\"}","subtitle":"{\"en_US\":\"You azbn een_USily create your website\",\"azb\":\"\\u0645\\u0639\\u0631\\u0636 \\u0627\\u0644\\u0635\\u0648\\u0631\"}","image":"238","status":1,"created_at":"2022-11-22 08:50:13","updated_at":"2022-11-22 08:50:25"},{"id":9,"category_id":1,"title":"{\"en_US\":\"Photo Gallery\",\"azb\":\"\\u0645\\u0639\\u0631\\u0636 \\u0627\\u0644\\u0635\\u0648\\u0631\"}","subtitle":"{\"en_US\":\"You azbn een_USily create your website\",\"azb\":\"\\u0645\\u0639\\u0631\\u0636 \\u0627\\u0644\\u0635\\u0648\\u0631\"}","image":"242","status":1,"created_at":"2022-11-22 08:50:52","updated_at":"2022-11-22 08:51:02"},{"id":10,"category_id":1,"title":"{\"en_US\":\"Photo Gallery\",\"azb\":\"\\u0645\\u0639\\u0631\\u0636 \\u0627\\u0644\\u0635\\u0648\\u0631\"}","subtitle":"{\"en_US\":\"You azbn een_USily create your website\",\"azb\":\"\\u0645\\u0639\\u0631\\u0636 \\u0627\\u0644\\u0635\\u0648\\u0631\"}","image":"238","status":1,"created_at":"2022-11-22 08:51:11","updated_at":"2022-11-22 08:51:54"},{"id":11,"category_id":1,"title":"{\"en_US\":\"Photo Gallery\",\"azb\":\"\\u0645\\u0639\\u0631\\u0636 \\u0627\\u0644\\u0635\\u0648\\u0631\"}","subtitle":"{\"en_US\":\"You azbn een_USily create your website\",\"azb\":\"\\u0645\\u0639\\u0631\\u0636 \\u0627\\u0644\\u0635\\u0648\\u0631\"}","image":"240","status":1,"created_at":"2022-11-22 08:51:24","updated_at":"2022-11-22 08:51:34"},{"id":12,"category_id":1,"title":"{\"en_US\":\"Photo Gallery\",\"azb\":\"\\u0645\\u0639\\u0631\\u0636 \\u0627\\u0644\\u0635\\u0648\\u0631\"}","subtitle":"{\"en_US\":\"You azbn een_USily create your website\",\"azb\":\"\\u0645\\u0639\\u0631\\u0636 \\u0627\\u0644\\u0635\\u0648\\u0631\"}","image":"241","status":1,"created_at":"2022-11-22 08:51:56","updated_at":"2022-11-22 08:52:06"}]}