{"data":[{"id":1,"title":"{\"en_US\":\"Office\",\"azb\":\"\\u0645\\u0643\\u062a\\u0628\"}","status":1,"created_at":"2022-11-22 08:45:48","updated_at":"2022-11-22 08:45:48"},{"id":2,"title":"{\"en_US\":\"Meeting\",\"azb\":\"\\u0645\\u0642\\u0627\\u0628\\u0644\\u0629\"}","status":1,"created_at":"2022-11-22 08:46:04","updated_at":"2022-11-22 08:46:04"},{"id":3,"title":"{\"en_US\":\"Interior\",\"azb\":\"\\u0627\\u0644\\u062f\\u0627\\u062e\\u0644\\u064a\\u0629\"}","status":1,"created_at":"2022-11-22 08:46:09","updated_at":"2022-11-22 08:46:09"},{"id":4,"title":"{\"en_US\":\"Workshop\",\"azb\":\"\\u0648\\u0631\\u0634\\u0629 \\u0639\\u0645\\u0644\"}","status":1,"created_at":"2022-11-22 08:46:17","updated_at":"2022-11-22 08:46:17"}]}