{"data":[{"id":1,"title":"{\"en_US\":\"General\",\"azb\":\" \\u0628\\u0627\\u0644\\u0644\\u0630\\u0629\"}","status":1,"created_at":"2022-10-12 05:19:19","updated_at":"2023-04-17 09:17:27"},{"id":2,"title":"{\"en_US\":\"Cleaning\",\"azb\":\" \\u0628\\u0627\\u0644\\u0644\\u0630\\u0629\"}","status":1,"created_at":"2022-10-12 05:19:30","updated_at":"2023-04-17 09:17:27"},{"id":3,"title":"{\"en_US\":\"painting\",\"azb\":\" \\u0628\\u0627\\u0644\\u0644\\u0630\\u0629\"}","status":1,"created_at":"2022-10-12 05:20:13","updated_at":"2023-04-17 09:17:27"},{"id":4,"title":"{\"en_US\":\"House Cleaning\",\"azb\":\" \\u0628\\u0627\\u0644\\u0644\\u0630\\u0629\"}","status":1,"created_at":"2022-10-12 05:20:21","updated_at":"2023-04-17 09:17:27"},{"id":5,"title":"{\"en_US\":\"Baby Sitter\",\"azb\":\" \\u0628\\u0627\\u0644\\u0644\\u0630\\u0629\"}","status":1,"created_at":"2022-10-12 05:20:34","updated_at":"2023-04-17 09:17:27"},{"id":6,"title":"{\"en_US\":\"Noursing\",\"azb\":\" \\u0628\\u0627\\u0644\\u0644\\u0630\\u0629\"}","status":1,"created_at":"2022-10-12 05:20:39","updated_at":"2023-04-17 09:17:27"},{"id":7,"title":"{\"en_US\":\"Consultancy\",\"azb\":\" \\u0628\\u0627\\u0644\\u0644\\u0630\\u0629\"}","status":1,"created_at":"2023-01-31 10:23:35","updated_at":"2023-04-17 09:17:27"},{"id":8,"title":"{\"en_US\":\"Softwazbe\",\"azb\":\" \\u0628\\u0627\\u0644\\u0644\\u0630\\u0629\"}","status":1,"created_at":"2023-02-22 12:16:42","updated_at":"2023-04-17 09:17:27"}]}