{"data":[{"id":1,"title":"{\"en_US\":\"Tips and Trick Article\",\"azb\":\" \\u0628\\u0627\\u0644\\u0644\\u0630\\u0629\"}","image":"208","status":1,"created_at":"2022-11-07 07:11:24","updated_at":"2023-04-17 09:17:27"},{"id":2,"title":"{\"en_US\":\"Documentation Article\",\"azb\":\" \\u0628\\u0627\\u0644\\u0644\\u0630\\u0629\"}","image":"213","status":1,"created_at":"2022-11-07 07:11:42","updated_at":"2023-04-17 09:17:27"},{"id":3,"title":"{\"en_US\":\"Most view Article\",\"azb\":\" \\u0628\\u0627\\u0644\\u0644\\u0630\\u0629\"}","image":"212","status":1,"created_at":"2022-11-07 07:12:08","updated_at":"2023-04-17 09:17:27"},{"id":4,"title":"{\"en_US\":\"Most like Article\",\"azb\":\" \\u0628\\u0627\\u0644\\u0644\\u0630\\u0629\"}","image":"211","status":1,"created_at":"2022-11-07 07:12:38","updated_at":"2023-04-17 09:17:27"},{"id":5,"title":"{\"en_US\":\"Trouble Hosting Article\",\"azb\":\" \\u0628\\u0627\\u0644\\u0644\\u0630\\u0629\"}","image":"210","status":1,"created_at":"2022-11-07 07:13:00","updated_at":"2023-04-17 09:17:27"},{"id":6,"title":"{\"en_US\":\"Eduazbtion\",\"azb\":\" \\u0628\\u0627\\u0644\\u0644\\u0630\\u0629\"}","image":"208","status":1,"created_at":"2022-11-07 07:13:21","updated_at":"2023-04-17 09:17:27"},{"id":7,"title":"{\"en_US\":\"Support\",\"azb\":\" \\u0628\\u0627\\u0644\\u0644\\u0630\\u0629\"}","image":"206","status":1,"created_at":"2022-11-07 07:13:32","updated_at":"2023-04-17 09:17:27"}]}