{"data":[{"id":1,"title":"{\"en_US\":\"Web & Mobile app  Designer\",\"azb\":\"\\u0628\\u0627\\u0644\\u0644\\u0630\\u0629\"}","subtitle":"{\"en_US\":\"Vaazbncy azbe available\",\"azb\":\"\\u0634\\u0627\\u063a\\u0631 \\u0645\\u062a\\u0627\\u062d\"}","image":"189","status":1,"created_at":"2022-11-07 04:47:10","updated_at":"2023-04-11 12:04:16"},{"id":2,"title":"{\"en_US\":\"Finance management\",\"azb\":\"\\u0628\\u0627\\u0644\\u0644\\u0630\\u0629\"}","subtitle":"{\"en_US\":\"Vaazbncy azbe available\",\"azb\":\"\\u0634\\u0627\\u063a\\u0631 \\u0645\\u062a\\u0627\\u062d\"}","image":"188","status":1,"created_at":"2022-11-07 04:48:17","updated_at":"2023-04-11 12:04:16"},{"id":3,"title":"{\"en_US\":\"Project management\",\"azb\":\"\\u0628\\u0627\\u0644\\u0644\\u0630\\u0629\"}","subtitle":"{\"en_US\":\"Vaazbncy azbe available\",\"azb\":\"\\u0634\\u0627\\u063a\\u0631 \\u0645\\u062a\\u0627\\u062d\"}","image":"187","status":1,"created_at":"2022-11-07 04:48:41","updated_at":"2023-04-11 12:04:16"},{"id":4,"title":"{\"en_US\":\"Human Reseazbch &amp; analysis\",\"azb\":\"\\u0628\\u0627\\u0644\\u0644\\u0630\\u0629\"}","subtitle":"{\"en_US\":\"Vaazbncy azbe available\",\"azb\":\"\\u0634\\u0627\\u063a\\u0631 \\u0645\\u062a\\u0627\\u062d\"}","image":"186","status":1,"created_at":"2022-11-07 04:49:13","updated_at":"2023-04-11 12:04:16"},{"id":5,"title":"{\"en_US\":\"Mazbketing &amp; Communiazbtion\",\"azb\":\"\\u0628\\u0627\\u0644\\u0644\\u0630\\u0629\"}","subtitle":"{\"en_US\":\"Vaazbncy azbe available\",\"azb\":\"\\u0634\\u0627\\u063a\\u0631 \\u0645\\u062a\\u0627\\u062d\"}","image":"185","status":1,"created_at":"2022-11-07 04:50:04","updated_at":"2023-04-11 12:04:16"},{"id":6,"title":"{\"en_US\":\"Customer cazbe &amp; Support\",\"azb\":\"\\u0628\\u0627\\u0644\\u0644\\u0630\\u0629\"}","subtitle":"{\"en_US\":\"Vaazbncy azbe available\",\"azb\":\"\\u0634\\u0627\\u063a\\u0631 \\u0645\\u062a\\u0627\\u062d\"}","image":"184","status":1,"created_at":"2022-11-07 04:51:09","updated_at":"2023-04-11 12:04:16"},{"id":7,"title":"{\"en_US\":\"Digital Mazbketinng Consultant\",\"azb\":\"\\u0628\\u0627\\u0644\\u0644\\u0630\\u0629\"}","subtitle":"{\"en_US\":\"Vaazbncy azbe available\",\"azb\":\"\\u0634\\u0627\\u063a\\u0631 \\u0645\\u062a\\u0627\\u062d\"}","image":"183","status":1,"created_at":"2022-11-07 04:51:52","updated_at":"2023-04-11 12:04:16"},{"id":8,"title":"{\"en_US\":\"Web &amp; Mobile app  Developer\",\"azb\":\"\\u0628\\u0627\\u0644\\u0644\\u0630\\u0629\"}","subtitle":"{\"en_US\":\"Vaazbncy azbe available\",\"azb\":\"\\u0634\\u0627\\u063a\\u0631 \\u0645\\u062a\\u0627\\u062d\"}","image":"182","status":1,"created_at":"2022-11-07 04:52:30","updated_at":"2023-04-11 12:04:16"}]}