{"data":[{"id":1,"category_id":1,"title":"{\"en_US\":\"Font end developer\",\"azb\":\"\\u0628\\u0639\\u0642 \\u0644\\u0644\\u062a\\u0646\\u062f\\u064a\\u062f \\u0628\\u0627\\u0644\\u0644\\u0630\\u0629\"}","slug":"font-end-developer-1","description":"{\"en_US\":\"We azbe very much greatful to you for your donation. Your little effort help us to change big community life I must explain to you how all this mistaken idea of denouncing pleen_USure and praising pain wen_US azbrn and I will give you a complete account of the system, and expound the actual teachings of the great explorer of the truth, the men_USter-builder of human happiness. No one rejects, dislikes, or avoids pleen_USure itself, beazbuse it is pleen_USure, but beazbuse those who do not know how to pursue pleen_USure rationally We azbe very much greatful to you for your donation. Your little effort help us to change big community life I must explain to you how all this mistaken idea of denouncing pleen_USure and praising pain wen_US azbrn and I will give you a complete account of the system, and expound the actual . I must explain to you how all this mistaken idea of denouncing pleen_USure . We azbe very much greatful to you for your donation. Your little effort help us to change big community life I must explain to you how all this mistaken idea of denouncing pleen_USure and praising pain wen_US azbrn and I will give you a complete account of the system, and expound the actual . I must explain to you how all this mistaken idea of denouncing pleen_USure . We azbe very much greatful to you for your donation. Your little effort help us to change big community life I must explain to you how all this mistaken idea of denouncing pleen_USure and praising pain wen_US azbrn and I will give you a complete account of the system, and expound the actual . I must explain to you how all this mistaken idea of denouncing pleen_USure . We azbe very much greatful to you for your donation. Your little effort help us to change big community life I must explain to you how all this mistaken idea of denouncing pleen_USure and praising pain wen_US azbrn and I will give you a complete account of the system, and expound the actual . I must explain to you how all this mistaken idea of denouncing pleen_USure\",\"azb\":\"\\u0646\\u062d\\u0646 \\u0645\\u0645\\u062a\\u0646\\u0648\\u0646 \\u062c\\u062f\\u064b\\u0627 \\u0644\\u0643 \\u0639\\u0644\\u0649 \\u062a\\u0628\\u0631\\u0639\\u0643. \\u064a\\u0633\\u0627\\u0639\\u062f\\u0646\\u0627 \\u0645\\u062c\\u0647\\u0648\\u062f\\u0643 \\u0627\\u0644\\u0635\\u063a\\u064a\\u0631 \\u0641\\u064a \\u062a\\u063a\\u064a\\u064a\\u0631 \\u0627\\u0644\\u062d\\u064a\\u0627\\u0629 \\u0627\\u0644\\u0645\\u062c\\u062a\\u0645\\u0639\\u064a\\u0629 \\u0627\\u0644\\u0643\\u0628\\u064a\\u0631\\u0629 \\u060c \\u0648\\u064a\\u062c\\u0628 \\u0623\\u0646 \\u0623\\u0634\\u0631\\u062d \\u0644\\u0643 \\u0643\\u064a\\u0641 \\u0648\\u0644\\u062f\\u062a \\u0643\\u0644 \\u0647\\u0630\\u0647 \\u0627\\u0644\\u0641\\u0643\\u0631\\u0629 \\u0627\\u0644\\u062e\\u0627\\u0637\\u0626\\u0629 \\u0627\\u0644\\u0645\\u062a\\u0645\\u062b\\u0644\\u0629 \\u0641\\u064a \\u0625\\u062f\\u0627\\u0646\\u0629 \\u0627\\u0644\\u0645\\u062a\\u0639\\u0629 \\u0648\\u0645\\u062f\\u062d \\u0627\\u0644\\u0623\\u0644\\u0645 \\u060c \\u0648\\u0633\\u0623\\u0642\\u062f\\u0645 \\u0644\\u0643 \\u0648\\u0635\\u0641\\u064b\\u0627 \\u0643\\u0627\\u0645\\u0644\\u0627\\u064b \\u0644\\u0644\\u0646\\u0638\\u0627\\u0645 \\u060c \\u0648\\u0623\\u0634\\u0631\\u062d \\u0627\\u0644\\u062a\\u0639\\u0627\\u0644\\u064a\\u0645 \\u0627\\u0644\\u0641\\u0639\\u0644\\u064a\\u0629 \\u0644\\u0644\\u0645\\u0633\\u062a\\u0643\\u0634\\u0641 \\u0627\\u0644\\u0639\\u0638\\u064a\\u0645. \\u0627\\u0644\\u062d\\u0642\\u064a\\u0642\\u0629 \\u060c \\u0635\\u0627\\u0646\\u0639 \\u0627\\u0644\\u0633\\u0639\\u0627\\u062f\\u0629 \\u0627\\u0644\\u0628\\u0634\\u0631\\u064a\\u0629. \\u0644\\u0627 \\u0623\\u062d\\u062f \\u064a\\u0631\\u0641\\u0636 \\u0623\\u0648 \\u064a\\u0643\\u0631\\u0647 \\u0623\\u0648 \\u064a\\u062a\\u062c\\u0646\\u0628 \\u0627\\u0644\\u0645\\u062a\\u0639\\u0629 \\u0646\\u0641\\u0633\\u0647\\u0627 \\u060c \\u0644\\u0623\\u0646\\u0647\\u0627 \\u0645\\u062a\\u0639\\u0629 \\u060c \\u0648\\u0644\\u0643\\u0646 \\u0644\\u0623\\u0646 \\u0623\\u0648\\u0644\\u0626\\u0643 \\u0627\\u0644\\u0630\\u064a\\u0646 \\u0644\\u0627 \\u064a\\u0639\\u0631\\u0641\\u0648\\u0646 \\u0643\\u064a\\u0641 \\u064a\\u0633\\u0639\\u0648\\u0646 \\u0648\\u0631\\u0627\\u0621 \\u0627\\u0644\\u0645\\u062a\\u0639\\u0629 \\u0628\\u0639\\u0642\\u0644\\u0627\\u0646\\u064a\\u0629 \\u0646\\u062d\\u0646 \\u0645\\u0645\\u062a\\u0646\\u0648\\u0646 \\u062c\\u062f\\u064b\\u0627 \\u0644\\u0643 \\u0639\\u0644\\u0649 \\u062a\\u0628\\u0631\\u0639\\u0643. \\u064a\\u0633\\u0627\\u0639\\u062f\\u0646\\u0627 \\u0645\\u062c\\u0647\\u0648\\u062f\\u0643 \\u0627\\u0644\\u0635\\u063a\\u064a\\u0631 \\u0641\\u064a \\u062a\\u063a\\u064a\\u064a\\u0631 \\u0627\\u0644\\u062d\\u064a\\u0627\\u0629 \\u0627\\u0644\\u0645\\u062c\\u062a\\u0645\\u0639\\u064a\\u0629 \\u0627\\u0644\\u0643\\u0628\\u064a\\u0631\\u0629 \\u060c \\u0648\\u064a\\u062c\\u0628 \\u0623\\u0646 \\u0623\\u0634\\u0631\\u062d \\u0644\\u0643 \\u0643\\u064a\\u0641 \\u0648\\u0644\\u062f\\u062a \\u0643\\u0644 \\u0647\\u0630\\u0647 \\u0627\\u0644\\u0641\\u0643\\u0631\\u0629 \\u0627\\u0644\\u062e\\u0627\\u0637\\u0626\\u0629 \\u0627\\u0644\\u0645\\u062a\\u0645\\u062b\\u0644\\u0629 \\u0641\\u064a \\u0625\\u062f\\u0627\\u0646\\u0629 \\u0627\\u0644\\u0645\\u062a\\u0639\\u0629 \\u0648\\u0645\\u062f\\u062d \\u0627\\u0644\\u0623\\u0644\\u0645 \\u060c \\u0648\\u0633\\u0623\\u0642\\u062f\\u0645 \\u0644\\u0643 \\u0648\\u0635\\u0641\\u064b\\u0627 \\u0643\\u0627\\u0645\\u0644\\u0627\\u064b \\u0644\\u0644\\u0646\\u0638\\u0627\\u0645 \\u060c \\u0648\\u0623\\u0634\\u0631\\u062d \\u0644\\u0643 \\u062d\\u0642\\u064a\\u0642\\u0629 \\u0627\\u0644\\u0623\\u0645\\u0631. \\u064a\\u062c\\u0628 \\u0623\\u0646 \\u0623\\u0634\\u0631\\u062d \\u0644\\u0643 \\u0643\\u064a\\u0641 \\u0643\\u0644 \\u0647\\u0630\\u0647 \\u0627\\u0644\\u0641\\u0643\\u0631\\u0629 \\u0627\\u0644\\u062e\\u0627\\u0637\\u0626\\u0629 \\u0644\\u0644\\u062a\\u0646\\u062f\\u064a\\u062f \\u0628\\u0627\\u0644\\u0644\\u0630\\u0629. \\u0646\\u062d\\u0646 \\u0645\\u0645\\u062a\\u0646\\u0648\\u0646 \\u062c\\u062f\\u064b\\u0627 \\u0644\\u0643 \\u0639\\u0644\\u0649 \\u062a\\u0628\\u0631\\u0639\\u0643. \\u064a\\u0633\\u0627\\u0639\\u062f\\u0646\\u0627 \\u0645\\u062c\\u0647\\u0648\\u062f\\u0643 \\u0627\\u0644\\u0635\\u063a\\u064a\\u0631 \\u0641\\u064a \\u062a\\u063a\\u064a\\u064a\\u0631 \\u0627\\u0644\\u062d\\u064a\\u0627\\u0629 \\u0627\\u0644\\u0645\\u062c\\u062a\\u0645\\u0639\\u064a\\u0629 \\u0627\\u0644\\u0643\\u0628\\u064a\\u0631\\u0629 \\u060c \\u0648\\u064a\\u062c\\u0628 \\u0623\\u0646 \\u0623\\u0634\\u0631\\u062d \\u0644\\u0643 \\u0643\\u064a\\u0641 \\u0648\\u0644\\u062f\\u062a \\u0643\\u0644 \\u0647\\u0630\\u0647 \\u0627\\u0644\\u0641\\u0643\\u0631\\u0629 \\u0627\\u0644\\u062e\\u0627\\u0637\\u0626\\u0629 \\u0627\\u0644\\u0645\\u062a\\u0645\\u062b\\u0644\\u0629 \\u0641\\u064a \\u0625\\u062f\\u0627\\u0646\\u0629 \\u0627\\u0644\\u0645\\u062a\\u0639\\u0629 \\u0648\\u0645\\u062f\\u062d \\u0627\\u0644\\u0623\\u0644\\u0645 \\u060c \\u0648\\u0633\\u0623\\u0642\\u062f\\u0645 \\u0644\\u0643 \\u0648\\u0635\\u0641\\u064b\\u0627 \\u0643\\u0627\\u0645\\u0644\\u0627\\u064b \\u0644\\u0644\\u0646\\u0638\\u0627\\u0645 \\u060c \\u0648\\u0623\\u0634\\u0631\\u062d \\u0644\\u0643 \\u062d\\u0642\\u064a\\u0642\\u0629 \\u0627\\u0644\\u0623\\u0645\\u0631. \\u064a\\u062c\\u0628 \\u0623\\u0646 \\u0623\\u0634\\u0631\\u062d \\u0644\\u0643 \\u0643\\u064a\\u0641 \\u0643\\u0644 \\u0647\\u0630\\u0647 \\u0627\\u0644\\u0641\\u0643\\u0631\\u0629 \\u0627\\u0644\\u062e\\u0627\\u0637\\u0626\\u0629 \\u0644\\u0644\\u062a\\u0646\\u062f\\u064a\\u062f \\u0628\\u0627\\u0644\\u0644\\u0630\\u0629. \\u0646\\u062d\\u0646 \\u0645\\u0645\\u062a\\u0646\\u0648\\u0646 \\u062c\\u062f\\u064b\\u0627 \\u0644\\u0643 \\u0639\\u0644\\u0649 \\u062a\\u0628\\u0631\\u0639\\u0643. \\u064a\\u0633\\u0627\\u0639\\u062f\\u0646\\u0627 \\u0645\\u062c\\u0647\\u0648\\u062f\\u0643 \\u0627\\u0644\\u0635\\u063a\\u064a\\u0631 \\u0641\\u064a \\u062a\\u063a\\u064a\\u064a\\u0631 \\u0627\\u0644\\u062d\\u064a\\u0627\\u0629 \\u0627\\u0644\\u0645\\u062c\\u062a\\u0645\\u0639\\u064a\\u0629 \\u0627\\u0644\\u0643\\u0628\\u064a\\u0631\\u0629 \\u060c \\u0648\\u064a\\u062c\\u0628 \\u0623\\u0646 \\u0623\\u0634\\u0631\\u062d \\u0644\\u0643 \\u0643\\u064a\\u0641 \\u0648\\u0644\\u062f\\u062a \\u0643\\u0644 \\u0647\\u0630\\u0647 \\u0627\\u0644\\u0641\\u0643\\u0631\\u0629 \\u0627\\u0644\\u062e\\u0627\\u0637\\u0626\\u0629 \\u0627\\u0644\\u0645\\u062a\\u0645\\u062b\\u0644\\u0629 \\u0641\\u064a \\u0625\\u062f\\u0627\\u0646\\u0629 \\u0627\\u0644\\u0645\\u062a\\u0639\\u0629 \\u0648\\u0645\\u062f\\u062d \\u0627\\u0644\\u0623\\u0644\\u0645 \\u060c \\u0648\\u0633\\u0623\\u0642\\u062f\\u0645 \\u0644\\u0643 \\u0648\\u0635\\u0641\\u064b\\u0627 \\u0643\\u0627\\u0645\\u0644\\u0627\\u064b \\u0644\\u0644\\u0646\\u0638\\u0627\\u0645 \\u060c \\u0648\\u0623\\u0634\\u0631\\u062d \\u0644\\u0643 \\u062d\\u0642\\u064a\\u0642\\u0629 \\u0627\\u0644\\u0623\\u0645\\u0631. \\u064a\\u062c\\u0628 \\u0623\\u0646 \\u0623\\u0634\\u0631\\u062d \\u0644\\u0643 \\u0643\\u064a\\u0641 \\u0643\\u0644 \\u0647\\u0630\\u0647 \\u0627\\u0644\\u0641\\u0643\\u0631\\u0629 \\u0627\\u0644\\u062e\\u0627\\u0637\\u0626\\u0629 \\u0644\\u0644\\u062a\\u0646\\u062f\\u064a\\u062f \\u0628\\u0627\\u0644\\u0644\\u0630\\u0629. \\u0646\\u062d\\u0646 \\u0645\\u0645\\u062a\\u0646\\u0648\\u0646 \\u062c\\u062f\\u064b\\u0627 \\u0644\\u0643 \\u0639\\u0644\\u0649 \\u062a\\u0628\\u0631\\u0639\\u0643. \\u064a\\u0633\\u0627\\u0639\\u062f\\u0646\\u0627 \\u0645\\u062c\\u0647\\u0648\\u062f\\u0643 \\u0627\\u0644\\u0635\\u063a\\u064a\\u0631 \\u0641\\u064a \\u062a\\u063a\\u064a\\u064a\\u0631 \\u0627\\u0644\\u062d\\u064a\\u0627\\u0629 \\u0627\\u0644\\u0645\\u062c\\u062a\\u0645\\u0639\\u064a\\u0629 \\u0627\\u0644\\u0643\\u0628\\u064a\\u0631\\u0629 \\u060c \\u0648\\u064a\\u062c\\u0628 \\u0623\\u0646 \\u0623\\u0634\\u0631\\u062d \\u0644\\u0643 \\u0643\\u064a\\u0641 \\u0648\\u0644\\u062f\\u062a \\u0643\\u0644 \\u0647\\u0630\\u0647 \\u0627\\u0644\\u0641\\u0643\\u0631\\u0629 \\u0627\\u0644\\u062e\\u0627\\u0637\\u0626\\u0629 \\u0627\\u0644\\u0645\\u062a\\u0645\\u062b\\u0644\\u0629 \\u0641\\u064a \\u0625\\u062f\\u0627\\u0646\\u0629 \\u0627\\u0644\\u0645\\u062a\\u0639\\u0629 \\u0648\\u0645\\u062f\\u062d \\u0627\\u0644\\u0623\\u0644\\u0645 \\u060c \\u0648\\u0633\\u0623\\u0642\\u062f\\u0645 \\u0644\\u0643 \\u0648\\u0635\\u0641\\u064b\\u0627 \\u0643\\u0627\\u0645\\u0644\\u0627\\u064b \\u0644\\u0644\\u0646\\u0638\\u0627\\u0645 \\u060c \\u0648\\u0623\\u0634\\u0631\\u062d \\u0644\\u0643 \\u062d\\u0642\\u064a\\u0642\\u0629 \\u0627\\u0644\\u0623\\u0645\\u0631. \\u064a\\u062c\\u0628 \\u0623\\u0646 \\u0623\\u0634\\u0631\\u062d \\u0644\\u0643 \\u0643\\u064a\\u0641 \\u0643\\u0644 \\u0647\\u0630\\u0647 \\u0627\\u0644\\u0641\\u0643\\u0631\\u0629 \\u0627\\u0644\\u062e\\u0627\\u0637\\u0626\\u0629 \\u0644\\u0644\\u062a\\u0646\\u062f\\u064a\\u062f \\u0628\\u0627\\u0644\\u0644\\u0630\\u0629\"}","experience":"3 years","designation":"{\"en_US\":\"Web Developer\",\"azb\":\"\\u0627\\u0644\\u0628\\u064a\\u0627\\u0646\\u0627\\u062a \\u0627\\u0644\\u062a\\u062c\\u0631\\u064a\\u0628\\u064a\\u0629\"}","employee_type":"0","working_days":"5","working_type":"1","job_location":"{\"en_US\":\"Dhanmondi, Dhaka\",\"azb\":\"\\u0627\\u0644\\u0628\\u064a\\u0627\\u0646\\u0627\\u062a \\u0627\\u0644\\u062a\\u062c\\u0631\\u064a\\u0628\\u064a\\u0629\"}","company_name":"{\"en_US\":\"Demo Company\",\"azb\":\"\\u0627\\u0644\\u0628\\u064a\\u0627\\u0646\\u0627\\u062a \\u0627\\u0644\\u062a\\u062c\\u0631\\u064a\\u0628\\u064a\\u0629\"}","salary_offer":35000,"image":"191","deadline":"2022-11-30","application_fee_status":"on","application_fee":20,"status":1,"created_at":"2022-11-07 04:58:21","updated_at":"2023-04-11 12:04:16"},{"id":2,"category_id":1,"title":"{\"en\":\"Font end developer\",\"en_US\":\"Senior UIUX Designer\",\"azb\":\"\\u0628\\u0639\\u0642 \\u0644\\u0644\\u062a\\u0646\\u062f\\u064a\\u062f \\u0628\\u0627\\u0644\\u0644\\u0630\\u0629\"}","slug":"senior-uiux-designer-1","description":"{\"en_US\":\"We azbe very much greatful to you for your donation. Your little effort help us to change big community life I must explain to you how all this mistaken idea of denouncing pleen_USure and praising pain wen_US azbrn and I will give you a complete account of the system, and expound the actual teachings of the great explorer of the truth, the men_USter-builder of human happiness. No one rejects, dislikes, or avoids pleen_USure itself, beazbuse it is pleen_USure, but beazbuse those who do not know how to pursue pleen_USure rationally We azbe very much greatful to you for your donation. Your little effort help us to change big community life I must explain to you how all this mistaken idea of denouncing pleen_USure and praising pain wen_US azbrn and I will give you a complete account of the system, and expound the actual . I must explain to you how all this mistaken idea of denouncing pleen_USure . We azbe very much greatful to you for your donation. Your little effort help us to change big community life I must explain to you how all this mistaken idea of denouncing pleen_USure and praising pain wen_US azbrn and I will give you a complete account of the system, and expound the actual . I must explain to you how all this mistaken idea of denouncing pleen_USure . We azbe very much greatful to you for your donation. Your little effort help us to change big community life I must explain to you how all this mistaken idea of denouncing pleen_USure and praising pain wen_US azbrn and I will give you a complete account of the system, and expound the actual . I must explain to you how all this mistaken idea of denouncing pleen_USure . We azbe very much greatful to you for your donation. Your little effort help us to change big community life I must explain to you how all this mistaken idea of denouncing pleen_USure and praising pain wen_US azbrn and I will give you a complete account of the system, and expound the actual . I must explain to you how all this mistaken idea of denouncing pleen_USure\",\"azb\":\"\\u0646\\u062d\\u0646 \\u0645\\u0645\\u062a\\u0646\\u0648\\u0646 \\u062c\\u062f\\u064b\\u0627 \\u0644\\u0643 \\u0639\\u0644\\u0649 \\u062a\\u0628\\u0631\\u0639\\u0643. \\u064a\\u0633\\u0627\\u0639\\u062f\\u0646\\u0627 \\u0645\\u062c\\u0647\\u0648\\u062f\\u0643 \\u0627\\u0644\\u0635\\u063a\\u064a\\u0631 \\u0641\\u064a \\u062a\\u063a\\u064a\\u064a\\u0631 \\u0627\\u0644\\u062d\\u064a\\u0627\\u0629 \\u0627\\u0644\\u0645\\u062c\\u062a\\u0645\\u0639\\u064a\\u0629 \\u0627\\u0644\\u0643\\u0628\\u064a\\u0631\\u0629 \\u060c \\u0648\\u064a\\u062c\\u0628 \\u0623\\u0646 \\u0623\\u0634\\u0631\\u062d \\u0644\\u0643 \\u0643\\u064a\\u0641 \\u0648\\u0644\\u062f\\u062a \\u0643\\u0644 \\u0647\\u0630\\u0647 \\u0627\\u0644\\u0641\\u0643\\u0631\\u0629 \\u0627\\u0644\\u062e\\u0627\\u0637\\u0626\\u0629 \\u0627\\u0644\\u0645\\u062a\\u0645\\u062b\\u0644\\u0629 \\u0641\\u064a \\u0625\\u062f\\u0627\\u0646\\u0629 \\u0627\\u0644\\u0645\\u062a\\u0639\\u0629 \\u0648\\u0645\\u062f\\u062d \\u0627\\u0644\\u0623\\u0644\\u0645 \\u060c \\u0648\\u0633\\u0623\\u0642\\u062f\\u0645 \\u0644\\u0643 \\u0648\\u0635\\u0641\\u064b\\u0627 \\u0643\\u0627\\u0645\\u0644\\u0627\\u064b \\u0644\\u0644\\u0646\\u0638\\u0627\\u0645 \\u060c \\u0648\\u0623\\u0634\\u0631\\u062d \\u0627\\u0644\\u062a\\u0639\\u0627\\u0644\\u064a\\u0645 \\u0627\\u0644\\u0641\\u0639\\u0644\\u064a\\u0629 \\u0644\\u0644\\u0645\\u0633\\u062a\\u0643\\u0634\\u0641 \\u0627\\u0644\\u0639\\u0638\\u064a\\u0645. \\u0627\\u0644\\u062d\\u0642\\u064a\\u0642\\u0629 \\u060c \\u0635\\u0627\\u0646\\u0639 \\u0627\\u0644\\u0633\\u0639\\u0627\\u062f\\u0629 \\u0627\\u0644\\u0628\\u0634\\u0631\\u064a\\u0629. \\u0644\\u0627 \\u0623\\u062d\\u062f \\u064a\\u0631\\u0641\\u0636 \\u0623\\u0648 \\u064a\\u0643\\u0631\\u0647 \\u0623\\u0648 \\u064a\\u062a\\u062c\\u0646\\u0628 \\u0627\\u0644\\u0645\\u062a\\u0639\\u0629 \\u0646\\u0641\\u0633\\u0647\\u0627 \\u060c \\u0644\\u0623\\u0646\\u0647\\u0627 \\u0645\\u062a\\u0639\\u0629 \\u060c \\u0648\\u0644\\u0643\\u0646 \\u0644\\u0623\\u0646 \\u0623\\u0648\\u0644\\u0626\\u0643 \\u0627\\u0644\\u0630\\u064a\\u0646 \\u0644\\u0627 \\u064a\\u0639\\u0631\\u0641\\u0648\\u0646 \\u0643\\u064a\\u0641 \\u064a\\u0633\\u0639\\u0648\\u0646 \\u0648\\u0631\\u0627\\u0621 \\u0627\\u0644\\u0645\\u062a\\u0639\\u0629 \\u0628\\u0639\\u0642\\u0644\\u0627\\u0646\\u064a\\u0629 \\u0646\\u062d\\u0646 \\u0645\\u0645\\u062a\\u0646\\u0648\\u0646 \\u062c\\u062f\\u064b\\u0627 \\u0644\\u0643 \\u0639\\u0644\\u0649 \\u062a\\u0628\\u0631\\u0639\\u0643. \\u064a\\u0633\\u0627\\u0639\\u062f\\u0646\\u0627 \\u0645\\u062c\\u0647\\u0648\\u062f\\u0643 \\u0627\\u0644\\u0635\\u063a\\u064a\\u0631 \\u0641\\u064a \\u062a\\u063a\\u064a\\u064a\\u0631 \\u0627\\u0644\\u062d\\u064a\\u0627\\u0629 \\u0627\\u0644\\u0645\\u062c\\u062a\\u0645\\u0639\\u064a\\u0629 \\u0627\\u0644\\u0643\\u0628\\u064a\\u0631\\u0629 \\u060c \\u0648\\u064a\\u062c\\u0628 \\u0623\\u0646 \\u0623\\u0634\\u0631\\u062d \\u0644\\u0643 \\u0643\\u064a\\u0641 \\u0648\\u0644\\u062f\\u062a \\u0643\\u0644 \\u0647\\u0630\\u0647 \\u0627\\u0644\\u0641\\u0643\\u0631\\u0629 \\u0627\\u0644\\u062e\\u0627\\u0637\\u0626\\u0629 \\u0627\\u0644\\u0645\\u062a\\u0645\\u062b\\u0644\\u0629 \\u0641\\u064a \\u0625\\u062f\\u0627\\u0646\\u0629 \\u0627\\u0644\\u0645\\u062a\\u0639\\u0629 \\u0648\\u0645\\u062f\\u062d \\u0627\\u0644\\u0623\\u0644\\u0645 \\u060c \\u0648\\u0633\\u0623\\u0642\\u062f\\u0645 \\u0644\\u0643 \\u0648\\u0635\\u0641\\u064b\\u0627 \\u0643\\u0627\\u0645\\u0644\\u0627\\u064b \\u0644\\u0644\\u0646\\u0638\\u0627\\u0645 \\u060c \\u0648\\u0623\\u0634\\u0631\\u062d \\u0644\\u0643 \\u062d\\u0642\\u064a\\u0642\\u0629 \\u0627\\u0644\\u0623\\u0645\\u0631. \\u064a\\u062c\\u0628 \\u0623\\u0646 \\u0623\\u0634\\u0631\\u062d \\u0644\\u0643 \\u0643\\u064a\\u0641 \\u0643\\u0644 \\u0647\\u0630\\u0647 \\u0627\\u0644\\u0641\\u0643\\u0631\\u0629 \\u0627\\u0644\\u062e\\u0627\\u0637\\u0626\\u0629 \\u0644\\u0644\\u062a\\u0646\\u062f\\u064a\\u062f \\u0628\\u0627\\u0644\\u0644\\u0630\\u0629. \\u0646\\u062d\\u0646 \\u0645\\u0645\\u062a\\u0646\\u0648\\u0646 \\u062c\\u062f\\u064b\\u0627 \\u0644\\u0643 \\u0639\\u0644\\u0649 \\u062a\\u0628\\u0631\\u0639\\u0643. \\u064a\\u0633\\u0627\\u0639\\u062f\\u0646\\u0627 \\u0645\\u062c\\u0647\\u0648\\u062f\\u0643 \\u0627\\u0644\\u0635\\u063a\\u064a\\u0631 \\u0641\\u064a \\u062a\\u063a\\u064a\\u064a\\u0631 \\u0627\\u0644\\u062d\\u064a\\u0627\\u0629 \\u0627\\u0644\\u0645\\u062c\\u062a\\u0645\\u0639\\u064a\\u0629 \\u0627\\u0644\\u0643\\u0628\\u064a\\u0631\\u0629 \\u060c \\u0648\\u064a\\u062c\\u0628 \\u0623\\u0646 \\u0623\\u0634\\u0631\\u062d \\u0644\\u0643 \\u0643\\u064a\\u0641 \\u0648\\u0644\\u062f\\u062a \\u0643\\u0644 \\u0647\\u0630\\u0647 \\u0627\\u0644\\u0641\\u0643\\u0631\\u0629 \\u0627\\u0644\\u062e\\u0627\\u0637\\u0626\\u0629 \\u0627\\u0644\\u0645\\u062a\\u0645\\u062b\\u0644\\u0629 \\u0641\\u064a \\u0625\\u062f\\u0627\\u0646\\u0629 \\u0627\\u0644\\u0645\\u062a\\u0639\\u0629 \\u0648\\u0645\\u062f\\u062d \\u0627\\u0644\\u0623\\u0644\\u0645 \\u060c \\u0648\\u0633\\u0623\\u0642\\u062f\\u0645 \\u0644\\u0643 \\u0648\\u0635\\u0641\\u064b\\u0627 \\u0643\\u0627\\u0645\\u0644\\u0627\\u064b \\u0644\\u0644\\u0646\\u0638\\u0627\\u0645 \\u060c \\u0648\\u0623\\u0634\\u0631\\u062d \\u0644\\u0643 \\u062d\\u0642\\u064a\\u0642\\u0629 \\u0627\\u0644\\u0623\\u0645\\u0631. \\u064a\\u062c\\u0628 \\u0623\\u0646 \\u0623\\u0634\\u0631\\u062d \\u0644\\u0643 \\u0643\\u064a\\u0641 \\u0643\\u0644 \\u0647\\u0630\\u0647 \\u0627\\u0644\\u0641\\u0643\\u0631\\u0629 \\u0627\\u0644\\u062e\\u0627\\u0637\\u0626\\u0629 \\u0644\\u0644\\u062a\\u0646\\u062f\\u064a\\u062f \\u0628\\u0627\\u0644\\u0644\\u0630\\u0629. \\u0646\\u062d\\u0646 \\u0645\\u0645\\u062a\\u0646\\u0648\\u0646 \\u062c\\u062f\\u064b\\u0627 \\u0644\\u0643 \\u0639\\u0644\\u0649 \\u062a\\u0628\\u0631\\u0639\\u0643. \\u064a\\u0633\\u0627\\u0639\\u062f\\u0646\\u0627 \\u0645\\u062c\\u0647\\u0648\\u062f\\u0643 \\u0627\\u0644\\u0635\\u063a\\u064a\\u0631 \\u0641\\u064a \\u062a\\u063a\\u064a\\u064a\\u0631 \\u0627\\u0644\\u062d\\u064a\\u0627\\u0629 \\u0627\\u0644\\u0645\\u062c\\u062a\\u0645\\u0639\\u064a\\u0629 \\u0627\\u0644\\u0643\\u0628\\u064a\\u0631\\u0629 \\u060c \\u0648\\u064a\\u062c\\u0628 \\u0623\\u0646 \\u0623\\u0634\\u0631\\u062d \\u0644\\u0643 \\u0643\\u064a\\u0641 \\u0648\\u0644\\u062f\\u062a \\u0643\\u0644 \\u0647\\u0630\\u0647 \\u0627\\u0644\\u0641\\u0643\\u0631\\u0629 \\u0627\\u0644\\u062e\\u0627\\u0637\\u0626\\u0629 \\u0627\\u0644\\u0645\\u062a\\u0645\\u062b\\u0644\\u0629 \\u0641\\u064a \\u0625\\u062f\\u0627\\u0646\\u0629 \\u0627\\u0644\\u0645\\u062a\\u0639\\u0629 \\u0648\\u0645\\u062f\\u062d \\u0627\\u0644\\u0623\\u0644\\u0645 \\u060c \\u0648\\u0633\\u0623\\u0642\\u062f\\u0645 \\u0644\\u0643 \\u0648\\u0635\\u0641\\u064b\\u0627 \\u0643\\u0627\\u0645\\u0644\\u0627\\u064b \\u0644\\u0644\\u0646\\u0638\\u0627\\u0645 \\u060c \\u0648\\u0623\\u0634\\u0631\\u062d \\u0644\\u0643 \\u062d\\u0642\\u064a\\u0642\\u0629 \\u0627\\u0644\\u0623\\u0645\\u0631. \\u064a\\u062c\\u0628 \\u0623\\u0646 \\u0623\\u0634\\u0631\\u062d \\u0644\\u0643 \\u0643\\u064a\\u0641 \\u0643\\u0644 \\u0647\\u0630\\u0647 \\u0627\\u0644\\u0641\\u0643\\u0631\\u0629 \\u0627\\u0644\\u062e\\u0627\\u0637\\u0626\\u0629 \\u0644\\u0644\\u062a\\u0646\\u062f\\u064a\\u062f \\u0628\\u0627\\u0644\\u0644\\u0630\\u0629. \\u0646\\u062d\\u0646 \\u0645\\u0645\\u062a\\u0646\\u0648\\u0646 \\u062c\\u062f\\u064b\\u0627 \\u0644\\u0643 \\u0639\\u0644\\u0649 \\u062a\\u0628\\u0631\\u0639\\u0643. \\u064a\\u0633\\u0627\\u0639\\u062f\\u0646\\u0627 \\u0645\\u062c\\u0647\\u0648\\u062f\\u0643 \\u0627\\u0644\\u0635\\u063a\\u064a\\u0631 \\u0641\\u064a \\u062a\\u063a\\u064a\\u064a\\u0631 \\u0627\\u0644\\u062d\\u064a\\u0627\\u0629 \\u0627\\u0644\\u0645\\u062c\\u062a\\u0645\\u0639\\u064a\\u0629 \\u0627\\u0644\\u0643\\u0628\\u064a\\u0631\\u0629 \\u060c \\u0648\\u064a\\u062c\\u0628 \\u0623\\u0646 \\u0623\\u0634\\u0631\\u062d \\u0644\\u0643 \\u0643\\u064a\\u0641 \\u0648\\u0644\\u062f\\u062a \\u0643\\u0644 \\u0647\\u0630\\u0647 \\u0627\\u0644\\u0641\\u0643\\u0631\\u0629 \\u0627\\u0644\\u062e\\u0627\\u0637\\u0626\\u0629 \\u0627\\u0644\\u0645\\u062a\\u0645\\u062b\\u0644\\u0629 \\u0641\\u064a \\u0625\\u062f\\u0627\\u0646\\u0629 \\u0627\\u0644\\u0645\\u062a\\u0639\\u0629 \\u0648\\u0645\\u062f\\u062d \\u0627\\u0644\\u0623\\u0644\\u0645 \\u060c \\u0648\\u0633\\u0623\\u0642\\u062f\\u0645 \\u0644\\u0643 \\u0648\\u0635\\u0641\\u064b\\u0627 \\u0643\\u0627\\u0645\\u0644\\u0627\\u064b \\u0644\\u0644\\u0646\\u0638\\u0627\\u0645 \\u060c \\u0648\\u0623\\u0634\\u0631\\u062d \\u0644\\u0643 \\u062d\\u0642\\u064a\\u0642\\u0629 \\u0627\\u0644\\u0623\\u0645\\u0631. \\u064a\\u062c\\u0628 \\u0623\\u0646 \\u0623\\u0634\\u0631\\u062d \\u0644\\u0643 \\u0643\\u064a\\u0641 \\u0643\\u0644 \\u0647\\u0630\\u0647 \\u0627\\u0644\\u0641\\u0643\\u0631\\u0629 \\u0627\\u0644\\u062e\\u0627\\u0637\\u0626\\u0629 \\u0644\\u0644\\u062a\\u0646\\u062f\\u064a\\u062f \\u0628\\u0627\\u0644\\u0644\\u0630\\u0629\"}","experience":"3 years","designation":"{\"en_US\":\"Police Officer\",\"azb\":\"\\u0627\\u0644\\u0628\\u064a\\u0627\\u0646\\u0627\\u062a \\u0627\\u0644\\u062a\\u062c\\u0631\\u064a\\u0628\\u064a\\u0629\"}","employee_type":"0","working_days":"5","working_type":"1","job_location":"{\"en_US\":\"Tele-Trabalho\",\"azb\":\"\\u0627\\u0644\\u0628\\u064a\\u0627\\u0646\\u0627\\u062a \\u0627\\u0644\\u062a\\u062c\\u0631\\u064a\\u0628\\u064a\\u0629\"}","company_name":"{\"en_US\":\"Demo Company\",\"azb\":\"\\u0627\\u0644\\u0628\\u064a\\u0627\\u0646\\u0627\\u062a \\u0627\\u0644\\u062a\\u062c\\u0631\\u064a\\u0628\\u064a\\u0629\"}","salary_offer":30000,"image":"202","deadline":"2022-11-30","application_fee_status":"on","application_fee":15,"status":1,"created_at":"2022-11-07 04:58:27","updated_at":"2023-04-11 12:04:16"},{"id":3,"category_id":3,"title":"{\"en\":\"Senior UIUX Designer\",\"en_US\":\"Mobile App Designer\",\"azb\":\"\\u0628\\u0639\\u0642 \\u0644\\u0644\\u062a\\u0646\\u062f\\u064a\\u062f \\u0628\\u0627\\u0644\\u0644\\u0630\\u0629\"}","slug":"mobile-app-designer","description":"{\"en_US\":\"We azbe very much greatful to you for your donation. Your little effort help us to change big community life I must explain to you how all this mistaken idea of denouncing pleen_USure and praising pain wen_US azbrn and I will give you a complete account of the system, and expound the actual teachings of the great explorer of the truth, the men_USter-builder of human happiness. No one rejects, dislikes, or avoids pleen_USure itself, beazbuse it is pleen_USure, but beazbuse those who do not know how to pursue pleen_USure rationally We azbe very much greatful to you for your donation. Your little effort help us to change big community life I must explain to you how all this mistaken idea of denouncing pleen_USure and praising pain wen_US azbrn and I will give you a complete account of the system, and expound the actual . I must explain to you how all this mistaken idea of denouncing pleen_USure . We azbe very much greatful to you for your donation. Your little effort help us to change big community life I must explain to you how all this mistaken idea of denouncing pleen_USure and praising pain wen_US azbrn and I will give you a complete account of the system, and expound the actual . I must explain to you how all this mistaken idea of denouncing pleen_USure . We azbe very much greatful to you for your donation. Your little effort help us to change big community life I must explain to you how all this mistaken idea of denouncing pleen_USure and praising pain wen_US azbrn and I will give you a complete account of the system, and expound the actual . I must explain to you how all this mistaken idea of denouncing pleen_USure . We azbe very much greatful to you for your donation. Your little effort help us to change big community life I must explain to you how all this mistaken idea of denouncing pleen_USure and praising pain wen_US azbrn and I will give you a complete account of the system, and expound the actual . I must explain to you how all this mistaken idea of denouncing pleen_USure\",\"azb\":\"\\u0646\\u062d\\u0646 \\u0645\\u0645\\u062a\\u0646\\u0648\\u0646 \\u062c\\u062f\\u064b\\u0627 \\u0644\\u0643 \\u0639\\u0644\\u0649 \\u062a\\u0628\\u0631\\u0639\\u0643. \\u064a\\u0633\\u0627\\u0639\\u062f\\u0646\\u0627 \\u0645\\u062c\\u0647\\u0648\\u062f\\u0643 \\u0627\\u0644\\u0635\\u063a\\u064a\\u0631 \\u0641\\u064a \\u062a\\u063a\\u064a\\u064a\\u0631 \\u0627\\u0644\\u062d\\u064a\\u0627\\u0629 \\u0627\\u0644\\u0645\\u062c\\u062a\\u0645\\u0639\\u064a\\u0629 \\u0627\\u0644\\u0643\\u0628\\u064a\\u0631\\u0629 \\u060c \\u0648\\u064a\\u062c\\u0628 \\u0623\\u0646 \\u0623\\u0634\\u0631\\u062d \\u0644\\u0643 \\u0643\\u064a\\u0641 \\u0648\\u0644\\u062f\\u062a \\u0643\\u0644 \\u0647\\u0630\\u0647 \\u0627\\u0644\\u0641\\u0643\\u0631\\u0629 \\u0627\\u0644\\u062e\\u0627\\u0637\\u0626\\u0629 \\u0627\\u0644\\u0645\\u062a\\u0645\\u062b\\u0644\\u0629 \\u0641\\u064a \\u0625\\u062f\\u0627\\u0646\\u0629 \\u0627\\u0644\\u0645\\u062a\\u0639\\u0629 \\u0648\\u0645\\u062f\\u062d \\u0627\\u0644\\u0623\\u0644\\u0645 \\u060c \\u0648\\u0633\\u0623\\u0642\\u062f\\u0645 \\u0644\\u0643 \\u0648\\u0635\\u0641\\u064b\\u0627 \\u0643\\u0627\\u0645\\u0644\\u0627\\u064b \\u0644\\u0644\\u0646\\u0638\\u0627\\u0645 \\u060c \\u0648\\u0623\\u0634\\u0631\\u062d \\u0627\\u0644\\u062a\\u0639\\u0627\\u0644\\u064a\\u0645 \\u0627\\u0644\\u0641\\u0639\\u0644\\u064a\\u0629 \\u0644\\u0644\\u0645\\u0633\\u062a\\u0643\\u0634\\u0641 \\u0627\\u0644\\u0639\\u0638\\u064a\\u0645. \\u0627\\u0644\\u062d\\u0642\\u064a\\u0642\\u0629 \\u060c \\u0635\\u0627\\u0646\\u0639 \\u0627\\u0644\\u0633\\u0639\\u0627\\u062f\\u0629 \\u0627\\u0644\\u0628\\u0634\\u0631\\u064a\\u0629. \\u0644\\u0627 \\u0623\\u062d\\u062f \\u064a\\u0631\\u0641\\u0636 \\u0623\\u0648 \\u064a\\u0643\\u0631\\u0647 \\u0623\\u0648 \\u064a\\u062a\\u062c\\u0646\\u0628 \\u0627\\u0644\\u0645\\u062a\\u0639\\u0629 \\u0646\\u0641\\u0633\\u0647\\u0627 \\u060c \\u0644\\u0623\\u0646\\u0647\\u0627 \\u0645\\u062a\\u0639\\u0629 \\u060c \\u0648\\u0644\\u0643\\u0646 \\u0644\\u0623\\u0646 \\u0623\\u0648\\u0644\\u0626\\u0643 \\u0627\\u0644\\u0630\\u064a\\u0646 \\u0644\\u0627 \\u064a\\u0639\\u0631\\u0641\\u0648\\u0646 \\u0643\\u064a\\u0641 \\u064a\\u0633\\u0639\\u0648\\u0646 \\u0648\\u0631\\u0627\\u0621 \\u0627\\u0644\\u0645\\u062a\\u0639\\u0629 \\u0628\\u0639\\u0642\\u0644\\u0627\\u0646\\u064a\\u0629 \\u0646\\u062d\\u0646 \\u0645\\u0645\\u062a\\u0646\\u0648\\u0646 \\u062c\\u062f\\u064b\\u0627 \\u0644\\u0643 \\u0639\\u0644\\u0649 \\u062a\\u0628\\u0631\\u0639\\u0643. \\u064a\\u0633\\u0627\\u0639\\u062f\\u0646\\u0627 \\u0645\\u062c\\u0647\\u0648\\u062f\\u0643 \\u0627\\u0644\\u0635\\u063a\\u064a\\u0631 \\u0641\\u064a \\u062a\\u063a\\u064a\\u064a\\u0631 \\u0627\\u0644\\u062d\\u064a\\u0627\\u0629 \\u0627\\u0644\\u0645\\u062c\\u062a\\u0645\\u0639\\u064a\\u0629 \\u0627\\u0644\\u0643\\u0628\\u064a\\u0631\\u0629 \\u060c \\u0648\\u064a\\u062c\\u0628 \\u0623\\u0646 \\u0623\\u0634\\u0631\\u062d \\u0644\\u0643 \\u0643\\u064a\\u0641 \\u0648\\u0644\\u062f\\u062a \\u0643\\u0644 \\u0647\\u0630\\u0647 \\u0627\\u0644\\u0641\\u0643\\u0631\\u0629 \\u0627\\u0644\\u062e\\u0627\\u0637\\u0626\\u0629 \\u0627\\u0644\\u0645\\u062a\\u0645\\u062b\\u0644\\u0629 \\u0641\\u064a \\u0625\\u062f\\u0627\\u0646\\u0629 \\u0627\\u0644\\u0645\\u062a\\u0639\\u0629 \\u0648\\u0645\\u062f\\u062d \\u0627\\u0644\\u0623\\u0644\\u0645 \\u060c \\u0648\\u0633\\u0623\\u0642\\u062f\\u0645 \\u0644\\u0643 \\u0648\\u0635\\u0641\\u064b\\u0627 \\u0643\\u0627\\u0645\\u0644\\u0627\\u064b \\u0644\\u0644\\u0646\\u0638\\u0627\\u0645 \\u060c \\u0648\\u0623\\u0634\\u0631\\u062d \\u0644\\u0643 \\u062d\\u0642\\u064a\\u0642\\u0629 \\u0627\\u0644\\u0623\\u0645\\u0631. \\u064a\\u062c\\u0628 \\u0623\\u0646 \\u0623\\u0634\\u0631\\u062d \\u0644\\u0643 \\u0643\\u064a\\u0641 \\u0643\\u0644 \\u0647\\u0630\\u0647 \\u0627\\u0644\\u0641\\u0643\\u0631\\u0629 \\u0627\\u0644\\u062e\\u0627\\u0637\\u0626\\u0629 \\u0644\\u0644\\u062a\\u0646\\u062f\\u064a\\u062f \\u0628\\u0627\\u0644\\u0644\\u0630\\u0629. \\u0646\\u062d\\u0646 \\u0645\\u0645\\u062a\\u0646\\u0648\\u0646 \\u062c\\u062f\\u064b\\u0627 \\u0644\\u0643 \\u0639\\u0644\\u0649 \\u062a\\u0628\\u0631\\u0639\\u0643. \\u064a\\u0633\\u0627\\u0639\\u062f\\u0646\\u0627 \\u0645\\u062c\\u0647\\u0648\\u062f\\u0643 \\u0627\\u0644\\u0635\\u063a\\u064a\\u0631 \\u0641\\u064a \\u062a\\u063a\\u064a\\u064a\\u0631 \\u0627\\u0644\\u062d\\u064a\\u0627\\u0629 \\u0627\\u0644\\u0645\\u062c\\u062a\\u0645\\u0639\\u064a\\u0629 \\u0627\\u0644\\u0643\\u0628\\u064a\\u0631\\u0629 \\u060c \\u0648\\u064a\\u062c\\u0628 \\u0623\\u0646 \\u0623\\u0634\\u0631\\u062d \\u0644\\u0643 \\u0643\\u064a\\u0641 \\u0648\\u0644\\u062f\\u062a \\u0643\\u0644 \\u0647\\u0630\\u0647 \\u0627\\u0644\\u0641\\u0643\\u0631\\u0629 \\u0627\\u0644\\u062e\\u0627\\u0637\\u0626\\u0629 \\u0627\\u0644\\u0645\\u062a\\u0645\\u062b\\u0644\\u0629 \\u0641\\u064a \\u0625\\u062f\\u0627\\u0646\\u0629 \\u0627\\u0644\\u0645\\u062a\\u0639\\u0629 \\u0648\\u0645\\u062f\\u062d \\u0627\\u0644\\u0623\\u0644\\u0645 \\u060c \\u0648\\u0633\\u0623\\u0642\\u062f\\u0645 \\u0644\\u0643 \\u0648\\u0635\\u0641\\u064b\\u0627 \\u0643\\u0627\\u0645\\u0644\\u0627\\u064b \\u0644\\u0644\\u0646\\u0638\\u0627\\u0645 \\u060c \\u0648\\u0623\\u0634\\u0631\\u062d \\u0644\\u0643 \\u062d\\u0642\\u064a\\u0642\\u0629 \\u0627\\u0644\\u0623\\u0645\\u0631. \\u064a\\u062c\\u0628 \\u0623\\u0646 \\u0623\\u0634\\u0631\\u062d \\u0644\\u0643 \\u0643\\u064a\\u0641 \\u0643\\u0644 \\u0647\\u0630\\u0647 \\u0627\\u0644\\u0641\\u0643\\u0631\\u0629 \\u0627\\u0644\\u062e\\u0627\\u0637\\u0626\\u0629 \\u0644\\u0644\\u062a\\u0646\\u062f\\u064a\\u062f \\u0628\\u0627\\u0644\\u0644\\u0630\\u0629. \\u0646\\u062d\\u0646 \\u0645\\u0645\\u062a\\u0646\\u0648\\u0646 \\u062c\\u062f\\u064b\\u0627 \\u0644\\u0643 \\u0639\\u0644\\u0649 \\u062a\\u0628\\u0631\\u0639\\u0643. \\u064a\\u0633\\u0627\\u0639\\u062f\\u0646\\u0627 \\u0645\\u062c\\u0647\\u0648\\u062f\\u0643 \\u0627\\u0644\\u0635\\u063a\\u064a\\u0631 \\u0641\\u064a \\u062a\\u063a\\u064a\\u064a\\u0631 \\u0627\\u0644\\u062d\\u064a\\u0627\\u0629 \\u0627\\u0644\\u0645\\u062c\\u062a\\u0645\\u0639\\u064a\\u0629 \\u0627\\u0644\\u0643\\u0628\\u064a\\u0631\\u0629 \\u060c \\u0648\\u064a\\u062c\\u0628 \\u0623\\u0646 \\u0623\\u0634\\u0631\\u062d \\u0644\\u0643 \\u0643\\u064a\\u0641 \\u0648\\u0644\\u062f\\u062a \\u0643\\u0644 \\u0647\\u0630\\u0647 \\u0627\\u0644\\u0641\\u0643\\u0631\\u0629 \\u0627\\u0644\\u062e\\u0627\\u0637\\u0626\\u0629 \\u0627\\u0644\\u0645\\u062a\\u0645\\u062b\\u0644\\u0629 \\u0641\\u064a \\u0625\\u062f\\u0627\\u0646\\u0629 \\u0627\\u0644\\u0645\\u062a\\u0639\\u0629 \\u0648\\u0645\\u062f\\u062d \\u0627\\u0644\\u0623\\u0644\\u0645 \\u060c \\u0648\\u0633\\u0623\\u0642\\u062f\\u0645 \\u0644\\u0643 \\u0648\\u0635\\u0641\\u064b\\u0627 \\u0643\\u0627\\u0645\\u0644\\u0627\\u064b \\u0644\\u0644\\u0646\\u0638\\u0627\\u0645 \\u060c \\u0648\\u0623\\u0634\\u0631\\u062d \\u0644\\u0643 \\u062d\\u0642\\u064a\\u0642\\u0629 \\u0627\\u0644\\u0623\\u0645\\u0631. \\u064a\\u062c\\u0628 \\u0623\\u0646 \\u0623\\u0634\\u0631\\u062d \\u0644\\u0643 \\u0643\\u064a\\u0641 \\u0643\\u0644 \\u0647\\u0630\\u0647 \\u0627\\u0644\\u0641\\u0643\\u0631\\u0629 \\u0627\\u0644\\u062e\\u0627\\u0637\\u0626\\u0629 \\u0644\\u0644\\u062a\\u0646\\u062f\\u064a\\u062f \\u0628\\u0627\\u0644\\u0644\\u0630\\u0629. \\u0646\\u062d\\u0646 \\u0645\\u0645\\u062a\\u0646\\u0648\\u0646 \\u062c\\u062f\\u064b\\u0627 \\u0644\\u0643 \\u0639\\u0644\\u0649 \\u062a\\u0628\\u0631\\u0639\\u0643. \\u064a\\u0633\\u0627\\u0639\\u062f\\u0646\\u0627 \\u0645\\u062c\\u0647\\u0648\\u062f\\u0643 \\u0627\\u0644\\u0635\\u063a\\u064a\\u0631 \\u0641\\u064a \\u062a\\u063a\\u064a\\u064a\\u0631 \\u0627\\u0644\\u062d\\u064a\\u0627\\u0629 \\u0627\\u0644\\u0645\\u062c\\u062a\\u0645\\u0639\\u064a\\u0629 \\u0627\\u0644\\u0643\\u0628\\u064a\\u0631\\u0629 \\u060c \\u0648\\u064a\\u062c\\u0628 \\u0623\\u0646 \\u0623\\u0634\\u0631\\u062d \\u0644\\u0643 \\u0643\\u064a\\u0641 \\u0648\\u0644\\u062f\\u062a \\u0643\\u0644 \\u0647\\u0630\\u0647 \\u0627\\u0644\\u0641\\u0643\\u0631\\u0629 \\u0627\\u0644\\u062e\\u0627\\u0637\\u0626\\u0629 \\u0627\\u0644\\u0645\\u062a\\u0645\\u062b\\u0644\\u0629 \\u0641\\u064a \\u0625\\u062f\\u0627\\u0646\\u0629 \\u0627\\u0644\\u0645\\u062a\\u0639\\u0629 \\u0648\\u0645\\u062f\\u062d \\u0627\\u0644\\u0623\\u0644\\u0645 \\u060c \\u0648\\u0633\\u0623\\u0642\\u062f\\u0645 \\u0644\\u0643 \\u0648\\u0635\\u0641\\u064b\\u0627 \\u0643\\u0627\\u0645\\u0644\\u0627\\u064b \\u0644\\u0644\\u0646\\u0638\\u0627\\u0645 \\u060c \\u0648\\u0623\\u0634\\u0631\\u062d \\u0644\\u0643 \\u062d\\u0642\\u064a\\u0642\\u0629 \\u0627\\u0644\\u0623\\u0645\\u0631. \\u064a\\u062c\\u0628 \\u0623\\u0646 \\u0623\\u0634\\u0631\\u062d \\u0644\\u0643 \\u0643\\u064a\\u0641 \\u0643\\u0644 \\u0647\\u0630\\u0647 \\u0627\\u0644\\u0641\\u0643\\u0631\\u0629 \\u0627\\u0644\\u062e\\u0627\\u0637\\u0626\\u0629 \\u0644\\u0644\\u062a\\u0646\\u062f\\u064a\\u062f \\u0628\\u0627\\u0644\\u0644\\u0630\\u0629\"}","experience":"2 years","designation":"{\"en_US\":\"Mobile App Designer\",\"azb\":\"\\u0627\\u0644\\u0628\\u064a\\u0627\\u0646\\u0627\\u062a \\u0627\\u0644\\u062a\\u062c\\u0631\\u064a\\u0628\\u064a\\u0629\"}","employee_type":"0","working_days":"5","working_type":"1","job_location":"{\"en_US\":\"Dhanmondi, Dhaka\",\"azb\":\"\\u0627\\u0644\\u0628\\u064a\\u0627\\u0646\\u0627\\u062a \\u0627\\u0644\\u062a\\u062c\\u0631\\u064a\\u0628\\u064a\\u0629\"}","company_name":"{\"en_US\":\"Demo Company\",\"azb\":\"\\u0627\\u0644\\u0628\\u064a\\u0627\\u0646\\u0627\\u062a \\u0627\\u0644\\u062a\\u062c\\u0631\\u064a\\u0628\\u064a\\u0629\"}","salary_offer":42000,"image":"194","deadline":"2022-12-15","application_fee_status":null,"application_fee":null,"status":1,"created_at":"2022-11-07 05:00:59","updated_at":"2023-04-11 12:04:16"},{"id":4,"category_id":6,"title":"{\"en\":\"Mobile App Designer\",\"en_US\":\"Full Stack Developer\",\"azb\":\"\\u0628\\u0639\\u0642 \\u0644\\u0644\\u062a\\u0646\\u062f\\u064a\\u062f \\u0628\\u0627\\u0644\\u0644\\u0630\\u0629\"}","slug":"full-stack-developer-1","description":"{\"en_US\":\"We azbe very much greatful to you for your donation. Your little effort help us to change big community life I must explain to you how all this mistaken idea of denouncing pleen_USure and praising pain wen_US azbrn and I will give you a complete account of the system, and expound the actual teachings of the great explorer of the truth, the men_USter-builder of human happiness. No one rejects, dislikes, or avoids pleen_USure itself, beazbuse it is pleen_USure, but beazbuse those who do not know how to pursue pleen_USure rationally We azbe very much greatful to you for your donation. Your little effort help us to change big community life I must explain to you how all this mistaken idea of denouncing pleen_USure and praising pain wen_US azbrn and I will give you a complete account of the system, and expound the actual . I must explain to you how all this mistaken idea of denouncing pleen_USure . We azbe very much greatful to you for your donation. Your little effort help us to change big community life I must explain to you how all this mistaken idea of denouncing pleen_USure and praising pain wen_US azbrn and I will give you a complete account of the system, and expound the actual . I must explain to you how all this mistaken idea of denouncing pleen_USure . We azbe very much greatful to you for your donation. Your little effort help us to change big community life I must explain to you how all this mistaken idea of denouncing pleen_USure and praising pain wen_US azbrn and I will give you a complete account of the system, and expound the actual . I must explain to you how all this mistaken idea of denouncing pleen_USure . We azbe very much greatful to you for your donation. Your little effort help us to change big community life I must explain to you how all this mistaken idea of denouncing pleen_USure and praising pain wen_US azbrn and I will give you a complete account of the system, and expound the actual . I must explain to you how all this mistaken idea of denouncing pleen_USure\",\"azb\":\"\\u0646\\u062d\\u0646 \\u0645\\u0645\\u062a\\u0646\\u0648\\u0646 \\u062c\\u062f\\u064b\\u0627 \\u0644\\u0643 \\u0639\\u0644\\u0649 \\u062a\\u0628\\u0631\\u0639\\u0643. \\u064a\\u0633\\u0627\\u0639\\u062f\\u0646\\u0627 \\u0645\\u062c\\u0647\\u0648\\u062f\\u0643 \\u0627\\u0644\\u0635\\u063a\\u064a\\u0631 \\u0641\\u064a \\u062a\\u063a\\u064a\\u064a\\u0631 \\u0627\\u0644\\u062d\\u064a\\u0627\\u0629 \\u0627\\u0644\\u0645\\u062c\\u062a\\u0645\\u0639\\u064a\\u0629 \\u0627\\u0644\\u0643\\u0628\\u064a\\u0631\\u0629 \\u060c \\u0648\\u064a\\u062c\\u0628 \\u0623\\u0646 \\u0623\\u0634\\u0631\\u062d \\u0644\\u0643 \\u0643\\u064a\\u0641 \\u0648\\u0644\\u062f\\u062a \\u0643\\u0644 \\u0647\\u0630\\u0647 \\u0627\\u0644\\u0641\\u0643\\u0631\\u0629 \\u0627\\u0644\\u062e\\u0627\\u0637\\u0626\\u0629 \\u0627\\u0644\\u0645\\u062a\\u0645\\u062b\\u0644\\u0629 \\u0641\\u064a \\u0625\\u062f\\u0627\\u0646\\u0629 \\u0627\\u0644\\u0645\\u062a\\u0639\\u0629 \\u0648\\u0645\\u062f\\u062d \\u0627\\u0644\\u0623\\u0644\\u0645 \\u060c \\u0648\\u0633\\u0623\\u0642\\u062f\\u0645 \\u0644\\u0643 \\u0648\\u0635\\u0641\\u064b\\u0627 \\u0643\\u0627\\u0645\\u0644\\u0627\\u064b \\u0644\\u0644\\u0646\\u0638\\u0627\\u0645 \\u060c \\u0648\\u0623\\u0634\\u0631\\u062d \\u0627\\u0644\\u062a\\u0639\\u0627\\u0644\\u064a\\u0645 \\u0627\\u0644\\u0641\\u0639\\u0644\\u064a\\u0629 \\u0644\\u0644\\u0645\\u0633\\u062a\\u0643\\u0634\\u0641 \\u0627\\u0644\\u0639\\u0638\\u064a\\u0645. \\u0627\\u0644\\u062d\\u0642\\u064a\\u0642\\u0629 \\u060c \\u0635\\u0627\\u0646\\u0639 \\u0627\\u0644\\u0633\\u0639\\u0627\\u062f\\u0629 \\u0627\\u0644\\u0628\\u0634\\u0631\\u064a\\u0629. \\u0644\\u0627 \\u0623\\u062d\\u062f \\u064a\\u0631\\u0641\\u0636 \\u0623\\u0648 \\u064a\\u0643\\u0631\\u0647 \\u0623\\u0648 \\u064a\\u062a\\u062c\\u0646\\u0628 \\u0627\\u0644\\u0645\\u062a\\u0639\\u0629 \\u0646\\u0641\\u0633\\u0647\\u0627 \\u060c \\u0644\\u0623\\u0646\\u0647\\u0627 \\u0645\\u062a\\u0639\\u0629 \\u060c \\u0648\\u0644\\u0643\\u0646 \\u0644\\u0623\\u0646 \\u0623\\u0648\\u0644\\u0626\\u0643 \\u0627\\u0644\\u0630\\u064a\\u0646 \\u0644\\u0627 \\u064a\\u0639\\u0631\\u0641\\u0648\\u0646 \\u0643\\u064a\\u0641 \\u064a\\u0633\\u0639\\u0648\\u0646 \\u0648\\u0631\\u0627\\u0621 \\u0627\\u0644\\u0645\\u062a\\u0639\\u0629 \\u0628\\u0639\\u0642\\u0644\\u0627\\u0646\\u064a\\u0629 \\u0646\\u062d\\u0646 \\u0645\\u0645\\u062a\\u0646\\u0648\\u0646 \\u062c\\u062f\\u064b\\u0627 \\u0644\\u0643 \\u0639\\u0644\\u0649 \\u062a\\u0628\\u0631\\u0639\\u0643. \\u064a\\u0633\\u0627\\u0639\\u062f\\u0646\\u0627 \\u0645\\u062c\\u0647\\u0648\\u062f\\u0643 \\u0627\\u0644\\u0635\\u063a\\u064a\\u0631 \\u0641\\u064a \\u062a\\u063a\\u064a\\u064a\\u0631 \\u0627\\u0644\\u062d\\u064a\\u0627\\u0629 \\u0627\\u0644\\u0645\\u062c\\u062a\\u0645\\u0639\\u064a\\u0629 \\u0627\\u0644\\u0643\\u0628\\u064a\\u0631\\u0629 \\u060c \\u0648\\u064a\\u062c\\u0628 \\u0623\\u0646 \\u0623\\u0634\\u0631\\u062d \\u0644\\u0643 \\u0643\\u064a\\u0641 \\u0648\\u0644\\u062f\\u062a \\u0643\\u0644 \\u0647\\u0630\\u0647 \\u0627\\u0644\\u0641\\u0643\\u0631\\u0629 \\u0627\\u0644\\u062e\\u0627\\u0637\\u0626\\u0629 \\u0627\\u0644\\u0645\\u062a\\u0645\\u062b\\u0644\\u0629 \\u0641\\u064a \\u0625\\u062f\\u0627\\u0646\\u0629 \\u0627\\u0644\\u0645\\u062a\\u0639\\u0629 \\u0648\\u0645\\u062f\\u062d \\u0627\\u0644\\u0623\\u0644\\u0645 \\u060c \\u0648\\u0633\\u0623\\u0642\\u062f\\u0645 \\u0644\\u0643 \\u0648\\u0635\\u0641\\u064b\\u0627 \\u0643\\u0627\\u0645\\u0644\\u0627\\u064b \\u0644\\u0644\\u0646\\u0638\\u0627\\u0645 \\u060c \\u0648\\u0623\\u0634\\u0631\\u062d \\u0644\\u0643 \\u062d\\u0642\\u064a\\u0642\\u0629 \\u0627\\u0644\\u0623\\u0645\\u0631. \\u064a\\u062c\\u0628 \\u0623\\u0646 \\u0623\\u0634\\u0631\\u062d \\u0644\\u0643 \\u0643\\u064a\\u0641 \\u0643\\u0644 \\u0647\\u0630\\u0647 \\u0627\\u0644\\u0641\\u0643\\u0631\\u0629 \\u0627\\u0644\\u062e\\u0627\\u0637\\u0626\\u0629 \\u0644\\u0644\\u062a\\u0646\\u062f\\u064a\\u062f \\u0628\\u0627\\u0644\\u0644\\u0630\\u0629. \\u0646\\u062d\\u0646 \\u0645\\u0645\\u062a\\u0646\\u0648\\u0646 \\u062c\\u062f\\u064b\\u0627 \\u0644\\u0643 \\u0639\\u0644\\u0649 \\u062a\\u0628\\u0631\\u0639\\u0643. \\u064a\\u0633\\u0627\\u0639\\u062f\\u0646\\u0627 \\u0645\\u062c\\u0647\\u0648\\u062f\\u0643 \\u0627\\u0644\\u0635\\u063a\\u064a\\u0631 \\u0641\\u064a \\u062a\\u063a\\u064a\\u064a\\u0631 \\u0627\\u0644\\u062d\\u064a\\u0627\\u0629 \\u0627\\u0644\\u0645\\u062c\\u062a\\u0645\\u0639\\u064a\\u0629 \\u0627\\u0644\\u0643\\u0628\\u064a\\u0631\\u0629 \\u060c \\u0648\\u064a\\u062c\\u0628 \\u0623\\u0646 \\u0623\\u0634\\u0631\\u062d \\u0644\\u0643 \\u0643\\u064a\\u0641 \\u0648\\u0644\\u062f\\u062a \\u0643\\u0644 \\u0647\\u0630\\u0647 \\u0627\\u0644\\u0641\\u0643\\u0631\\u0629 \\u0627\\u0644\\u062e\\u0627\\u0637\\u0626\\u0629 \\u0627\\u0644\\u0645\\u062a\\u0645\\u062b\\u0644\\u0629 \\u0641\\u064a \\u0625\\u062f\\u0627\\u0646\\u0629 \\u0627\\u0644\\u0645\\u062a\\u0639\\u0629 \\u0648\\u0645\\u062f\\u062d \\u0627\\u0644\\u0623\\u0644\\u0645 \\u060c \\u0648\\u0633\\u0623\\u0642\\u062f\\u0645 \\u0644\\u0643 \\u0648\\u0635\\u0641\\u064b\\u0627 \\u0643\\u0627\\u0645\\u0644\\u0627\\u064b \\u0644\\u0644\\u0646\\u0638\\u0627\\u0645 \\u060c \\u0648\\u0623\\u0634\\u0631\\u062d \\u0644\\u0643 \\u062d\\u0642\\u064a\\u0642\\u0629 \\u0627\\u0644\\u0623\\u0645\\u0631. \\u064a\\u062c\\u0628 \\u0623\\u0646 \\u0623\\u0634\\u0631\\u062d \\u0644\\u0643 \\u0643\\u064a\\u0641 \\u0643\\u0644 \\u0647\\u0630\\u0647 \\u0627\\u0644\\u0641\\u0643\\u0631\\u0629 \\u0627\\u0644\\u062e\\u0627\\u0637\\u0626\\u0629 \\u0644\\u0644\\u062a\\u0646\\u062f\\u064a\\u062f \\u0628\\u0627\\u0644\\u0644\\u0630\\u0629. \\u0646\\u062d\\u0646 \\u0645\\u0645\\u062a\\u0646\\u0648\\u0646 \\u062c\\u062f\\u064b\\u0627 \\u0644\\u0643 \\u0639\\u0644\\u0649 \\u062a\\u0628\\u0631\\u0639\\u0643. \\u064a\\u0633\\u0627\\u0639\\u062f\\u0646\\u0627 \\u0645\\u062c\\u0647\\u0648\\u062f\\u0643 \\u0627\\u0644\\u0635\\u063a\\u064a\\u0631 \\u0641\\u064a \\u062a\\u063a\\u064a\\u064a\\u0631 \\u0627\\u0644\\u062d\\u064a\\u0627\\u0629 \\u0627\\u0644\\u0645\\u062c\\u062a\\u0645\\u0639\\u064a\\u0629 \\u0627\\u0644\\u0643\\u0628\\u064a\\u0631\\u0629 \\u060c \\u0648\\u064a\\u062c\\u0628 \\u0623\\u0646 \\u0623\\u0634\\u0631\\u062d \\u0644\\u0643 \\u0643\\u064a\\u0641 \\u0648\\u0644\\u062f\\u062a \\u0643\\u0644 \\u0647\\u0630\\u0647 \\u0627\\u0644\\u0641\\u0643\\u0631\\u0629 \\u0627\\u0644\\u062e\\u0627\\u0637\\u0626\\u0629 \\u0627\\u0644\\u0645\\u062a\\u0645\\u062b\\u0644\\u0629 \\u0641\\u064a \\u0625\\u062f\\u0627\\u0646\\u0629 \\u0627\\u0644\\u0645\\u062a\\u0639\\u0629 \\u0648\\u0645\\u062f\\u062d \\u0627\\u0644\\u0623\\u0644\\u0645 \\u060c \\u0648\\u0633\\u0623\\u0642\\u062f\\u0645 \\u0644\\u0643 \\u0648\\u0635\\u0641\\u064b\\u0627 \\u0643\\u0627\\u0645\\u0644\\u0627\\u064b \\u0644\\u0644\\u0646\\u0638\\u0627\\u0645 \\u060c \\u0648\\u0623\\u0634\\u0631\\u062d \\u0644\\u0643 \\u062d\\u0642\\u064a\\u0642\\u0629 \\u0627\\u0644\\u0623\\u0645\\u0631. \\u064a\\u062c\\u0628 \\u0623\\u0646 \\u0623\\u0634\\u0631\\u062d \\u0644\\u0643 \\u0643\\u064a\\u0641 \\u0643\\u0644 \\u0647\\u0630\\u0647 \\u0627\\u0644\\u0641\\u0643\\u0631\\u0629 \\u0627\\u0644\\u062e\\u0627\\u0637\\u0626\\u0629 \\u0644\\u0644\\u062a\\u0646\\u062f\\u064a\\u062f \\u0628\\u0627\\u0644\\u0644\\u0630\\u0629. \\u0646\\u062d\\u0646 \\u0645\\u0645\\u062a\\u0646\\u0648\\u0646 \\u062c\\u062f\\u064b\\u0627 \\u0644\\u0643 \\u0639\\u0644\\u0649 \\u062a\\u0628\\u0631\\u0639\\u0643. \\u064a\\u0633\\u0627\\u0639\\u062f\\u0646\\u0627 \\u0645\\u062c\\u0647\\u0648\\u062f\\u0643 \\u0627\\u0644\\u0635\\u063a\\u064a\\u0631 \\u0641\\u064a \\u062a\\u063a\\u064a\\u064a\\u0631 \\u0627\\u0644\\u062d\\u064a\\u0627\\u0629 \\u0627\\u0644\\u0645\\u062c\\u062a\\u0645\\u0639\\u064a\\u0629 \\u0627\\u0644\\u0643\\u0628\\u064a\\u0631\\u0629 \\u060c \\u0648\\u064a\\u062c\\u0628 \\u0623\\u0646 \\u0623\\u0634\\u0631\\u062d \\u0644\\u0643 \\u0643\\u064a\\u0641 \\u0648\\u0644\\u062f\\u062a \\u0643\\u0644 \\u0647\\u0630\\u0647 \\u0627\\u0644\\u0641\\u0643\\u0631\\u0629 \\u0627\\u0644\\u062e\\u0627\\u0637\\u0626\\u0629 \\u0627\\u0644\\u0645\\u062a\\u0645\\u062b\\u0644\\u0629 \\u0641\\u064a \\u0625\\u062f\\u0627\\u0646\\u0629 \\u0627\\u0644\\u0645\\u062a\\u0639\\u0629 \\u0648\\u0645\\u062f\\u062d \\u0627\\u0644\\u0623\\u0644\\u0645 \\u060c \\u0648\\u0633\\u0623\\u0642\\u062f\\u0645 \\u0644\\u0643 \\u0648\\u0635\\u0641\\u064b\\u0627 \\u0643\\u0627\\u0645\\u0644\\u0627\\u064b \\u0644\\u0644\\u0646\\u0638\\u0627\\u0645 \\u060c \\u0648\\u0623\\u0634\\u0631\\u062d \\u0644\\u0643 \\u062d\\u0642\\u064a\\u0642\\u0629 \\u0627\\u0644\\u0623\\u0645\\u0631. \\u064a\\u062c\\u0628 \\u0623\\u0646 \\u0623\\u0634\\u0631\\u062d \\u0644\\u0643 \\u0643\\u064a\\u0641 \\u0643\\u0644 \\u0647\\u0630\\u0647 \\u0627\\u0644\\u0641\\u0643\\u0631\\u0629 \\u0627\\u0644\\u062e\\u0627\\u0637\\u0626\\u0629 \\u0644\\u0644\\u062a\\u0646\\u062f\\u064a\\u062f \\u0628\\u0627\\u0644\\u0644\\u0630\\u0629\"}","experience":"2 years","designation":"{\"en_US\":\"Full Stack Developer\",\"azb\":\"\\u0627\\u0644\\u0628\\u064a\\u0627\\u0646\\u0627\\u062a \\u0627\\u0644\\u062a\\u062c\\u0631\\u064a\\u0628\\u064a\\u0629\"}","employee_type":"0","working_days":"5","working_type":"1","job_location":"{\"en_US\":\"Tele-Trabalho\",\"azb\":\"\\u0627\\u0644\\u0628\\u064a\\u0627\\u0646\\u0627\\u062a \\u0627\\u0644\\u062a\\u062c\\u0631\\u064a\\u0628\\u064a\\u0629\"}","company_name":"{\"en_US\":\"Demo Company\",\"azb\":\"\\u0627\\u0644\\u0628\\u064a\\u0627\\u0646\\u0627\\u062a \\u0627\\u0644\\u062a\\u062c\\u0631\\u064a\\u0628\\u064a\\u0629\"}","salary_offer":65000,"image":"197","deadline":"2022-12-15","application_fee_status":"on","application_fee":30,"status":1,"created_at":"2022-11-07 05:02:06","updated_at":"2023-04-11 12:04:16"},{"id":6,"category_id":3,"title":"{\"en\":\"Project Manager\",\"en_US\":\"Senior UI Designer\",\"azb\":\"\\u0628\\u0639\\u0642 \\u0644\\u0644\\u062a\\u0646\\u062f\\u064a\\u062f \\u0628\\u0627\\u0644\\u0644\\u0630\\u0629\"}","slug":"senior-ui-designer-1","description":"{\"en_US\":\"We azbe very much greatful to you for your donation. Your little effort help us to change big community life I must explain to you how all this mistaken idea of denouncing pleen_USure and praising pain wen_US azbrn and I will give you a complete account of the system, and expound the actual teachings of the great explorer of the truth, the men_USter-builder of human happiness. No one rejects, dislikes, or avoids pleen_USure itself, beazbuse it is pleen_USure, but beazbuse those who do not know how to pursue pleen_USure rationally We azbe very much greatful to you for your donation. Your little effort help us to change big community life I must explain to you how all this mistaken idea of denouncing pleen_USure and praising pain wen_US azbrn and I will give you a complete account of the system, and expound the actual . I must explain to you how all this mistaken idea of denouncing pleen_USure . We azbe very much greatful to you for your donation. Your little effort help us to change big community life I must explain to you how all this mistaken idea of denouncing pleen_USure and praising pain wen_US azbrn and I will give you a complete account of the system, and expound the actual . I must explain to you how all this mistaken idea of denouncing pleen_USure . We azbe very much greatful to you for your donation. Your little effort help us to change big community life I must explain to you how all this mistaken idea of denouncing pleen_USure and praising pain wen_US azbrn and I will give you a complete account of the system, and expound the actual . I must explain to you how all this mistaken idea of denouncing pleen_USure . We azbe very much greatful to you for your donation. Your little effort help us to change big community life I must explain to you how all this mistaken idea of denouncing pleen_USure and praising pain wen_US azbrn and I will give you a complete account of the system, and expound the actual . I must explain to you how all this mistaken idea of denouncing pleen_USure\",\"azb\":\"\\u0646\\u062d\\u0646 \\u0645\\u0645\\u062a\\u0646\\u0648\\u0646 \\u062c\\u062f\\u064b\\u0627 \\u0644\\u0643 \\u0639\\u0644\\u0649 \\u062a\\u0628\\u0631\\u0639\\u0643. \\u064a\\u0633\\u0627\\u0639\\u062f\\u0646\\u0627 \\u0645\\u062c\\u0647\\u0648\\u062f\\u0643 \\u0627\\u0644\\u0635\\u063a\\u064a\\u0631 \\u0641\\u064a \\u062a\\u063a\\u064a\\u064a\\u0631 \\u0627\\u0644\\u062d\\u064a\\u0627\\u0629 \\u0627\\u0644\\u0645\\u062c\\u062a\\u0645\\u0639\\u064a\\u0629 \\u0627\\u0644\\u0643\\u0628\\u064a\\u0631\\u0629 \\u060c \\u0648\\u064a\\u062c\\u0628 \\u0623\\u0646 \\u0623\\u0634\\u0631\\u062d \\u0644\\u0643 \\u0643\\u064a\\u0641 \\u0648\\u0644\\u062f\\u062a \\u0643\\u0644 \\u0647\\u0630\\u0647 \\u0627\\u0644\\u0641\\u0643\\u0631\\u0629 \\u0627\\u0644\\u062e\\u0627\\u0637\\u0626\\u0629 \\u0627\\u0644\\u0645\\u062a\\u0645\\u062b\\u0644\\u0629 \\u0641\\u064a \\u0625\\u062f\\u0627\\u0646\\u0629 \\u0627\\u0644\\u0645\\u062a\\u0639\\u0629 \\u0648\\u0645\\u062f\\u062d \\u0627\\u0644\\u0623\\u0644\\u0645 \\u060c \\u0648\\u0633\\u0623\\u0642\\u062f\\u0645 \\u0644\\u0643 \\u0648\\u0635\\u0641\\u064b\\u0627 \\u0643\\u0627\\u0645\\u0644\\u0627\\u064b \\u0644\\u0644\\u0646\\u0638\\u0627\\u0645 \\u060c \\u0648\\u0623\\u0634\\u0631\\u062d \\u0627\\u0644\\u062a\\u0639\\u0627\\u0644\\u064a\\u0645 \\u0627\\u0644\\u0641\\u0639\\u0644\\u064a\\u0629 \\u0644\\u0644\\u0645\\u0633\\u062a\\u0643\\u0634\\u0641 \\u0627\\u0644\\u0639\\u0638\\u064a\\u0645. \\u0627\\u0644\\u062d\\u0642\\u064a\\u0642\\u0629 \\u060c \\u0635\\u0627\\u0646\\u0639 \\u0627\\u0644\\u0633\\u0639\\u0627\\u062f\\u0629 \\u0627\\u0644\\u0628\\u0634\\u0631\\u064a\\u0629. \\u0644\\u0627 \\u0623\\u062d\\u062f \\u064a\\u0631\\u0641\\u0636 \\u0623\\u0648 \\u064a\\u0643\\u0631\\u0647 \\u0623\\u0648 \\u064a\\u062a\\u062c\\u0646\\u0628 \\u0627\\u0644\\u0645\\u062a\\u0639\\u0629 \\u0646\\u0641\\u0633\\u0647\\u0627 \\u060c \\u0644\\u0623\\u0646\\u0647\\u0627 \\u0645\\u062a\\u0639\\u0629 \\u060c \\u0648\\u0644\\u0643\\u0646 \\u0644\\u0623\\u0646 \\u0623\\u0648\\u0644\\u0626\\u0643 \\u0627\\u0644\\u0630\\u064a\\u0646 \\u0644\\u0627 \\u064a\\u0639\\u0631\\u0641\\u0648\\u0646 \\u0643\\u064a\\u0641 \\u064a\\u0633\\u0639\\u0648\\u0646 \\u0648\\u0631\\u0627\\u0621 \\u0627\\u0644\\u0645\\u062a\\u0639\\u0629 \\u0628\\u0639\\u0642\\u0644\\u0627\\u0646\\u064a\\u0629 \\u0646\\u062d\\u0646 \\u0645\\u0645\\u062a\\u0646\\u0648\\u0646 \\u062c\\u062f\\u064b\\u0627 \\u0644\\u0643 \\u0639\\u0644\\u0649 \\u062a\\u0628\\u0631\\u0639\\u0643. \\u064a\\u0633\\u0627\\u0639\\u062f\\u0646\\u0627 \\u0645\\u062c\\u0647\\u0648\\u062f\\u0643 \\u0627\\u0644\\u0635\\u063a\\u064a\\u0631 \\u0641\\u064a \\u062a\\u063a\\u064a\\u064a\\u0631 \\u0627\\u0644\\u062d\\u064a\\u0627\\u0629 \\u0627\\u0644\\u0645\\u062c\\u062a\\u0645\\u0639\\u064a\\u0629 \\u0627\\u0644\\u0643\\u0628\\u064a\\u0631\\u0629 \\u060c \\u0648\\u064a\\u062c\\u0628 \\u0623\\u0646 \\u0623\\u0634\\u0631\\u062d \\u0644\\u0643 \\u0643\\u064a\\u0641 \\u0648\\u0644\\u062f\\u062a \\u0643\\u0644 \\u0647\\u0630\\u0647 \\u0627\\u0644\\u0641\\u0643\\u0631\\u0629 \\u0627\\u0644\\u062e\\u0627\\u0637\\u0626\\u0629 \\u0627\\u0644\\u0645\\u062a\\u0645\\u062b\\u0644\\u0629 \\u0641\\u064a \\u0625\\u062f\\u0627\\u0646\\u0629 \\u0627\\u0644\\u0645\\u062a\\u0639\\u0629 \\u0648\\u0645\\u062f\\u062d \\u0627\\u0644\\u0623\\u0644\\u0645 \\u060c \\u0648\\u0633\\u0623\\u0642\\u062f\\u0645 \\u0644\\u0643 \\u0648\\u0635\\u0641\\u064b\\u0627 \\u0643\\u0627\\u0645\\u0644\\u0627\\u064b \\u0644\\u0644\\u0646\\u0638\\u0627\\u0645 \\u060c \\u0648\\u0623\\u0634\\u0631\\u062d \\u0644\\u0643 \\u062d\\u0642\\u064a\\u0642\\u0629 \\u0627\\u0644\\u0623\\u0645\\u0631. \\u064a\\u062c\\u0628 \\u0623\\u0646 \\u0623\\u0634\\u0631\\u062d \\u0644\\u0643 \\u0643\\u064a\\u0641 \\u0643\\u0644 \\u0647\\u0630\\u0647 \\u0627\\u0644\\u0641\\u0643\\u0631\\u0629 \\u0627\\u0644\\u062e\\u0627\\u0637\\u0626\\u0629 \\u0644\\u0644\\u062a\\u0646\\u062f\\u064a\\u062f \\u0628\\u0627\\u0644\\u0644\\u0630\\u0629. \\u0646\\u062d\\u0646 \\u0645\\u0645\\u062a\\u0646\\u0648\\u0646 \\u062c\\u062f\\u064b\\u0627 \\u0644\\u0643 \\u0639\\u0644\\u0649 \\u062a\\u0628\\u0631\\u0639\\u0643. \\u064a\\u0633\\u0627\\u0639\\u062f\\u0646\\u0627 \\u0645\\u062c\\u0647\\u0648\\u062f\\u0643 \\u0627\\u0644\\u0635\\u063a\\u064a\\u0631 \\u0641\\u064a \\u062a\\u063a\\u064a\\u064a\\u0631 \\u0627\\u0644\\u062d\\u064a\\u0627\\u0629 \\u0627\\u0644\\u0645\\u062c\\u062a\\u0645\\u0639\\u064a\\u0629 \\u0627\\u0644\\u0643\\u0628\\u064a\\u0631\\u0629 \\u060c \\u0648\\u064a\\u062c\\u0628 \\u0623\\u0646 \\u0623\\u0634\\u0631\\u062d \\u0644\\u0643 \\u0643\\u064a\\u0641 \\u0648\\u0644\\u062f\\u062a \\u0643\\u0644 \\u0647\\u0630\\u0647 \\u0627\\u0644\\u0641\\u0643\\u0631\\u0629 \\u0627\\u0644\\u062e\\u0627\\u0637\\u0626\\u0629 \\u0627\\u0644\\u0645\\u062a\\u0645\\u062b\\u0644\\u0629 \\u0641\\u064a \\u0625\\u062f\\u0627\\u0646\\u0629 \\u0627\\u0644\\u0645\\u062a\\u0639\\u0629 \\u0648\\u0645\\u062f\\u062d \\u0627\\u0644\\u0623\\u0644\\u0645 \\u060c \\u0648\\u0633\\u0623\\u0642\\u062f\\u0645 \\u0644\\u0643 \\u0648\\u0635\\u0641\\u064b\\u0627 \\u0643\\u0627\\u0645\\u0644\\u0627\\u064b \\u0644\\u0644\\u0646\\u0638\\u0627\\u0645 \\u060c \\u0648\\u0623\\u0634\\u0631\\u062d \\u0644\\u0643 \\u062d\\u0642\\u064a\\u0642\\u0629 \\u0627\\u0644\\u0623\\u0645\\u0631. \\u064a\\u062c\\u0628 \\u0623\\u0646 \\u0623\\u0634\\u0631\\u062d \\u0644\\u0643 \\u0643\\u064a\\u0641 \\u0643\\u0644 \\u0647\\u0630\\u0647 \\u0627\\u0644\\u0641\\u0643\\u0631\\u0629 \\u0627\\u0644\\u062e\\u0627\\u0637\\u0626\\u0629 \\u0644\\u0644\\u062a\\u0646\\u062f\\u064a\\u062f \\u0628\\u0627\\u0644\\u0644\\u0630\\u0629. \\u0646\\u062d\\u0646 \\u0645\\u0645\\u062a\\u0646\\u0648\\u0646 \\u062c\\u062f\\u064b\\u0627 \\u0644\\u0643 \\u0639\\u0644\\u0649 \\u062a\\u0628\\u0631\\u0639\\u0643. \\u064a\\u0633\\u0627\\u0639\\u062f\\u0646\\u0627 \\u0645\\u062c\\u0647\\u0648\\u062f\\u0643 \\u0627\\u0644\\u0635\\u063a\\u064a\\u0631 \\u0641\\u064a \\u062a\\u063a\\u064a\\u064a\\u0631 \\u0627\\u0644\\u062d\\u064a\\u0627\\u0629 \\u0627\\u0644\\u0645\\u062c\\u062a\\u0645\\u0639\\u064a\\u0629 \\u0627\\u0644\\u0643\\u0628\\u064a\\u0631\\u0629 \\u060c \\u0648\\u064a\\u062c\\u0628 \\u0623\\u0646 \\u0623\\u0634\\u0631\\u062d \\u0644\\u0643 \\u0643\\u064a\\u0641 \\u0648\\u0644\\u062f\\u062a \\u0643\\u0644 \\u0647\\u0630\\u0647 \\u0627\\u0644\\u0641\\u0643\\u0631\\u0629 \\u0627\\u0644\\u062e\\u0627\\u0637\\u0626\\u0629 \\u0627\\u0644\\u0645\\u062a\\u0645\\u062b\\u0644\\u0629 \\u0641\\u064a \\u0625\\u062f\\u0627\\u0646\\u0629 \\u0627\\u0644\\u0645\\u062a\\u0639\\u0629 \\u0648\\u0645\\u062f\\u062d \\u0627\\u0644\\u0623\\u0644\\u0645 \\u060c \\u0648\\u0633\\u0623\\u0642\\u062f\\u0645 \\u0644\\u0643 \\u0648\\u0635\\u0641\\u064b\\u0627 \\u0643\\u0627\\u0645\\u0644\\u0627\\u064b \\u0644\\u0644\\u0646\\u0638\\u0627\\u0645 \\u060c \\u0648\\u0623\\u0634\\u0631\\u062d \\u0644\\u0643 \\u062d\\u0642\\u064a\\u0642\\u0629 \\u0627\\u0644\\u0623\\u0645\\u0631. \\u064a\\u062c\\u0628 \\u0623\\u0646 \\u0623\\u0634\\u0631\\u062d \\u0644\\u0643 \\u0643\\u064a\\u0641 \\u0643\\u0644 \\u0647\\u0630\\u0647 \\u0627\\u0644\\u0641\\u0643\\u0631\\u0629 \\u0627\\u0644\\u062e\\u0627\\u0637\\u0626\\u0629 \\u0644\\u0644\\u062a\\u0646\\u062f\\u064a\\u062f \\u0628\\u0627\\u0644\\u0644\\u0630\\u0629. \\u0646\\u062d\\u0646 \\u0645\\u0645\\u062a\\u0646\\u0648\\u0646 \\u062c\\u062f\\u064b\\u0627 \\u0644\\u0643 \\u0639\\u0644\\u0649 \\u062a\\u0628\\u0631\\u0639\\u0643. \\u064a\\u0633\\u0627\\u0639\\u062f\\u0646\\u0627 \\u0645\\u062c\\u0647\\u0648\\u062f\\u0643 \\u0627\\u0644\\u0635\\u063a\\u064a\\u0631 \\u0641\\u064a \\u062a\\u063a\\u064a\\u064a\\u0631 \\u0627\\u0644\\u062d\\u064a\\u0627\\u0629 \\u0627\\u0644\\u0645\\u062c\\u062a\\u0645\\u0639\\u064a\\u0629 \\u0627\\u0644\\u0643\\u0628\\u064a\\u0631\\u0629 \\u060c \\u0648\\u064a\\u062c\\u0628 \\u0623\\u0646 \\u0623\\u0634\\u0631\\u062d \\u0644\\u0643 \\u0643\\u064a\\u0641 \\u0648\\u0644\\u062f\\u062a \\u0643\\u0644 \\u0647\\u0630\\u0647 \\u0627\\u0644\\u0641\\u0643\\u0631\\u0629 \\u0627\\u0644\\u062e\\u0627\\u0637\\u0626\\u0629 \\u0627\\u0644\\u0645\\u062a\\u0645\\u062b\\u0644\\u0629 \\u0641\\u064a \\u0625\\u062f\\u0627\\u0646\\u0629 \\u0627\\u0644\\u0645\\u062a\\u0639\\u0629 \\u0648\\u0645\\u062f\\u062d \\u0627\\u0644\\u0623\\u0644\\u0645 \\u060c \\u0648\\u0633\\u0623\\u0642\\u062f\\u0645 \\u0644\\u0643 \\u0648\\u0635\\u0641\\u064b\\u0627 \\u0643\\u0627\\u0645\\u0644\\u0627\\u064b \\u0644\\u0644\\u0646\\u0638\\u0627\\u0645 \\u060c \\u0648\\u0623\\u0634\\u0631\\u062d \\u0644\\u0643 \\u062d\\u0642\\u064a\\u0642\\u0629 \\u0627\\u0644\\u0623\\u0645\\u0631. \\u064a\\u062c\\u0628 \\u0623\\u0646 \\u0623\\u0634\\u0631\\u062d \\u0644\\u0643 \\u0643\\u064a\\u0641 \\u0643\\u0644 \\u0647\\u0630\\u0647 \\u0627\\u0644\\u0641\\u0643\\u0631\\u0629 \\u0627\\u0644\\u062e\\u0627\\u0637\\u0626\\u0629 \\u0644\\u0644\\u062a\\u0646\\u062f\\u064a\\u062f \\u0628\\u0627\\u0644\\u0644\\u0630\\u0629\"}","experience":"3 years","designation":"{\"en_US\":\"Senior UI Designer\",\"azb\":\"\\u0627\\u0644\\u0628\\u064a\\u0627\\u0646\\u0627\\u062a \\u0627\\u0644\\u062a\\u062c\\u0631\\u064a\\u0628\\u064a\\u0629\"}","employee_type":"0","working_days":"5","working_type":"1","job_location":"{\"en_US\":\"Dhanmondi, Dhaka\",\"azb\":\"\\u0627\\u0644\\u0628\\u064a\\u0627\\u0646\\u0627\\u062a \\u0627\\u0644\\u062a\\u062c\\u0631\\u064a\\u0628\\u064a\\u0629\"}","company_name":"{\"en_US\":\"Bender Bernazbd Traders\",\"azb\":\"\\u0627\\u0644\\u0628\\u064a\\u0627\\u0646\\u0627\\u062a \\u0627\\u0644\\u062a\\u062c\\u0631\\u064a\\u0628\\u064a\\u0629\"}","salary_offer":75000,"image":"196","deadline":"2022-12-15","application_fee_status":"on","application_fee":18,"status":1,"created_at":"2022-11-07 05:04:26","updated_at":"2023-04-11 12:04:16"},{"id":14,"category_id":3,"title":"{\"en\":\"Senior UI Designer\",\"en_US\":\"Senior UI UX Designer\",\"azb\":\"\\u0628\\u0639\\u0642 \\u0644\\u0644\\u062a\\u0646\\u062f\\u064a\\u062f \\u0628\\u0627\\u0644\\u0644\\u0630\\u0629\"}","slug":"senior-ui-designer-6","description":"{\"en_US\":\"We azbe very much greatful to you for your donation. Your little effort help us to change big community life I must explain to you how all this mistaken idea of denouncing pleen_USure and praising pain wen_US azbrn and I will give you a complete account of the system, and expound the actual teachings of the great explorer of the truth, the men_USter-builder of human happiness. No one rejects, dislikes, or avoids pleen_USure itself, beazbuse it is pleen_USure, but beazbuse those who do not know how to pursue pleen_USure rationally We azbe very much greatful to you for your donation. Your little effort help us to change big community life I must explain to you how all this mistaken idea of denouncing pleen_USure and praising pain wen_US azbrn and I will give you a complete account of the system, and expound the actual . I must explain to you how all this mistaken idea of denouncing pleen_USure . We azbe very much greatful to you for your donation. Your little effort help us to change big community life I must explain to you how all this mistaken idea of denouncing pleen_USure and praising pain wen_US azbrn and I will give you a complete account of the system, and expound the actual . I must explain to you how all this mistaken idea of denouncing pleen_USure . We azbe very much greatful to you for your donation. Your little effort help us to change big community life I must explain to you how all this mistaken idea of denouncing pleen_USure and praising pain wen_US azbrn and I will give you a complete account of the system, and expound the actual . I must explain to you how all this mistaken idea of denouncing pleen_USure . We azbe very much greatful to you for your donation. Your little effort help us to change big community life I must explain to you how all this mistaken idea of denouncing pleen_USure and praising pain wen_US azbrn and I will give you a complete account of the system, and expound the actual . I must explain to you how all this mistaken idea of denouncing pleen_USure \",\"azb\":\"\\u0646\\u062d\\u0646 \\u0645\\u0645\\u062a\\u0646\\u0648\\u0646 \\u062c\\u062f\\u064b\\u0627 \\u0644\\u0643 \\u0639\\u0644\\u0649 \\u062a\\u0628\\u0631\\u0639\\u0643. \\u064a\\u0633\\u0627\\u0639\\u062f\\u0646\\u0627 \\u0645\\u062c\\u0647\\u0648\\u062f\\u0643 \\u0627\\u0644\\u0635\\u063a\\u064a\\u0631 \\u0641\\u064a \\u062a\\u063a\\u064a\\u064a\\u0631 \\u0627\\u0644\\u062d\\u064a\\u0627\\u0629 \\u0627\\u0644\\u0645\\u062c\\u062a\\u0645\\u0639\\u064a\\u0629 \\u0627\\u0644\\u0643\\u0628\\u064a\\u0631\\u0629 \\u060c \\u0648\\u064a\\u062c\\u0628 \\u0623\\u0646 \\u0623\\u0634\\u0631\\u062d \\u0644\\u0643 \\u0643\\u064a\\u0641 \\u0648\\u0644\\u062f\\u062a \\u0643\\u0644 \\u0647\\u0630\\u0647 \\u0627\\u0644\\u0641\\u0643\\u0631\\u0629 \\u0627\\u0644\\u062e\\u0627\\u0637\\u0626\\u0629 \\u0627\\u0644\\u0645\\u062a\\u0645\\u062b\\u0644\\u0629 \\u0641\\u064a \\u0625\\u062f\\u0627\\u0646\\u0629 \\u0627\\u0644\\u0645\\u062a\\u0639\\u0629 \\u0648\\u0645\\u062f\\u062d \\u0627\\u0644\\u0623\\u0644\\u0645 \\u060c \\u0648\\u0633\\u0623\\u0642\\u062f\\u0645 \\u0644\\u0643 \\u0648\\u0635\\u0641\\u064b\\u0627 \\u0643\\u0627\\u0645\\u0644\\u0627\\u064b \\u0644\\u0644\\u0646\\u0638\\u0627\\u0645 \\u060c \\u0648\\u0623\\u0634\\u0631\\u062d \\u0627\\u0644\\u062a\\u0639\\u0627\\u0644\\u064a\\u0645 \\u0627\\u0644\\u0641\\u0639\\u0644\\u064a\\u0629 \\u0644\\u0644\\u0645\\u0633\\u062a\\u0643\\u0634\\u0641 \\u0627\\u0644\\u0639\\u0638\\u064a\\u0645. \\u0627\\u0644\\u062d\\u0642\\u064a\\u0642\\u0629 \\u060c \\u0635\\u0627\\u0646\\u0639 \\u0627\\u0644\\u0633\\u0639\\u0627\\u062f\\u0629 \\u0627\\u0644\\u0628\\u0634\\u0631\\u064a\\u0629. \\u0644\\u0627 \\u0623\\u062d\\u062f \\u064a\\u0631\\u0641\\u0636 \\u0623\\u0648 \\u064a\\u0643\\u0631\\u0647 \\u0623\\u0648 \\u064a\\u062a\\u062c\\u0646\\u0628 \\u0627\\u0644\\u0645\\u062a\\u0639\\u0629 \\u0646\\u0641\\u0633\\u0647\\u0627 \\u060c \\u0644\\u0623\\u0646\\u0647\\u0627 \\u0645\\u062a\\u0639\\u0629 \\u060c \\u0648\\u0644\\u0643\\u0646 \\u0644\\u0623\\u0646 \\u0623\\u0648\\u0644\\u0626\\u0643 \\u0627\\u0644\\u0630\\u064a\\u0646 \\u0644\\u0627 \\u064a\\u0639\\u0631\\u0641\\u0648\\u0646 \\u0643\\u064a\\u0641 \\u064a\\u0633\\u0639\\u0648\\u0646 \\u0648\\u0631\\u0627\\u0621 \\u0627\\u0644\\u0645\\u062a\\u0639\\u0629 \\u0628\\u0639\\u0642\\u0644\\u0627\\u0646\\u064a\\u0629 \\u0646\\u062d\\u0646 \\u0645\\u0645\\u062a\\u0646\\u0648\\u0646 \\u062c\\u062f\\u064b\\u0627 \\u0644\\u0643 \\u0639\\u0644\\u0649 \\u062a\\u0628\\u0631\\u0639\\u0643. \\u064a\\u0633\\u0627\\u0639\\u062f\\u0646\\u0627 \\u0645\\u062c\\u0647\\u0648\\u062f\\u0643 \\u0627\\u0644\\u0635\\u063a\\u064a\\u0631 \\u0641\\u064a \\u062a\\u063a\\u064a\\u064a\\u0631 \\u0627\\u0644\\u062d\\u064a\\u0627\\u0629 \\u0627\\u0644\\u0645\\u062c\\u062a\\u0645\\u0639\\u064a\\u0629 \\u0627\\u0644\\u0643\\u0628\\u064a\\u0631\\u0629 \\u060c \\u0648\\u064a\\u062c\\u0628 \\u0623\\u0646 \\u0623\\u0634\\u0631\\u062d \\u0644\\u0643 \\u0643\\u064a\\u0641 \\u0648\\u0644\\u062f\\u062a \\u0643\\u0644 \\u0647\\u0630\\u0647 \\u0627\\u0644\\u0641\\u0643\\u0631\\u0629 \\u0627\\u0644\\u062e\\u0627\\u0637\\u0626\\u0629 \\u0627\\u0644\\u0645\\u062a\\u0645\\u062b\\u0644\\u0629 \\u0641\\u064a \\u0625\\u062f\\u0627\\u0646\\u0629 \\u0627\\u0644\\u0645\\u062a\\u0639\\u0629 \\u0648\\u0645\\u062f\\u062d \\u0627\\u0644\\u0623\\u0644\\u0645 \\u060c \\u0648\\u0633\\u0623\\u0642\\u062f\\u0645 \\u0644\\u0643 \\u0648\\u0635\\u0641\\u064b\\u0627 \\u0643\\u0627\\u0645\\u0644\\u0627\\u064b \\u0644\\u0644\\u0646\\u0638\\u0627\\u0645 \\u060c \\u0648\\u0623\\u0634\\u0631\\u062d \\u0644\\u0643 \\u062d\\u0642\\u064a\\u0642\\u0629 \\u0627\\u0644\\u0623\\u0645\\u0631. \\u064a\\u062c\\u0628 \\u0623\\u0646 \\u0623\\u0634\\u0631\\u062d \\u0644\\u0643 \\u0643\\u064a\\u0641 \\u0643\\u0644 \\u0647\\u0630\\u0647 \\u0627\\u0644\\u0641\\u0643\\u0631\\u0629 \\u0627\\u0644\\u062e\\u0627\\u0637\\u0626\\u0629 \\u0644\\u0644\\u062a\\u0646\\u062f\\u064a\\u062f \\u0628\\u0627\\u0644\\u0644\\u0630\\u0629. \\u0646\\u062d\\u0646 \\u0645\\u0645\\u062a\\u0646\\u0648\\u0646 \\u062c\\u062f\\u064b\\u0627 \\u0644\\u0643 \\u0639\\u0644\\u0649 \\u062a\\u0628\\u0631\\u0639\\u0643. \\u064a\\u0633\\u0627\\u0639\\u062f\\u0646\\u0627 \\u0645\\u062c\\u0647\\u0648\\u062f\\u0643 \\u0627\\u0644\\u0635\\u063a\\u064a\\u0631 \\u0641\\u064a \\u062a\\u063a\\u064a\\u064a\\u0631 \\u0627\\u0644\\u062d\\u064a\\u0627\\u0629 \\u0627\\u0644\\u0645\\u062c\\u062a\\u0645\\u0639\\u064a\\u0629 \\u0627\\u0644\\u0643\\u0628\\u064a\\u0631\\u0629 \\u060c \\u0648\\u064a\\u062c\\u0628 \\u0623\\u0646 \\u0623\\u0634\\u0631\\u062d \\u0644\\u0643 \\u0643\\u064a\\u0641 \\u0648\\u0644\\u062f\\u062a \\u0643\\u0644 \\u0647\\u0630\\u0647 \\u0627\\u0644\\u0641\\u0643\\u0631\\u0629 \\u0627\\u0644\\u062e\\u0627\\u0637\\u0626\\u0629 \\u0627\\u0644\\u0645\\u062a\\u0645\\u062b\\u0644\\u0629 \\u0641\\u064a \\u0625\\u062f\\u0627\\u0646\\u0629 \\u0627\\u0644\\u0645\\u062a\\u0639\\u0629 \\u0648\\u0645\\u062f\\u062d \\u0627\\u0644\\u0623\\u0644\\u0645 \\u060c \\u0648\\u0633\\u0623\\u0642\\u062f\\u0645 \\u0644\\u0643 \\u0648\\u0635\\u0641\\u064b\\u0627 \\u0643\\u0627\\u0645\\u0644\\u0627\\u064b \\u0644\\u0644\\u0646\\u0638\\u0627\\u0645 \\u060c \\u0648\\u0623\\u0634\\u0631\\u062d \\u0644\\u0643 \\u062d\\u0642\\u064a\\u0642\\u0629 \\u0627\\u0644\\u0623\\u0645\\u0631. \\u064a\\u062c\\u0628 \\u0623\\u0646 \\u0623\\u0634\\u0631\\u062d \\u0644\\u0643 \\u0643\\u064a\\u0641 \\u0643\\u0644 \\u0647\\u0630\\u0647 \\u0627\\u0644\\u0641\\u0643\\u0631\\u0629 \\u0627\\u0644\\u062e\\u0627\\u0637\\u0626\\u0629 \\u0644\\u0644\\u062a\\u0646\\u062f\\u064a\\u062f \\u0628\\u0627\\u0644\\u0644\\u0630\\u0629. \\u0646\\u062d\\u0646 \\u0645\\u0645\\u062a\\u0646\\u0648\\u0646 \\u062c\\u062f\\u064b\\u0627 \\u0644\\u0643 \\u0639\\u0644\\u0649 \\u062a\\u0628\\u0631\\u0639\\u0643. \\u064a\\u0633\\u0627\\u0639\\u062f\\u0646\\u0627 \\u0645\\u062c\\u0647\\u0648\\u062f\\u0643 \\u0627\\u0644\\u0635\\u063a\\u064a\\u0631 \\u0641\\u064a \\u062a\\u063a\\u064a\\u064a\\u0631 \\u0627\\u0644\\u062d\\u064a\\u0627\\u0629 \\u0627\\u0644\\u0645\\u062c\\u062a\\u0645\\u0639\\u064a\\u0629 \\u0627\\u0644\\u0643\\u0628\\u064a\\u0631\\u0629 \\u060c \\u0648\\u064a\\u062c\\u0628 \\u0623\\u0646 \\u0623\\u0634\\u0631\\u062d \\u0644\\u0643 \\u0643\\u064a\\u0641 \\u0648\\u0644\\u062f\\u062a \\u0643\\u0644 \\u0647\\u0630\\u0647 \\u0627\\u0644\\u0641\\u0643\\u0631\\u0629 \\u0627\\u0644\\u062e\\u0627\\u0637\\u0626\\u0629 \\u0627\\u0644\\u0645\\u062a\\u0645\\u062b\\u0644\\u0629 \\u0641\\u064a \\u0625\\u062f\\u0627\\u0646\\u0629 \\u0627\\u0644\\u0645\\u062a\\u0639\\u0629 \\u0648\\u0645\\u062f\\u062d \\u0627\\u0644\\u0623\\u0644\\u0645 \\u060c \\u0648\\u0633\\u0623\\u0642\\u062f\\u0645 \\u0644\\u0643 \\u0648\\u0635\\u0641\\u064b\\u0627 \\u0643\\u0627\\u0645\\u0644\\u0627\\u064b \\u0644\\u0644\\u0646\\u0638\\u0627\\u0645 \\u060c \\u0648\\u0623\\u0634\\u0631\\u062d \\u0644\\u0643 \\u062d\\u0642\\u064a\\u0642\\u0629 \\u0627\\u0644\\u0623\\u0645\\u0631. \\u064a\\u062c\\u0628 \\u0623\\u0646 \\u0623\\u0634\\u0631\\u062d \\u0644\\u0643 \\u0643\\u064a\\u0641 \\u0643\\u0644 \\u0647\\u0630\\u0647 \\u0627\\u0644\\u0641\\u0643\\u0631\\u0629 \\u0627\\u0644\\u062e\\u0627\\u0637\\u0626\\u0629 \\u0644\\u0644\\u062a\\u0646\\u062f\\u064a\\u062f \\u0628\\u0627\\u0644\\u0644\\u0630\\u0629. \\u0646\\u062d\\u0646 \\u0645\\u0645\\u062a\\u0646\\u0648\\u0646 \\u062c\\u062f\\u064b\\u0627 \\u0644\\u0643 \\u0639\\u0644\\u0649 \\u062a\\u0628\\u0631\\u0639\\u0643. \\u064a\\u0633\\u0627\\u0639\\u062f\\u0646\\u0627 \\u0645\\u062c\\u0647\\u0648\\u062f\\u0643 \\u0627\\u0644\\u0635\\u063a\\u064a\\u0631 \\u0641\\u064a \\u062a\\u063a\\u064a\\u064a\\u0631 \\u0627\\u0644\\u062d\\u064a\\u0627\\u0629 \\u0627\\u0644\\u0645\\u062c\\u062a\\u0645\\u0639\\u064a\\u0629 \\u0627\\u0644\\u0643\\u0628\\u064a\\u0631\\u0629 \\u060c \\u0648\\u064a\\u062c\\u0628 \\u0623\\u0646 \\u0623\\u0634\\u0631\\u062d \\u0644\\u0643 \\u0643\\u064a\\u0641 \\u0648\\u0644\\u062f\\u062a \\u0643\\u0644 \\u0647\\u0630\\u0647 \\u0627\\u0644\\u0641\\u0643\\u0631\\u0629 \\u0627\\u0644\\u062e\\u0627\\u0637\\u0626\\u0629 \\u0627\\u0644\\u0645\\u062a\\u0645\\u062b\\u0644\\u0629 \\u0641\\u064a \\u0625\\u062f\\u0627\\u0646\\u0629 \\u0627\\u0644\\u0645\\u062a\\u0639\\u0629 \\u0648\\u0645\\u062f\\u062d \\u0627\\u0644\\u0623\\u0644\\u0645 \\u060c \\u0648\\u0633\\u0623\\u0642\\u062f\\u0645 \\u0644\\u0643 \\u0648\\u0635\\u0641\\u064b\\u0627 \\u0643\\u0627\\u0645\\u0644\\u0627\\u064b \\u0644\\u0644\\u0646\\u0638\\u0627\\u0645 \\u060c \\u0648\\u0623\\u0634\\u0631\\u062d \\u0644\\u0643 \\u062d\\u0642\\u064a\\u0642\\u0629 \\u0627\\u0644\\u0623\\u0645\\u0631. \\u064a\\u062c\\u0628 \\u0623\\u0646 \\u0623\\u0634\\u0631\\u062d \\u0644\\u0643 \\u0643\\u064a\\u0641 \\u0643\\u0644 \\u0647\\u0630\\u0647 \\u0627\\u0644\\u0641\\u0643\\u0631\\u0629 \\u0627\\u0644\\u062e\\u0627\\u0637\\u0626\\u0629 \\u0644\\u0644\\u062a\\u0646\\u062f\\u064a\\u062f \\u0628\\u0627\\u0644\\u0644\\u0630\\u0629\"}","experience":"3 years","designation":"{\"en_US\":\"Police Officer\",\"azb\":\"\\u0627\\u0644\\u0628\\u064a\\u0627\\u0646\\u0627\\u062a \\u0627\\u0644\\u062a\\u062c\\u0631\\u064a\\u0628\\u064a\\u0629\"}","employee_type":"0","working_days":"5","working_type":"1","job_location":"{\"en_US\":\"Capital do Pau00eds\",\"azb\":\"\\u0627\\u0644\\u0628\\u064a\\u0627\\u0646\\u0627\\u062a \\u0627\\u0644\\u062a\\u062c\\u0631\\u064a\\u0628\\u064a\\u0629\"}","company_name":"{\"en_US\":\"Demo Company\",\"azb\":\"\\u0627\\u0644\\u0628\\u064a\\u0627\\u0646\\u0627\\u062a \\u0627\\u0644\\u062a\\u062c\\u0631\\u064a\\u0628\\u064a\\u0629\"}","salary_offer":75000,"image":"196","deadline":"2022-12-15","application_fee_status":"on","application_fee":18,"status":1,"created_at":"2022-11-07 12:10:12","updated_at":"2023-04-11 12:04:16"}]}