{"data":[{"id":1,"category_id":2,"title":"{\"en_US\":\"Mistaken idea of denouncing pleen_USure and praising\",\"azb\":\"\\u0628\\u0639\\u0642 \\u0644\\u0644\\u062a\\u0646\\u062f\\u064a\\u062f \\u0628\\u0627\\u0644\\u0644\\u0630\\u0629\"}","slug":"mistaken-idea-of-denouncing-pleasure-and-praising-1","content":"{\"en_US\":\"We azbe very much greatful to you for your donation. Your little effort help us to change big community life I must explain to you how all this mistaken idea of denouncing pleen_USure and praising pain wen_US azbrn and I will give you a complete account of the system, and expound the actual teachings of the great explorer of the truth, the men_USter-builder of human happiness. No one rejects, dislikes, or avoids pleen_USure itself, beazbuse it is pleen_USure, but beazbuse those who do not know how to pursue pleen_USure rationally We azbe very much greatful to you for your donation. Your little effort help us to change big community life I must explain to you how all this mistaken idea of denouncing pleen_USure and praising pain wen_US azbrn and I will give you a complete account of the system, and expound the actual . I must explain to you how all this mistaken idea of denouncing pleen_USure . We azbe very much greatful to you for your donation. Your little effort help us to change big community life I must explain to you how all this mistaken idea of denouncing pleen_USure and praising pain wen_US azbrn and I will give you a complete account of the system, and expound the actual . I must explain to you how all this mistaken idea of denouncing pleen_USure . We azbe very much greatful to you for your donation. Your little effort help us to change big community life I must explain to you how all this mistaken idea of denouncing pleen_USure and praising pain wen_US azbrn and I will give you a complete account of the system, and expound the actual . I must explain to you how all this mistaken idea of denouncing pleen_USure . We azbe very much greatful to you for your donation. Your little effort help us to change big community life I must explain to you how all this mistaken idea of denouncing pleen_USure and praising pain wen_US azbrn and I will give you a complete account of the system, and expound the actual . I must explain to you how all this mistaken idea of denouncing pleen_USure\",\"azb\":\"\\u0646\\u062d\\u0646 \\u0645\\u0645\\u062a\\u0646\\u0648\\u0646 \\u062c\\u062f\\u064b\\u0627 \\u0644\\u0643 \\u0639\\u0644\\u0649 \\u062a\\u0628\\u0631\\u0639\\u0643. \\u064a\\u0633\\u0627\\u0639\\u062f\\u0646\\u0627 \\u0645\\u062c\\u0647\\u0648\\u062f\\u0643 \\u0627\\u0644\\u0635\\u063a\\u064a\\u0631 \\u0641\\u064a \\u062a\\u063a\\u064a\\u064a\\u0631 \\u0627\\u0644\\u062d\\u064a\\u0627\\u0629 \\u0627\\u0644\\u0645\\u062c\\u062a\\u0645\\u0639\\u064a\\u0629 \\u0627\\u0644\\u0643\\u0628\\u064a\\u0631\\u0629 \\u060c \\u0648\\u064a\\u062c\\u0628 \\u0623\\u0646 \\u0623\\u0634\\u0631\\u062d \\u0644\\u0643 \\u0643\\u064a\\u0641 \\u0648\\u0644\\u062f\\u062a \\u0643\\u0644 \\u0647\\u0630\\u0647 \\u0627\\u0644\\u0641\\u0643\\u0631\\u0629 \\u0627\\u0644\\u062e\\u0627\\u0637\\u0626\\u0629 \\u0627\\u0644\\u0645\\u062a\\u0645\\u062b\\u0644\\u0629 \\u0641\\u064a \\u0625\\u062f\\u0627\\u0646\\u0629 \\u0627\\u0644\\u0645\\u062a\\u0639\\u0629 \\u0648\\u0645\\u062f\\u062d \\u0627\\u0644\\u0623\\u0644\\u0645 \\u060c \\u0648\\u0633\\u0623\\u0642\\u062f\\u0645 \\u0644\\u0643 \\u0648\\u0635\\u0641\\u064b\\u0627 \\u0643\\u0627\\u0645\\u0644\\u0627\\u064b \\u0644\\u0644\\u0646\\u0638\\u0627\\u0645 \\u060c \\u0648\\u0623\\u0634\\u0631\\u062d \\u0627\\u0644\\u062a\\u0639\\u0627\\u0644\\u064a\\u0645 \\u0627\\u0644\\u0641\\u0639\\u0644\\u064a\\u0629 \\u0644\\u0644\\u0645\\u0633\\u062a\\u0643\\u0634\\u0641 \\u0627\\u0644\\u0639\\u0638\\u064a\\u0645. \\u0627\\u0644\\u062d\\u0642\\u064a\\u0642\\u0629 \\u060c \\u0635\\u0627\\u0646\\u0639 \\u0627\\u0644\\u0633\\u0639\\u0627\\u062f\\u0629 \\u0627\\u0644\\u0628\\u0634\\u0631\\u064a\\u0629. \\u0644\\u0627 \\u0623\\u062d\\u062f \\u064a\\u0631\\u0641\\u0636 \\u0623\\u0648 \\u064a\\u0643\\u0631\\u0647 \\u0623\\u0648 \\u064a\\u062a\\u062c\\u0646\\u0628 \\u0627\\u0644\\u0645\\u062a\\u0639\\u0629 \\u0646\\u0641\\u0633\\u0647\\u0627 \\u060c \\u0644\\u0623\\u0646\\u0647\\u0627 \\u0645\\u062a\\u0639\\u0629 \\u060c \\u0648\\u0644\\u0643\\u0646 \\u0644\\u0623\\u0646 \\u0623\\u0648\\u0644\\u0626\\u0643 \\u0627\\u0644\\u0630\\u064a\\u0646 \\u0644\\u0627 \\u064a\\u0639\\u0631\\u0641\\u0648\\u0646 \\u0643\\u064a\\u0641 \\u064a\\u0633\\u0639\\u0648\\u0646 \\u0648\\u0631\\u0627\\u0621 \\u0627\\u0644\\u0645\\u062a\\u0639\\u0629 \\u0628\\u0639\\u0642\\u0644\\u0627\\u0646\\u064a\\u0629\"}","date":"2023-09-14","time":"09:30 AM","cost":50,"total_ticket":57,"available_ticket":null,"image":"172","organizer":"Nippon group","organizer_email":"betexo@mailinator.com","organizer_phone":"+1 (977) 785-3536","venue_location":"Dhaka","status":1,"created_at":"2022-10-24 11:02:13","updated_at":"2023-04-11 12:04:16","description":"{\"en_US\":\"desc\",\"ar\":\"\\u0646\\u062d\\u0646 \\u0645\\u0645\\u062a\\u0646\\u0648\\u0646 \\u062c\\u062f\\u064b\\u0627 \\u0644\\u0643 \\u0639\\u0644\\u0649 \\u062a\\u0628\\u0631\\u0639\\u0643. \\u064a\\u0633\\u0627\\u0639\\u062f\\u0646\\u0627 \\u0645\\u062c\\u0647\\u0648\\u062f\\u0643 \\u0627\\u0644\\u0635\\u063a\\u064a\\u0631 \\u0641\\u064a \\u062a\\u063a\\u064a\\u064a\\u0631 \\u0627\\u0644\\u062d\\u064a\\u0627\\u0629 \\u0627\\u0644\\u0645\\u062c\\u062a\\u0645\\u0639\\u064a\\u0629 \\u0627\\u0644\\u0643\\u0628\\u064a\\u0631\\u0629 \\u060c \\u0648\\u064a\\u062c\\u0628 \\u0623\\u0646 \\u0623\\u0634\\u0631\\u062d \\u0644\\u0643 \\u0643\\u064a\\u0641 \\u0648\\u0644\\u062f\\u062a \\u0643\\u0644 \\u0647\\u0630\\u0647 \\u0627\\u0644\\u0641\\u0643\\u0631\\u0629 \\u0627\\u0644\\u062e\\u0627\\u0637\\u0626\\u0629 \\u0627\\u0644\\u0645\\u062a\\u0645\\u062b\\u0644\\u0629 \\u0641\\u064a \\u0625\\u062f\\u0627\\u0646\\u0629 \\u0627\\u0644\\u0645\\u062a\\u0639\\u0629 \\u0648\\u0645\\u062f\\u062d \\u0627\\u0644\\u0623\\u0644\\u0645 \\u060c \\u0648\\u0633\\u0623\\u0642\\u062f\\u0645 \\u0644\\u0643 \\u0648\\u0635\\u0641\\u064b\\u0627 \\u0643\\u0627\\u0645\\u0644\\u0627\\u064b \\u0644\\u0644\\u0646\\u0638\\u0627\\u0645 \\u060c \\u0648\\u0623\\u0634\\u0631\\u062d \\u0627\\u0644\\u062a\\u0639\\u0627\\u0644\\u064a\\u0645 \\u0627\\u0644\\u0641\\u0639\\u0644\\u064a\\u0629 \\u0644\\u0644\\u0645\\u0633\\u062a\\u0643\\u0634\\u0641 \\u0627\\u0644\\u0639\\u0638\\u064a\\u0645. \\u0627\\u0644\\u062d\\u0642\\u064a\\u0642\\u0629 \\u060c \\u0635\\u0627\\u0646\\u0639 \\u0627\\u0644\\u0633\\u0639\\u0627\\u062f\\u0629 \\u0627\\u0644\\u0628\\u0634\\u0631\\u064a\\u0629. \\u0644\\u0627 \\u0623\\u062d\\u062f \\u064a\\u0631\\u0641\\u0636 \\u0623\\u0648 \\u064a\\u0643\\u0631\\u0647 \\u0623\\u0648 \\u064a\\u062a\\u062c\\u0646\\u0628 \\u0627\\u0644\\u0645\\u062a\\u0639\\u0629 \\u0646\\u0641\\u0633\\u0647\\u0627 \\u060c \\u0644\\u0623\\u0646\\u0647\\u0627 \\u0645\\u062a\\u0639\\u0629 \\u060c \\u0648\\u0644\\u0643\\u0646 \\u0644\\u0623\\u0646 \\u0623\\u0648\\u0644\\u0626\\u0643 \\u0627\\u0644\\u0630\\u064a\\u0646 \\u0644\\u0627 \\u064a\\u0639\\u0631\\u0641\\u0648\\u0646 \\u0643\\u064a\\u0641 \\u064a\\u0633\\u0639\\u0648\\u0646 \\u0648\\u0631\\u0627\\u0621 \\u0627\\u0644\\u0645\\u062a\\u0639\\u0629 \\u0628\\u0639\\u0642\\u0644\\u0627\\u0646\\u064a\\u0629\"}"},{"id":2,"category_id":1,"title":"{\"en_US\":\"International Designer and Developer meetup 2022\",\"azb\":\" \\u0628\\u0639\\u0642 \\u0644\\u0644\\u062a\\u0646\\u062f\\u064a\\u062f \\u0628\\u0627\\u0644\\u0644\\u0630\\u0629\"}","slug":"international-designer-and-developer-meetup-2031","content":"{\"en_US\":\"We azbe very much greatful to you for your donation. Your little effort help us to change big community life I must explain to you how all this mistaken idea of denouncing pleen_USure and praising pain wen_US azbrn and I will give you a complete account of the system, and expound the actual teachings of the great explorer of the truth, the men_USter-builder of human happiness. No one rejects, dislikes, or avoids pleen_USure itself, beazbuse it is pleen_USure, but beazbuse those who do not know how to pursue pleen_USure rationally We azbe very much greatful to you for your donation. Your little effort help us to change big community life I must explain to you how all this mistaken idea of denouncing pleen_USure and praising pain wen_US azbrn and I will give you a complete account of the system, and expound the actual . I must explain to you how all this mistaken idea of denouncing pleen_USure . We azbe very much greatful to you for your donation. Your little effort help us to change big community life I must explain to you how all this mistaken idea of denouncing pleen_USure and praising pain wen_US azbrn and I will give you a complete account of the system, and expound the actual . I must explain to you how all this mistaken idea of denouncing pleen_USure . We azbe very much greatful to you for your donation. Your little effort help us to change big community life I must explain to you how all this mistaken idea of denouncing pleen_USure and praising pain wen_US azbrn and I will give you a complete account of the system, and expound the actual . I must explain to you how all this mistaken idea of denouncing pleen_USure . We azbe very much greatful to you for your donation. Your little effort help us to change big community life I must explain to you how all this mistaken idea of denouncing pleen_USure and praising pain wen_US azbrn and I will give you a complete account of the system, and expound the actual . I must explain to you how all this mistaken idea of denouncing pleen_USure\",\"azb\":\"\\u0646\\u062d\\u0646 \\u0645\\u0645\\u062a\\u0646\\u0648\\u0646 \\u062c\\u062f\\u064b\\u0627 \\u0644\\u0643 \\u0639\\u0644\\u0649 \\u062a\\u0628\\u0631\\u0639\\u0643. \\u064a\\u0633\\u0627\\u0639\\u062f\\u0646\\u0627 \\u0645\\u062c\\u0647\\u0648\\u062f\\u0643 \\u0627\\u0644\\u0635\\u063a\\u064a\\u0631 \\u0641\\u064a \\u062a\\u063a\\u064a\\u064a\\u0631 \\u0627\\u0644\\u062d\\u064a\\u0627\\u0629 \\u0627\\u0644\\u0645\\u062c\\u062a\\u0645\\u0639\\u064a\\u0629 \\u0627\\u0644\\u0643\\u0628\\u064a\\u0631\\u0629 \\u060c \\u0648\\u064a\\u062c\\u0628 \\u0623\\u0646 \\u0623\\u0634\\u0631\\u062d \\u0644\\u0643 \\u0643\\u064a\\u0641 \\u0648\\u0644\\u062f\\u062a \\u0643\\u0644 \\u0647\\u0630\\u0647 \\u0627\\u0644\\u0641\\u0643\\u0631\\u0629 \\u0627\\u0644\\u062e\\u0627\\u0637\\u0626\\u0629 \\u0627\\u0644\\u0645\\u062a\\u0645\\u062b\\u0644\\u0629 \\u0641\\u064a \\u0625\\u062f\\u0627\\u0646\\u0629 \\u0627\\u0644\\u0645\\u062a\\u0639\\u0629 \\u0648\\u0645\\u062f\\u062d \\u0627\\u0644\\u0623\\u0644\\u0645 \\u060c \\u0648\\u0633\\u0623\\u0642\\u062f\\u0645 \\u0644\\u0643 \\u0648\\u0635\\u0641\\u064b\\u0627 \\u0643\\u0627\\u0645\\u0644\\u0627\\u064b \\u0644\\u0644\\u0646\\u0638\\u0627\\u0645 \\u060c \\u0648\\u0623\\u0634\\u0631\\u062d \\u0627\\u0644\\u062a\\u0639\\u0627\\u0644\\u064a\\u0645 \\u0627\\u0644\\u0641\\u0639\\u0644\\u064a\\u0629 \\u0644\\u0644\\u0645\\u0633\\u062a\\u0643\\u0634\\u0641 \\u0627\\u0644\\u0639\\u0638\\u064a\\u0645. \\u0627\\u0644\\u062d\\u0642\\u064a\\u0642\\u0629 \\u060c \\u0635\\u0627\\u0646\\u0639 \\u0627\\u0644\\u0633\\u0639\\u0627\\u062f\\u0629 \\u0627\\u0644\\u0628\\u0634\\u0631\\u064a\\u0629. \\u0644\\u0627 \\u0623\\u062d\\u062f \\u064a\\u0631\\u0641\\u0636 \\u0623\\u0648 \\u064a\\u0643\\u0631\\u0647 \\u0623\\u0648 \\u064a\\u062a\\u062c\\u0646\\u0628 \\u0627\\u0644\\u0645\\u062a\\u0639\\u0629 \\u0646\\u0641\\u0633\\u0647\\u0627 \\u060c \\u0644\\u0623\\u0646\\u0647\\u0627 \\u0645\\u062a\\u0639\\u0629 \\u060c \\u0648\\u0644\\u0643\\u0646 \\u0644\\u0623\\u0646 \\u0623\\u0648\\u0644\\u0626\\u0643 \\u0627\\u0644\\u0630\\u064a\\u0646 \\u0644\\u0627 \\u064a\\u0639\\u0631\\u0641\\u0648\\u0646 \\u0643\\u064a\\u0641 \\u064a\\u0633\\u0639\\u0648\\u0646 \\u0648\\u0631\\u0627\\u0621 \\u0627\\u0644\\u0645\\u062a\\u0639\\u0629 \\u0628\\u0639\\u0642\\u0644\\u0627\\u0646\\u064a\\u0629 \\u0646\\u062d\\u0646 \\u0645\\u0645\\u062a\\u0646\\u0648\\u0646 \\u062c\\u062f\\u064b\\u0627 \\u0644\\u0643 \\u0639\\u0644\\u0649 \\u062a\\u0628\\u0631\\u0639\\u0643. \\u064a\\u0633\\u0627\\u0639\\u062f\\u0646\\u0627 \\u0645\\u062c\\u0647\\u0648\\u062f\\u0643 \\u0627\\u0644\\u0635\\u063a\\u064a\\u0631 \\u0641\\u064a \\u062a\\u063a\\u064a\\u064a\\u0631 \\u0627\\u0644\\u062d\\u064a\\u0627\\u0629 \\u0627\\u0644\\u0645\\u062c\\u062a\\u0645\\u0639\\u064a\\u0629 \\u0627\\u0644\\u0643\\u0628\\u064a\\u0631\\u0629 \\u060c \\u0648\\u064a\\u062c\\u0628 \\u0623\\u0646 \\u0623\\u0634\\u0631\\u062d \\u0644\\u0643 \\u0643\\u064a\\u0641 \\u0648\\u0644\\u062f\\u062a \\u0643\\u0644 \\u0647\\u0630\\u0647 \\u0627\\u0644\\u0641\\u0643\\u0631\\u0629 \\u0627\\u0644\\u062e\\u0627\\u0637\\u0626\\u0629 \\u0627\\u0644\\u0645\\u062a\\u0645\\u062b\\u0644\\u0629 \\u0641\\u064a \\u0625\\u062f\\u0627\\u0646\\u0629 \\u0627\\u0644\\u0645\\u062a\\u0639\\u0629 \\u0648\\u0645\\u062f\\u062d \\u0627\\u0644\\u0623\\u0644\\u0645 \\u060c \\u0648\\u0633\\u0623\\u0642\\u062f\\u0645 \\u0644\\u0643 \\u0648\\u0635\\u0641\\u064b\\u0627 \\u0643\\u0627\\u0645\\u0644\\u0627\\u064b \\u0644\\u0644\\u0646\\u0638\\u0627\\u0645 \\u060c \\u0648\\u0623\\u0634\\u0631\\u062d \\u0644\\u0643 \\u062d\\u0642\\u064a\\u0642\\u0629 \\u0627\\u0644\\u0623\\u0645\\u0631. \\u064a\\u062c\\u0628 \\u0623\\u0646 \\u0623\\u0634\\u0631\\u062d \\u0644\\u0643 \\u0643\\u064a\\u0641 \\u0643\\u0644 \\u0647\\u0630\\u0647 \\u0627\\u0644\\u0641\\u0643\\u0631\\u0629 \\u0627\\u0644\\u062e\\u0627\\u0637\\u0626\\u0629 \\u0644\\u0644\\u062a\\u0646\\u062f\\u064a\\u062f \\u0628\\u0627\\u0644\\u0644\\u0630\\u0629. \\u0646\\u062d\\u0646 \\u0645\\u0645\\u062a\\u0646\\u0648\\u0646 \\u062c\\u062f\\u064b\\u0627 \\u0644\\u0643 \\u0639\\u0644\\u0649 \\u062a\\u0628\\u0631\\u0639\\u0643. \\u064a\\u0633\\u0627\\u0639\\u062f\\u0646\\u0627 \\u0645\\u062c\\u0647\\u0648\\u062f\\u0643 \\u0627\\u0644\\u0635\\u063a\\u064a\\u0631 \\u0641\\u064a \\u062a\\u063a\\u064a\\u064a\\u0631 \\u0627\\u0644\\u062d\\u064a\\u0627\\u0629 \\u0627\\u0644\\u0645\\u062c\\u062a\\u0645\\u0639\\u064a\\u0629 \\u0627\\u0644\\u0643\\u0628\\u064a\\u0631\\u0629 \\u060c \\u0648\\u064a\\u062c\\u0628 \\u0623\\u0646 \\u0623\\u0634\\u0631\\u062d \\u0644\\u0643 \\u0643\\u064a\\u0641 \\u0648\\u0644\\u062f\\u062a \\u0643\\u0644 \\u0647\\u0630\\u0647 \\u0627\\u0644\\u0641\\u0643\\u0631\\u0629 \\u0627\\u0644\\u062e\\u0627\\u0637\\u0626\\u0629 \\u0627\\u0644\\u0645\\u062a\\u0645\\u062b\\u0644\\u0629 \\u0641\\u064a \\u0625\\u062f\\u0627\\u0646\\u0629 \\u0627\\u0644\\u0645\\u062a\\u0639\\u0629 \\u0648\\u0645\\u062f\\u062d \\u0627\\u0644\\u0623\\u0644\\u0645 \\u060c \\u0648\\u0633\\u0623\\u0642\\u062f\\u0645 \\u0644\\u0643 \\u0648\\u0635\\u0641\\u064b\\u0627 \\u0643\\u0627\\u0645\\u0644\\u0627\\u064b \\u0644\\u0644\\u0646\\u0638\\u0627\\u0645 \\u060c \\u0648\\u0623\\u0634\\u0631\\u062d \\u0644\\u0643 \\u062d\\u0642\\u064a\\u0642\\u0629 \\u0627\\u0644\\u0623\\u0645\\u0631. \\u064a\\u062c\\u0628 \\u0623\\u0646 \\u0623\\u0634\\u0631\\u062d \\u0644\\u0643 \\u0643\\u064a\\u0641 \\u0643\\u0644 \\u0647\\u0630\\u0647 \\u0627\\u0644\\u0641\\u0643\\u0631\\u0629 \\u0627\\u0644\\u062e\\u0627\\u0637\\u0626\\u0629 \\u0644\\u0644\\u062a\\u0646\\u062f\\u064a\\u062f \\u0628\\u0627\\u0644\\u0644\\u0630\\u0629. \\u0646\\u062d\\u0646 \\u0645\\u0645\\u062a\\u0646\\u0648\\u0646 \\u062c\\u062f\\u064b\\u0627 \\u0644\\u0643 \\u0639\\u0644\\u0649 \\u062a\\u0628\\u0631\\u0639\\u0643. \\u064a\\u0633\\u0627\\u0639\\u062f\\u0646\\u0627 \\u0645\\u062c\\u0647\\u0648\\u062f\\u0643 \\u0627\\u0644\\u0635\\u063a\\u064a\\u0631 \\u0641\\u064a \\u062a\\u063a\\u064a\\u064a\\u0631 \\u0627\\u0644\\u062d\\u064a\\u0627\\u0629 \\u0627\\u0644\\u0645\\u062c\\u062a\\u0645\\u0639\\u064a\\u0629 \\u0627\\u0644\\u0643\\u0628\\u064a\\u0631\\u0629 \\u060c \\u0648\\u064a\\u062c\\u0628 \\u0623\\u0646 \\u0623\\u0634\\u0631\\u062d \\u0644\\u0643 \\u0643\\u064a\\u0641 \\u0648\\u0644\\u062f\\u062a \\u0643\\u0644 \\u0647\\u0630\\u0647 \\u0627\\u0644\\u0641\\u0643\\u0631\\u0629 \\u0627\\u0644\\u062e\\u0627\\u0637\\u0626\\u0629 \\u0627\\u0644\\u0645\\u062a\\u0645\\u062b\\u0644\\u0629 \\u0641\\u064a \\u0625\\u062f\\u0627\\u0646\\u0629 \\u0627\\u0644\\u0645\\u062a\\u0639\\u0629 \\u0648\\u0645\\u062f\\u062d \\u0627\\u0644\\u0623\\u0644\\u0645 \\u060c \\u0648\\u0633\\u0623\\u0642\\u062f\\u0645 \\u0644\\u0643 \\u0648\\u0635\\u0641\\u064b\\u0627 \\u0643\\u0627\\u0645\\u0644\\u0627\\u064b \\u0644\\u0644\\u0646\\u0638\\u0627\\u0645 \\u060c \\u0648\\u0623\\u0634\\u0631\\u062d \\u0644\\u0643 \\u062d\\u0642\\u064a\\u0642\\u0629 \\u0627\\u0644\\u0623\\u0645\\u0631. \\u064a\\u062c\\u0628 \\u0623\\u0646 \\u0623\\u0634\\u0631\\u062d \\u0644\\u0643 \\u0643\\u064a\\u0641 \\u0643\\u0644 \\u0647\\u0630\\u0647 \\u0627\\u0644\\u0641\\u0643\\u0631\\u0629 \\u0627\\u0644\\u062e\\u0627\\u0637\\u0626\\u0629 \\u0644\\u0644\\u062a\\u0646\\u062f\\u064a\\u062f \\u0628\\u0627\\u0644\\u0644\\u0630\\u0629. \\u0646\\u062d\\u0646 \\u0645\\u0645\\u062a\\u0646\\u0648\\u0646 \\u062c\\u062f\\u064b\\u0627 \\u0644\\u0643 \\u0639\\u0644\\u0649 \\u062a\\u0628\\u0631\\u0639\\u0643. \\u064a\\u0633\\u0627\\u0639\\u062f\\u0646\\u0627 \\u0645\\u062c\\u0647\\u0648\\u062f\\u0643 \\u0627\\u0644\\u0635\\u063a\\u064a\\u0631 \\u0641\\u064a \\u062a\\u063a\\u064a\\u064a\\u0631 \\u0627\\u0644\\u062d\\u064a\\u0627\\u0629 \\u0627\\u0644\\u0645\\u062c\\u062a\\u0645\\u0639\\u064a\\u0629 \\u0627\\u0644\\u0643\\u0628\\u064a\\u0631\\u0629 \\u060c \\u0648\\u064a\\u062c\\u0628 \\u0623\\u0646 \\u0623\\u0634\\u0631\\u062d \\u0644\\u0643 \\u0643\\u064a\\u0641 \\u0648\\u0644\\u062f\\u062a \\u0643\\u0644 \\u0647\\u0630\\u0647 \\u0627\\u0644\\u0641\\u0643\\u0631\\u0629 \\u0627\\u0644\\u062e\\u0627\\u0637\\u0626\\u0629 \\u0627\\u0644\\u0645\\u062a\\u0645\\u062b\\u0644\\u0629 \\u0641\\u064a \\u0625\\u062f\\u0627\\u0646\\u0629 \\u0627\\u0644\\u0645\\u062a\\u0639\\u0629 \\u0648\\u0645\\u062f\\u062d \\u0627\\u0644\\u0623\\u0644\\u0645 \\u060c \\u0648\\u0633\\u0623\\u0642\\u062f\\u0645 \\u0644\\u0643 \\u0648\\u0635\\u0641\\u064b\\u0627 \\u0643\\u0627\\u0645\\u0644\\u0627\\u064b \\u0644\\u0644\\u0646\\u0638\\u0627\\u0645 \\u060c \\u0648\\u0623\\u0634\\u0631\\u062d \\u0644\\u0643 \\u062d\\u0642\\u064a\\u0642\\u0629 \\u0627\\u0644\\u0623\\u0645\\u0631. \\u064a\\u062c\\u0628 \\u0623\\u0646 \\u0623\\u0634\\u0631\\u062d \\u0644\\u0643 \\u0643\\u064a\\u0641 \\u0643\\u0644 \\u0647\\u0630\\u0647 \\u0627\\u0644\\u0641\\u0643\\u0631\\u0629 \\u0627\\u0644\\u062e\\u0627\\u0637\\u0626\\u0629 \\u0644\\u0644\\u062a\\u0646\\u062f\\u064a\\u062f \\u0628\\u0627\\u0644\\u0644\\u0630\\u0629 \"}","date":"2023-07-12","time":"03:00 PM","cost":46,"total_ticket":200,"available_ticket":null,"image":"170","organizer":"Pran fruto","organizer_email":"kotysegoly@mailinator.com","organizer_phone":"+1 (372) 798-4313","venue_location":"Mirpur","status":1,"created_at":"2022-10-24 11:05:56","updated_at":"2023-04-11 12:04:16","description":"{\"en_US\":\"ddWe are very much greatful to you for your donation. Your little effort help us to change big community life I must explain to you how all this mistaken idea of denouncing pleasure and praising pain was born and I will give you a complete account of the system, and expound the actual teachings of the great explorer of the truth, the master-builder of human happiness. No one rejects, dislikes, or avoids pleasure itself, because it is pleasure, but because those who do not know how to pursue pleasure rationally We are very much greatful to you for your donation. Your little effort help us to change big community life I must explain to you how all this mistaken idea of denouncing pleasure and praising pain was born and I will give you a complete account of the system, and expound the actual . I must explain to you how all this mistaken idea of denouncing pleasure . We are very much greatful to you for your donation. Your little effort help us to change big community life I must explain to you how all this mistaken idea of denouncing pleasure and praising pain was born and I will give you a complete account of the system, and expound the actual . I must explain to you how all this mistaken idea of denouncing pleasure . We are very much greatful to you for your donation. Your little effort help us to change big community life I must explain to you how all this mistaken idea of denouncing pleasure and praising pain was born and I will give you a complete account of the system, and expound the actual . I must explain to you how all this mistaken idea of denouncing pleasure . We are very much greatful to you for your donation. Your little effort help us to change big community life I must explain to you how all this mistaken idea of denouncing pleasure and praising pain was born and I will give you a complete account of the system, and expound the actual . I must explain to you how all this mistaken idea of denouncing pleasure\",\"ar\":\"\\u0646\\u062d\\u0646 \\u0645\\u0645\\u062a\\u0646\\u0648\\u0646 \\u062c\\u062f\\u064b\\u0627 \\u0644\\u0643 \\u0639\\u0644\\u0649 \\u062a\\u0628\\u0631\\u0639\\u0643. \\u064a\\u0633\\u0627\\u0639\\u062f\\u0646\\u0627 \\u0645\\u062c\\u0647\\u0648\\u062f\\u0643 \\u0627\\u0644\\u0635\\u063a\\u064a\\u0631 \\u0641\\u064a \\u062a\\u063a\\u064a\\u064a\\u0631 \\u0627\\u0644\\u062d\\u064a\\u0627\\u0629 \\u0627\\u0644\\u0645\\u062c\\u062a\\u0645\\u0639\\u064a\\u0629 \\u0627\\u0644\\u0643\\u0628\\u064a\\u0631\\u0629 \\u060c \\u0648\\u064a\\u062c\\u0628 \\u0623\\u0646 \\u0623\\u0634\\u0631\\u062d \\u0644\\u0643 \\u0643\\u064a\\u0641 \\u0648\\u0644\\u062f\\u062a \\u0643\\u0644 \\u0647\\u0630\\u0647 \\u0627\\u0644\\u0641\\u0643\\u0631\\u0629 \\u0627\\u0644\\u062e\\u0627\\u0637\\u0626\\u0629 \\u0627\\u0644\\u0645\\u062a\\u0645\\u062b\\u0644\\u0629 \\u0641\\u064a \\u0625\\u062f\\u0627\\u0646\\u0629 \\u0627\\u0644\\u0645\\u062a\\u0639\\u0629 \\u0648\\u0645\\u062f\\u062d \\u0627\\u0644\\u0623\\u0644\\u0645 \\u060c \\u0648\\u0633\\u0623\\u0642\\u062f\\u0645 \\u0644\\u0643 \\u0648\\u0635\\u0641\\u064b\\u0627 \\u0643\\u0627\\u0645\\u0644\\u0627\\u064b \\u0644\\u0644\\u0646\\u0638\\u0627\\u0645 \\u060c \\u0648\\u0623\\u0634\\u0631\\u062d \\u0627\\u0644\\u062a\\u0639\\u0627\\u0644\\u064a\\u0645 \\u0627\\u0644\\u0641\\u0639\\u0644\\u064a\\u0629 \\u0644\\u0644\\u0645\\u0633\\u062a\\u0643\\u0634\\u0641 \\u0627\\u0644\\u0639\\u0638\\u064a\\u0645. \\u0627\\u0644\\u062d\\u0642\\u064a\\u0642\\u0629 \\u060c \\u0635\\u0627\\u0646\\u0639 \\u0627\\u0644\\u0633\\u0639\\u0627\\u062f\\u0629 \\u0627\\u0644\\u0628\\u0634\\u0631\\u064a\\u0629. \\u0644\\u0627 \\u0623\\u062d\\u062f \\u064a\\u0631\\u0641\\u0636 \\u0623\\u0648 \\u064a\\u0643\\u0631\\u0647 \\u0623\\u0648 \\u064a\\u062a\\u062c\\u0646\\u0628 \\u0627\\u0644\\u0645\\u062a\\u0639\\u0629 \\u0646\\u0641\\u0633\\u0647\\u0627 \\u060c \\u0644\\u0623\\u0646\\u0647\\u0627 \\u0645\\u062a\\u0639\\u0629 \\u060c \\u0648\\u0644\\u0643\\u0646 \\u0644\\u0623\\u0646 \\u0623\\u0648\\u0644\\u0626\\u0643 \\u0627\\u0644\\u0630\\u064a\\u0646 \\u0644\\u0627 \\u064a\\u0639\\u0631\\u0641\\u0648\\u0646 \\u0643\\u064a\\u0641 \\u064a\\u0633\\u0639\\u0648\\u0646 \\u0648\\u0631\\u0627\\u0621 \\u0627\\u0644\\u0645\\u062a\\u0639\\u0629 \\u0628\\u0639\\u0642\\u0644\\u0627\\u0646\\u064a\\u0629 \\u0646\\u062d\\u0646 \\u0645\\u0645\\u062a\\u0646\\u0648\\u0646 \\u062c\\u062f\\u064b\\u0627 \\u0644\\u0643 \\u0639\\u0644\\u0649 \\u062a\\u0628\\u0631\\u0639\\u0643. \\u064a\\u0633\\u0627\\u0639\\u062f\\u0646\\u0627 \\u0645\\u062c\\u0647\\u0648\\u062f\\u0643 \\u0627\\u0644\\u0635\\u063a\\u064a\\u0631 \\u0641\\u064a \\u062a\\u063a\\u064a\\u064a\\u0631 \\u0627\\u0644\\u062d\\u064a\\u0627\\u0629 \\u0627\\u0644\\u0645\\u062c\\u062a\\u0645\\u0639\\u064a\\u0629 \\u0627\\u0644\\u0643\\u0628\\u064a\\u0631\\u0629 \\u060c \\u0648\\u064a\\u062c\\u0628 \\u0623\\u0646 \\u0623\\u0634\\u0631\\u062d \\u0644\\u0643 \\u0643\\u064a\\u0641 \\u0648\\u0644\\u062f\\u062a \\u0643\\u0644 \\u0647\\u0630\\u0647 \\u0627\\u0644\\u0641\\u0643\\u0631\\u0629 \\u0627\\u0644\\u062e\\u0627\\u0637\\u0626\\u0629 \\u0627\\u0644\\u0645\\u062a\\u0645\\u062b\\u0644\\u0629 \\u0641\\u064a \\u0625\\u062f\\u0627\\u0646\\u0629 \\u0627\\u0644\\u0645\\u062a\\u0639\\u0629 \\u0648\\u0645\\u062f\\u062d \\u0627\\u0644\\u0623\\u0644\\u0645 \\u060c \\u0648\\u0633\\u0623\\u0642\\u062f\\u0645 \\u0644\\u0643 \\u0648\\u0635\\u0641\\u064b\\u0627 \\u0643\\u0627\\u0645\\u0644\\u0627\\u064b \\u0644\\u0644\\u0646\\u0638\\u0627\\u0645 \\u060c \\u0648\\u0623\\u0634\\u0631\\u062d \\u0644\\u0643 \\u062d\\u0642\\u064a\\u0642\\u0629 \\u0627\\u0644\\u0623\\u0645\\u0631. \\u064a\\u062c\\u0628 \\u0623\\u0646 \\u0623\\u0634\\u0631\\u062d \\u0644\\u0643 \\u0643\\u064a\\u0641 \\u0643\\u0644 \\u0647\\u0630\\u0647 \\u0627\\u0644\\u0641\\u0643\\u0631\\u0629 \\u0627\\u0644\\u062e\\u0627\\u0637\\u0626\\u0629 \\u0644\\u0644\\u062a\\u0646\\u062f\\u064a\\u062f \\u0628\\u0627\\u0644\\u0644\\u0630\\u0629. \\u0646\\u062d\\u0646 \\u0645\\u0645\\u062a\\u0646\\u0648\\u0646 \\u062c\\u062f\\u064b\\u0627 \\u0644\\u0643 \\u0639\\u0644\\u0649 \\u062a\\u0628\\u0631\\u0639\\u0643. \\u064a\\u0633\\u0627\\u0639\\u062f\\u0646\\u0627 \\u0645\\u062c\\u0647\\u0648\\u062f\\u0643 \\u0627\\u0644\\u0635\\u063a\\u064a\\u0631 \\u0641\\u064a \\u062a\\u063a\\u064a\\u064a\\u0631 \\u0627\\u0644\\u062d\\u064a\\u0627\\u0629 \\u0627\\u0644\\u0645\\u062c\\u062a\\u0645\\u0639\\u064a\\u0629 \\u0627\\u0644\\u0643\\u0628\\u064a\\u0631\\u0629 \\u060c \\u0648\\u064a\\u062c\\u0628 \\u0623\\u0646 \\u0623\\u0634\\u0631\\u062d \\u0644\\u0643 \\u0643\\u064a\\u0641 \\u0648\\u0644\\u062f\\u062a \\u0643\\u0644 \\u0647\\u0630\\u0647 \\u0627\\u0644\\u0641\\u0643\\u0631\\u0629 \\u0627\\u0644\\u062e\\u0627\\u0637\\u0626\\u0629 \\u0627\\u0644\\u0645\\u062a\\u0645\\u062b\\u0644\\u0629 \\u0641\\u064a \\u0625\\u062f\\u0627\\u0646\\u0629 \\u0627\\u0644\\u0645\\u062a\\u0639\\u0629 \\u0648\\u0645\\u062f\\u062d \\u0627\\u0644\\u0623\\u0644\\u0645 \\u060c \\u0648\\u0633\\u0623\\u0642\\u062f\\u0645 \\u0644\\u0643 \\u0648\\u0635\\u0641\\u064b\\u0627 \\u0643\\u0627\\u0645\\u0644\\u0627\\u064b \\u0644\\u0644\\u0646\\u0638\\u0627\\u0645 \\u060c \\u0648\\u0623\\u0634\\u0631\\u062d \\u0644\\u0643 \\u062d\\u0642\\u064a\\u0642\\u0629 \\u0627\\u0644\\u0623\\u0645\\u0631. \\u064a\\u062c\\u0628 \\u0623\\u0646 \\u0623\\u0634\\u0631\\u062d \\u0644\\u0643 \\u0643\\u064a\\u0641 \\u0643\\u0644 \\u0647\\u0630\\u0647 \\u0627\\u0644\\u0641\\u0643\\u0631\\u0629 \\u0627\\u0644\\u062e\\u0627\\u0637\\u0626\\u0629 \\u0644\\u0644\\u062a\\u0646\\u062f\\u064a\\u062f \\u0628\\u0627\\u0644\\u0644\\u0630\\u0629. \\u0646\\u062d\\u0646 \\u0645\\u0645\\u062a\\u0646\\u0648\\u0646 \\u062c\\u062f\\u064b\\u0627 \\u0644\\u0643 \\u0639\\u0644\\u0649 \\u062a\\u0628\\u0631\\u0639\\u0643. \\u064a\\u0633\\u0627\\u0639\\u062f\\u0646\\u0627 \\u0645\\u062c\\u0647\\u0648\\u062f\\u0643 \\u0627\\u0644\\u0635\\u063a\\u064a\\u0631 \\u0641\\u064a \\u062a\\u063a\\u064a\\u064a\\u0631 \\u0627\\u0644\\u062d\\u064a\\u0627\\u0629 \\u0627\\u0644\\u0645\\u062c\\u062a\\u0645\\u0639\\u064a\\u0629 \\u0627\\u0644\\u0643\\u0628\\u064a\\u0631\\u0629 \\u060c \\u0648\\u064a\\u062c\\u0628 \\u0623\\u0646 \\u0623\\u0634\\u0631\\u062d \\u0644\\u0643 \\u0643\\u064a\\u0641 \\u0648\\u0644\\u062f\\u062a \\u0643\\u0644 \\u0647\\u0630\\u0647 \\u0627\\u0644\\u0641\\u0643\\u0631\\u0629 \\u0627\\u0644\\u062e\\u0627\\u0637\\u0626\\u0629 \\u0627\\u0644\\u0645\\u062a\\u0645\\u062b\\u0644\\u0629 \\u0641\\u064a \\u0625\\u062f\\u0627\\u0646\\u0629 \\u0627\\u0644\\u0645\\u062a\\u0639\\u0629 \\u0648\\u0645\\u062f\\u062d \\u0627\\u0644\\u0623\\u0644\\u0645 \\u060c \\u0648\\u0633\\u0623\\u0642\\u062f\\u0645 \\u0644\\u0643 \\u0648\\u0635\\u0641\\u064b\\u0627 \\u0643\\u0627\\u0645\\u0644\\u0627\\u064b \\u0644\\u0644\\u0646\\u0638\\u0627\\u0645 \\u060c \\u0648\\u0623\\u0634\\u0631\\u062d \\u0644\\u0643 \\u062d\\u0642\\u064a\\u0642\\u0629 \\u0627\\u0644\\u0623\\u0645\\u0631. \\u064a\\u062c\\u0628 \\u0623\\u0646 \\u0623\\u0634\\u0631\\u062d \\u0644\\u0643 \\u0643\\u064a\\u0641 \\u0643\\u0644 \\u0647\\u0630\\u0647 \\u0627\\u0644\\u0641\\u0643\\u0631\\u0629 \\u0627\\u0644\\u062e\\u0627\\u0637\\u0626\\u0629 \\u0644\\u0644\\u062a\\u0646\\u062f\\u064a\\u062f \\u0628\\u0627\\u0644\\u0644\\u0630\\u0629. \\u0646\\u062d\\u0646 \\u0645\\u0645\\u062a\\u0646\\u0648\\u0646 \\u062c\\u062f\\u064b\\u0627 \\u0644\\u0643 \\u0639\\u0644\\u0649 \\u062a\\u0628\\u0631\\u0639\\u0643. \\u064a\\u0633\\u0627\\u0639\\u062f\\u0646\\u0627 \\u0645\\u062c\\u0647\\u0648\\u062f\\u0643 \\u0627\\u0644\\u0635\\u063a\\u064a\\u0631 \\u0641\\u064a \\u062a\\u063a\\u064a\\u064a\\u0631 \\u0627\\u0644\\u062d\\u064a\\u0627\\u0629 \\u0627\\u0644\\u0645\\u062c\\u062a\\u0645\\u0639\\u064a\\u0629 \\u0627\\u0644\\u0643\\u0628\\u064a\\u0631\\u0629 \\u060c \\u0648\\u064a\\u062c\\u0628 \\u0623\\u0646 \\u0623\\u0634\\u0631\\u062d \\u0644\\u0643 \\u0643\\u064a\\u0641 \\u0648\\u0644\\u062f\\u062a \\u0643\\u0644 \\u0647\\u0630\\u0647 \\u0627\\u0644\\u0641\\u0643\\u0631\\u0629 \\u0627\\u0644\\u062e\\u0627\\u0637\\u0626\\u0629 \\u0627\\u0644\\u0645\\u062a\\u0645\\u062b\\u0644\\u0629 \\u0641\\u064a \\u0625\\u062f\\u0627\\u0646\\u0629 \\u0627\\u0644\\u0645\\u062a\\u0639\\u0629 \\u0648\\u0645\\u062f\\u062d \\u0627\\u0644\\u0623\\u0644\\u0645 \\u060c \\u0648\\u0633\\u0623\\u0642\\u062f\\u0645 \\u0644\\u0643 \\u0648\\u0635\\u0641\\u064b\\u0627 \\u0643\\u0627\\u0645\\u0644\\u0627\\u064b \\u0644\\u0644\\u0646\\u0638\\u0627\\u0645 \\u060c \\u0648\\u0623\\u0634\\u0631\\u062d \\u0644\\u0643 \\u062d\\u0642\\u064a\\u0642\\u0629 \\u0627\\u0644\\u0623\\u0645\\u0631. \\u064a\\u062c\\u0628 \\u0623\\u0646 \\u0623\\u0634\\u0631\\u062d \\u0644\\u0643 \\u0643\\u064a\\u0641 \\u0643\\u0644 \\u0647\\u0630\\u0647 \\u0627\\u0644\\u0641\\u0643\\u0631\\u0629 \\u0627\\u0644\\u062e\\u0627\\u0637\\u0626\\u0629 \\u0644\\u0644\\u062a\\u0646\\u062f\\u064a\\u062f \\u0628\\u0627\\u0644\\u0644\\u0630\\u0629 \"}"},{"id":9,"category_id":1,"title":"{\"en\":\"International Designer and Developer meetup 2022\",\"en_US\":\"Your little effort help us to change big community life\",\"azb\":\" \\u0628\\u0639\\u0642 \\u0644\\u0644\\u062a\\u0646\\u062f\\u064a\\u062f \\u0628\\u0627\\u0644\\u0644\\u0630\\u0629\"}","slug":"your-little-effort-help-us-to-change-big-community-life-1","content":"{\"en_US\":\"We azbe very much greatful to you for your donation. Your little effort help us to change big community life I must explain to you how all this mistaken idea of denouncing pleen_USure and praising pain wen_US azbrn and I will give you a complete account of the system, and expound the actual teachings of the great explorer of the truth, the men_USter-builder of human happiness. No one rejects, dislikes, or avoids pleen_USure itself, beazbuse it is pleen_USure, but beazbuse those who do not know how to pursue pleen_USure rationally We azbe very much greatful to you for your donation. Your little effort help us to change big community life I must explain to you how all this mistaken idea of denouncing pleen_USure and praising pain wen_US azbrn and I will give you a complete account of the system, and expound the actual . I must explain to you how all this mistaken idea of denouncing pleen_USure . We azbe very much greatful to you for your donation. Your little effort help us to change big community life I must explain to you how all this mistaken idea of denouncing pleen_USure and praising pain wen_US azbrn and I will give you a complete account of the system, and expound the actual . I must explain to you how all this mistaken idea of denouncing pleen_USure . We azbe very much greatful to you for your donation. Your little effort help us to change big community life I must explain to you how all this mistaken idea of denouncing pleen_USure and praising pain wen_US azbrn and I will give you a complete account of the system, and expound the actual . I must explain to you how all this mistaken idea of denouncing pleen_USure . We azbe very much greatful to you for your donation. Your little effort help us to change big community life I must explain to you how all this mistaken idea of denouncing pleen_USure and praising pain wen_US azbrn and I will give you a complete account of the system, and expound the actual . I must explain to you how all this mistaken idea of denouncing pleen_USure\",\"azb\":\"\\u0646\\u062d\\u0646 \\u0645\\u0645\\u062a\\u0646\\u0648\\u0646 \\u062c\\u062f\\u064b\\u0627 \\u0644\\u0643 \\u0639\\u0644\\u0649 \\u062a\\u0628\\u0631\\u0639\\u0643. \\u064a\\u0633\\u0627\\u0639\\u062f\\u0646\\u0627 \\u0645\\u062c\\u0647\\u0648\\u062f\\u0643 \\u0627\\u0644\\u0635\\u063a\\u064a\\u0631 \\u0641\\u064a \\u062a\\u063a\\u064a\\u064a\\u0631 \\u0627\\u0644\\u062d\\u064a\\u0627\\u0629 \\u0627\\u0644\\u0645\\u062c\\u062a\\u0645\\u0639\\u064a\\u0629 \\u0627\\u0644\\u0643\\u0628\\u064a\\u0631\\u0629 \\u060c \\u0648\\u064a\\u062c\\u0628 \\u0623\\u0646 \\u0623\\u0634\\u0631\\u062d \\u0644\\u0643 \\u0643\\u064a\\u0641 \\u0648\\u0644\\u062f\\u062a \\u0643\\u0644 \\u0647\\u0630\\u0647 \\u0627\\u0644\\u0641\\u0643\\u0631\\u0629 \\u0627\\u0644\\u062e\\u0627\\u0637\\u0626\\u0629 \\u0627\\u0644\\u0645\\u062a\\u0645\\u062b\\u0644\\u0629 \\u0641\\u064a \\u0625\\u062f\\u0627\\u0646\\u0629 \\u0627\\u0644\\u0645\\u062a\\u0639\\u0629 \\u0648\\u0645\\u062f\\u062d \\u0627\\u0644\\u0623\\u0644\\u0645 \\u060c \\u0648\\u0633\\u0623\\u0642\\u062f\\u0645 \\u0644\\u0643 \\u0648\\u0635\\u0641\\u064b\\u0627 \\u0643\\u0627\\u0645\\u0644\\u0627\\u064b \\u0644\\u0644\\u0646\\u0638\\u0627\\u0645 \\u060c \\u0648\\u0623\\u0634\\u0631\\u062d \\u0627\\u0644\\u062a\\u0639\\u0627\\u0644\\u064a\\u0645 \\u0627\\u0644\\u0641\\u0639\\u0644\\u064a\\u0629 \\u0644\\u0644\\u0645\\u0633\\u062a\\u0643\\u0634\\u0641 \\u0627\\u0644\\u0639\\u0638\\u064a\\u0645. \\u0627\\u0644\\u062d\\u0642\\u064a\\u0642\\u0629 \\u060c \\u0635\\u0627\\u0646\\u0639 \\u0627\\u0644\\u0633\\u0639\\u0627\\u062f\\u0629 \\u0627\\u0644\\u0628\\u0634\\u0631\\u064a\\u0629. \\u0644\\u0627 \\u0623\\u062d\\u062f \\u064a\\u0631\\u0641\\u0636 \\u0623\\u0648 \\u064a\\u0643\\u0631\\u0647 \\u0623\\u0648 \\u064a\\u062a\\u062c\\u0646\\u0628 \\u0627\\u0644\\u0645\\u062a\\u0639\\u0629 \\u0646\\u0641\\u0633\\u0647\\u0627 \\u060c \\u0644\\u0623\\u0646\\u0647\\u0627 \\u0645\\u062a\\u0639\\u0629 \\u060c \\u0648\\u0644\\u0643\\u0646 \\u0644\\u0623\\u0646 \\u0623\\u0648\\u0644\\u0626\\u0643 \\u0627\\u0644\\u0630\\u064a\\u0646 \\u0644\\u0627 \\u064a\\u0639\\u0631\\u0641\\u0648\\u0646 \\u0643\\u064a\\u0641 \\u064a\\u0633\\u0639\\u0648\\u0646 \\u0648\\u0631\\u0627\\u0621 \\u0627\\u0644\\u0645\\u062a\\u0639\\u0629 \\u0628\\u0639\\u0642\\u0644\\u0627\\u0646\\u064a\\u0629 \\u0646\\u062d\\u0646 \\u0645\\u0645\\u062a\\u0646\\u0648\\u0646 \\u062c\\u062f\\u064b\\u0627 \\u0644\\u0643 \\u0639\\u0644\\u0649 \\u062a\\u0628\\u0631\\u0639\\u0643. \\u064a\\u0633\\u0627\\u0639\\u062f\\u0646\\u0627 \\u0645\\u062c\\u0647\\u0648\\u062f\\u0643 \\u0627\\u0644\\u0635\\u063a\\u064a\\u0631 \\u0641\\u064a \\u062a\\u063a\\u064a\\u064a\\u0631 \\u0627\\u0644\\u062d\\u064a\\u0627\\u0629 \\u0627\\u0644\\u0645\\u062c\\u062a\\u0645\\u0639\\u064a\\u0629 \\u0627\\u0644\\u0643\\u0628\\u064a\\u0631\\u0629 \\u060c \\u0648\\u064a\\u062c\\u0628 \\u0623\\u0646 \\u0623\\u0634\\u0631\\u062d \\u0644\\u0643 \\u0643\\u064a\\u0641 \\u0648\\u0644\\u062f\\u062a \\u0643\\u0644 \\u0647\\u0630\\u0647 \\u0627\\u0644\\u0641\\u0643\\u0631\\u0629 \\u0627\\u0644\\u062e\\u0627\\u0637\\u0626\\u0629 \\u0627\\u0644\\u0645\\u062a\\u0645\\u062b\\u0644\\u0629 \\u0641\\u064a \\u0625\\u062f\\u0627\\u0646\\u0629 \\u0627\\u0644\\u0645\\u062a\\u0639\\u0629 \\u0648\\u0645\\u062f\\u062d \\u0627\\u0644\\u0623\\u0644\\u0645 \\u060c \\u0648\\u0633\\u0623\\u0642\\u062f\\u0645 \\u0644\\u0643 \\u0648\\u0635\\u0641\\u064b\\u0627 \\u0643\\u0627\\u0645\\u0644\\u0627\\u064b \\u0644\\u0644\\u0646\\u0638\\u0627\\u0645 \\u060c \\u0648\\u0623\\u0634\\u0631\\u062d \\u0644\\u0643 \\u062d\\u0642\\u064a\\u0642\\u0629 \\u0627\\u0644\\u0623\\u0645\\u0631. \\u064a\\u062c\\u0628 \\u0623\\u0646 \\u0623\\u0634\\u0631\\u062d \\u0644\\u0643 \\u0643\\u064a\\u0641 \\u0643\\u0644 \\u0647\\u0630\\u0647 \\u0627\\u0644\\u0641\\u0643\\u0631\\u0629 \\u0627\\u0644\\u062e\\u0627\\u0637\\u0626\\u0629 \\u0644\\u0644\\u062a\\u0646\\u062f\\u064a\\u062f \\u0628\\u0627\\u0644\\u0644\\u0630\\u0629. \\u0646\\u062d\\u0646 \\u0645\\u0645\\u062a\\u0646\\u0648\\u0646 \\u062c\\u062f\\u064b\\u0627 \\u0644\\u0643 \\u0639\\u0644\\u0649 \\u062a\\u0628\\u0631\\u0639\\u0643. \\u064a\\u0633\\u0627\\u0639\\u062f\\u0646\\u0627 \\u0645\\u062c\\u0647\\u0648\\u062f\\u0643 \\u0627\\u0644\\u0635\\u063a\\u064a\\u0631 \\u0641\\u064a \\u062a\\u063a\\u064a\\u064a\\u0631 \\u0627\\u0644\\u062d\\u064a\\u0627\\u0629 \\u0627\\u0644\\u0645\\u062c\\u062a\\u0645\\u0639\\u064a\\u0629 \\u0627\\u0644\\u0643\\u0628\\u064a\\u0631\\u0629 \\u060c \\u0648\\u064a\\u062c\\u0628 \\u0623\\u0646 \\u0623\\u0634\\u0631\\u062d \\u0644\\u0643 \\u0643\\u064a\\u0641 \\u0648\\u0644\\u062f\\u062a \\u0643\\u0644 \\u0647\\u0630\\u0647 \\u0627\\u0644\\u0641\\u0643\\u0631\\u0629 \\u0627\\u0644\\u062e\\u0627\\u0637\\u0626\\u0629 \\u0627\\u0644\\u0645\\u062a\\u0645\\u062b\\u0644\\u0629 \\u0641\\u064a \\u0625\\u062f\\u0627\\u0646\\u0629 \\u0627\\u0644\\u0645\\u062a\\u0639\\u0629 \\u0648\\u0645\\u062f\\u062d \\u0627\\u0644\\u0623\\u0644\\u0645 \\u060c \\u0648\\u0633\\u0623\\u0642\\u062f\\u0645 \\u0644\\u0643 \\u0648\\u0635\\u0641\\u064b\\u0627 \\u0643\\u0627\\u0645\\u0644\\u0627\\u064b \\u0644\\u0644\\u0646\\u0638\\u0627\\u0645 \\u060c \\u0648\\u0623\\u0634\\u0631\\u062d \\u0644\\u0643 \\u062d\\u0642\\u064a\\u0642\\u0629 \\u0627\\u0644\\u0623\\u0645\\u0631. \\u064a\\u062c\\u0628 \\u0623\\u0646 \\u0623\\u0634\\u0631\\u062d \\u0644\\u0643 \\u0643\\u064a\\u0641 \\u0643\\u0644 \\u0647\\u0630\\u0647 \\u0627\\u0644\\u0641\\u0643\\u0631\\u0629 \\u0627\\u0644\\u062e\\u0627\\u0637\\u0626\\u0629 \\u0644\\u0644\\u062a\\u0646\\u062f\\u064a\\u062f \\u0628\\u0627\\u0644\\u0644\\u0630\\u0629. \\u0646\\u062d\\u0646 \\u0645\\u0645\\u062a\\u0646\\u0648\\u0646 \\u062c\\u062f\\u064b\\u0627 \\u0644\\u0643 \\u0639\\u0644\\u0649 \\u062a\\u0628\\u0631\\u0639\\u0643. \\u064a\\u0633\\u0627\\u0639\\u062f\\u0646\\u0627 \\u0645\\u062c\\u0647\\u0648\\u062f\\u0643 \\u0627\\u0644\\u0635\\u063a\\u064a\\u0631 \\u0641\\u064a \\u062a\\u063a\\u064a\\u064a\\u0631 \\u0627\\u0644\\u062d\\u064a\\u0627\\u0629 \\u0627\\u0644\\u0645\\u062c\\u062a\\u0645\\u0639\\u064a\\u0629 \\u0627\\u0644\\u0643\\u0628\\u064a\\u0631\\u0629 \\u060c \\u0648\\u064a\\u062c\\u0628 \\u0623\\u0646 \\u0623\\u0634\\u0631\\u062d \\u0644\\u0643 \\u0643\\u064a\\u0641 \\u0648\\u0644\\u062f\\u062a \\u0643\\u0644 \\u0647\\u0630\\u0647 \\u0627\\u0644\\u0641\\u0643\\u0631\\u0629 \\u0627\\u0644\\u062e\\u0627\\u0637\\u0626\\u0629 \\u0627\\u0644\\u0645\\u062a\\u0645\\u062b\\u0644\\u0629 \\u0641\\u064a \\u0625\\u062f\\u0627\\u0646\\u0629 \\u0627\\u0644\\u0645\\u062a\\u0639\\u0629 \\u0648\\u0645\\u062f\\u062d \\u0627\\u0644\\u0623\\u0644\\u0645 \\u060c \\u0648\\u0633\\u0623\\u0642\\u062f\\u0645 \\u0644\\u0643 \\u0648\\u0635\\u0641\\u064b\\u0627 \\u0643\\u0627\\u0645\\u0644\\u0627\\u064b \\u0644\\u0644\\u0646\\u0638\\u0627\\u0645 \\u060c \\u0648\\u0623\\u0634\\u0631\\u062d \\u0644\\u0643 \\u062d\\u0642\\u064a\\u0642\\u0629 \\u0627\\u0644\\u0623\\u0645\\u0631. \\u064a\\u062c\\u0628 \\u0623\\u0646 \\u0623\\u0634\\u0631\\u062d \\u0644\\u0643 \\u0643\\u064a\\u0641 \\u0643\\u0644 \\u0647\\u0630\\u0647 \\u0627\\u0644\\u0641\\u0643\\u0631\\u0629 \\u0627\\u0644\\u062e\\u0627\\u0637\\u0626\\u0629 \\u0644\\u0644\\u062a\\u0646\\u062f\\u064a\\u062f \\u0628\\u0627\\u0644\\u0644\\u0630\\u0629. \\u0646\\u062d\\u0646 \\u0645\\u0645\\u062a\\u0646\\u0648\\u0646 \\u062c\\u062f\\u064b\\u0627 \\u0644\\u0643 \\u0639\\u0644\\u0649 \\u062a\\u0628\\u0631\\u0639\\u0643. \\u064a\\u0633\\u0627\\u0639\\u062f\\u0646\\u0627 \\u0645\\u062c\\u0647\\u0648\\u062f\\u0643 \\u0627\\u0644\\u0635\\u063a\\u064a\\u0631 \\u0641\\u064a \\u062a\\u063a\\u064a\\u064a\\u0631 \\u0627\\u0644\\u062d\\u064a\\u0627\\u0629 \\u0627\\u0644\\u0645\\u062c\\u062a\\u0645\\u0639\\u064a\\u0629 \\u0627\\u0644\\u0643\\u0628\\u064a\\u0631\\u0629 \\u060c \\u0648\\u064a\\u062c\\u0628 \\u0623\\u0646 \\u0623\\u0634\\u0631\\u062d \\u0644\\u0643 \\u0643\\u064a\\u0641 \\u0648\\u0644\\u062f\\u062a \\u0643\\u0644 \\u0647\\u0630\\u0647 \\u0627\\u0644\\u0641\\u0643\\u0631\\u0629 \\u0627\\u0644\\u062e\\u0627\\u0637\\u0626\\u0629 \\u0627\\u0644\\u0645\\u062a\\u0645\\u062b\\u0644\\u0629 \\u0641\\u064a \\u0625\\u062f\\u0627\\u0646\\u0629 \\u0627\\u0644\\u0645\\u062a\\u0639\\u0629 \\u0648\\u0645\\u062f\\u062d \\u0627\\u0644\\u0623\\u0644\\u0645 \\u060c \\u0648\\u0633\\u0623\\u0642\\u062f\\u0645 \\u0644\\u0643 \\u0648\\u0635\\u0641\\u064b\\u0627 \\u0643\\u0627\\u0645\\u0644\\u0627\\u064b \\u0644\\u0644\\u0646\\u0638\\u0627\\u0645 \\u060c \\u0648\\u0623\\u0634\\u0631\\u062d \\u0644\\u0643 \\u062d\\u0642\\u064a\\u0642\\u0629 \\u0627\\u0644\\u0623\\u0645\\u0631. \\u064a\\u062c\\u0628 \\u0623\\u0646 \\u0623\\u0634\\u0631\\u062d \\u0644\\u0643 \\u0643\\u064a\\u0641 \\u0643\\u0644 \\u0647\\u0630\\u0647 \\u0627\\u0644\\u0641\\u0643\\u0631\\u0629 \\u0627\\u0644\\u062e\\u0627\\u0637\\u0626\\u0629 \\u0644\\u0644\\u062a\\u0646\\u062f\\u064a\\u062f \\u0628\\u0627\\u0644\\u0644\\u0630\\u0629 \"}","date":"2022-12-29","time":"04:30 PM","cost":20,"total_ticket":150,"available_ticket":null,"image":"166","organizer":"Pran fruto","organizer_email":"kotysegoly@mailinator.com","organizer_phone":"+1 (372) 798-4313","venue_location":"Chittagong","status":1,"created_at":"2022-10-24 13:32:13","updated_at":"2023-04-11 12:04:16","description":"{\"en_US\":\"We are very much greatful to you for your donation. Your little effort help us to change big community life I must explain to you how all this mistaken idea of denouncing pleasure and praising pain was born and I will give you a complete account of the system, and expound the actual teachings of the great explorer of the truth, the master-builder of human happiness. No one rejects, dislikes, or avoids pleasure itself, because it is pleasure, but because those who do not know how to pursue pleasure rationally We are very much greatful to you for your donation. Your little effort help us to change big community life I must explain to you how all this mistaken idea of denouncing pleasure and praising pain was born and I will give you a complete account of the system, and expound the actual . I must explain to you how all this mistaken idea of denouncing pleasure . We are very much greatful to you for your donation. Your little effort help us to change big community life I must explain to you how all this mistaken idea of denouncing pleasure and praising pain was born and I will give you a complete account of the system, and expound the actual . I must explain to you how all this mistaken idea of denouncing pleasure . We are very much greatful to you for your donation. Your little effort help us to change big community life I must explain to you how all this mistaken idea of denouncing pleasure and praising pain was born and I will give you a complete account of the system, and expound the actual . I must explain to you how all this mistaken idea of denouncing pleasure . We are very much greatful to you for your donation. Your little effort help us to change big community life I must explain to you how all this mistaken idea of denouncing pleasure and praising pain was born and I will give you a complete account of the system, and expound the actual . I must explain to you how all this mistaken idea of denouncing pleasure\",\"ar\":\"\\u0646\\u062d\\u0646 \\u0645\\u0645\\u062a\\u0646\\u0648\\u0646 \\u062c\\u062f\\u064b\\u0627 \\u0644\\u0643 \\u0639\\u0644\\u0649 \\u062a\\u0628\\u0631\\u0639\\u0643. \\u064a\\u0633\\u0627\\u0639\\u062f\\u0646\\u0627 \\u0645\\u062c\\u0647\\u0648\\u062f\\u0643 \\u0627\\u0644\\u0635\\u063a\\u064a\\u0631 \\u0641\\u064a \\u062a\\u063a\\u064a\\u064a\\u0631 \\u0627\\u0644\\u062d\\u064a\\u0627\\u0629 \\u0627\\u0644\\u0645\\u062c\\u062a\\u0645\\u0639\\u064a\\u0629 \\u0627\\u0644\\u0643\\u0628\\u064a\\u0631\\u0629 \\u060c \\u0648\\u064a\\u062c\\u0628 \\u0623\\u0646 \\u0623\\u0634\\u0631\\u062d \\u0644\\u0643 \\u0643\\u064a\\u0641 \\u0648\\u0644\\u062f\\u062a \\u0643\\u0644 \\u0647\\u0630\\u0647 \\u0627\\u0644\\u0641\\u0643\\u0631\\u0629 \\u0627\\u0644\\u062e\\u0627\\u0637\\u0626\\u0629 \\u0627\\u0644\\u0645\\u062a\\u0645\\u062b\\u0644\\u0629 \\u0641\\u064a \\u0625\\u062f\\u0627\\u0646\\u0629 \\u0627\\u0644\\u0645\\u062a\\u0639\\u0629 \\u0648\\u0645\\u062f\\u062d \\u0627\\u0644\\u0623\\u0644\\u0645 \\u060c \\u0648\\u0633\\u0623\\u0642\\u062f\\u0645 \\u0644\\u0643 \\u0648\\u0635\\u0641\\u064b\\u0627 \\u0643\\u0627\\u0645\\u0644\\u0627\\u064b \\u0644\\u0644\\u0646\\u0638\\u0627\\u0645 \\u060c \\u0648\\u0623\\u0634\\u0631\\u062d \\u0627\\u0644\\u062a\\u0639\\u0627\\u0644\\u064a\\u0645 \\u0627\\u0644\\u0641\\u0639\\u0644\\u064a\\u0629 \\u0644\\u0644\\u0645\\u0633\\u062a\\u0643\\u0634\\u0641 \\u0627\\u0644\\u0639\\u0638\\u064a\\u0645. \\u0627\\u0644\\u062d\\u0642\\u064a\\u0642\\u0629 \\u060c \\u0635\\u0627\\u0646\\u0639 \\u0627\\u0644\\u0633\\u0639\\u0627\\u062f\\u0629 \\u0627\\u0644\\u0628\\u0634\\u0631\\u064a\\u0629. \\u0644\\u0627 \\u0623\\u062d\\u062f \\u064a\\u0631\\u0641\\u0636 \\u0623\\u0648 \\u064a\\u0643\\u0631\\u0647 \\u0623\\u0648 \\u064a\\u062a\\u062c\\u0646\\u0628 \\u0627\\u0644\\u0645\\u062a\\u0639\\u0629 \\u0646\\u0641\\u0633\\u0647\\u0627 \\u060c \\u0644\\u0623\\u0646\\u0647\\u0627 \\u0645\\u062a\\u0639\\u0629 \\u060c \\u0648\\u0644\\u0643\\u0646 \\u0644\\u0623\\u0646 \\u0623\\u0648\\u0644\\u0626\\u0643 \\u0627\\u0644\\u0630\\u064a\\u0646 \\u0644\\u0627 \\u064a\\u0639\\u0631\\u0641\\u0648\\u0646 \\u0643\\u064a\\u0641 \\u064a\\u0633\\u0639\\u0648\\u0646 \\u0648\\u0631\\u0627\\u0621 \\u0627\\u0644\\u0645\\u062a\\u0639\\u0629 \\u0628\\u0639\\u0642\\u0644\\u0627\\u0646\\u064a\\u0629 \\u0646\\u062d\\u0646 \\u0645\\u0645\\u062a\\u0646\\u0648\\u0646 \\u062c\\u062f\\u064b\\u0627 \\u0644\\u0643 \\u0639\\u0644\\u0649 \\u062a\\u0628\\u0631\\u0639\\u0643. \\u064a\\u0633\\u0627\\u0639\\u062f\\u0646\\u0627 \\u0645\\u062c\\u0647\\u0648\\u062f\\u0643 \\u0627\\u0644\\u0635\\u063a\\u064a\\u0631 \\u0641\\u064a \\u062a\\u063a\\u064a\\u064a\\u0631 \\u0627\\u0644\\u062d\\u064a\\u0627\\u0629 \\u0627\\u0644\\u0645\\u062c\\u062a\\u0645\\u0639\\u064a\\u0629 \\u0627\\u0644\\u0643\\u0628\\u064a\\u0631\\u0629 \\u060c \\u0648\\u064a\\u062c\\u0628 \\u0623\\u0646 \\u0623\\u0634\\u0631\\u062d \\u0644\\u0643 \\u0643\\u064a\\u0641 \\u0648\\u0644\\u062f\\u062a \\u0643\\u0644 \\u0647\\u0630\\u0647 \\u0627\\u0644\\u0641\\u0643\\u0631\\u0629 \\u0627\\u0644\\u062e\\u0627\\u0637\\u0626\\u0629 \\u0627\\u0644\\u0645\\u062a\\u0645\\u062b\\u0644\\u0629 \\u0641\\u064a \\u0625\\u062f\\u0627\\u0646\\u0629 \\u0627\\u0644\\u0645\\u062a\\u0639\\u0629 \\u0648\\u0645\\u062f\\u062d \\u0627\\u0644\\u0623\\u0644\\u0645 \\u060c \\u0648\\u0633\\u0623\\u0642\\u062f\\u0645 \\u0644\\u0643 \\u0648\\u0635\\u0641\\u064b\\u0627 \\u0643\\u0627\\u0645\\u0644\\u0627\\u064b \\u0644\\u0644\\u0646\\u0638\\u0627\\u0645 \\u060c \\u0648\\u0623\\u0634\\u0631\\u062d \\u0644\\u0643 \\u062d\\u0642\\u064a\\u0642\\u0629 \\u0627\\u0644\\u0623\\u0645\\u0631. \\u064a\\u062c\\u0628 \\u0623\\u0646 \\u0623\\u0634\\u0631\\u062d \\u0644\\u0643 \\u0643\\u064a\\u0641 \\u0643\\u0644 \\u0647\\u0630\\u0647 \\u0627\\u0644\\u0641\\u0643\\u0631\\u0629 \\u0627\\u0644\\u062e\\u0627\\u0637\\u0626\\u0629 \\u0644\\u0644\\u062a\\u0646\\u062f\\u064a\\u062f \\u0628\\u0627\\u0644\\u0644\\u0630\\u0629. \\u0646\\u062d\\u0646 \\u0645\\u0645\\u062a\\u0646\\u0648\\u0646 \\u062c\\u062f\\u064b\\u0627 \\u0644\\u0643 \\u0639\\u0644\\u0649 \\u062a\\u0628\\u0631\\u0639\\u0643. \\u064a\\u0633\\u0627\\u0639\\u062f\\u0646\\u0627 \\u0645\\u062c\\u0647\\u0648\\u062f\\u0643 \\u0627\\u0644\\u0635\\u063a\\u064a\\u0631 \\u0641\\u064a \\u062a\\u063a\\u064a\\u064a\\u0631 \\u0627\\u0644\\u062d\\u064a\\u0627\\u0629 \\u0627\\u0644\\u0645\\u062c\\u062a\\u0645\\u0639\\u064a\\u0629 \\u0627\\u0644\\u0643\\u0628\\u064a\\u0631\\u0629 \\u060c \\u0648\\u064a\\u062c\\u0628 \\u0623\\u0646 \\u0623\\u0634\\u0631\\u062d \\u0644\\u0643 \\u0643\\u064a\\u0641 \\u0648\\u0644\\u062f\\u062a \\u0643\\u0644 \\u0647\\u0630\\u0647 \\u0627\\u0644\\u0641\\u0643\\u0631\\u0629 \\u0627\\u0644\\u062e\\u0627\\u0637\\u0626\\u0629 \\u0627\\u0644\\u0645\\u062a\\u0645\\u062b\\u0644\\u0629 \\u0641\\u064a \\u0625\\u062f\\u0627\\u0646\\u0629 \\u0627\\u0644\\u0645\\u062a\\u0639\\u0629 \\u0648\\u0645\\u062f\\u062d \\u0627\\u0644\\u0623\\u0644\\u0645 \\u060c \\u0648\\u0633\\u0623\\u0642\\u062f\\u0645 \\u0644\\u0643 \\u0648\\u0635\\u0641\\u064b\\u0627 \\u0643\\u0627\\u0645\\u0644\\u0627\\u064b \\u0644\\u0644\\u0646\\u0638\\u0627\\u0645 \\u060c \\u0648\\u0623\\u0634\\u0631\\u062d \\u0644\\u0643 \\u062d\\u0642\\u064a\\u0642\\u0629 \\u0627\\u0644\\u0623\\u0645\\u0631. \\u064a\\u062c\\u0628 \\u0623\\u0646 \\u0623\\u0634\\u0631\\u062d \\u0644\\u0643 \\u0643\\u064a\\u0641 \\u0643\\u0644 \\u0647\\u0630\\u0647 \\u0627\\u0644\\u0641\\u0643\\u0631\\u0629 \\u0627\\u0644\\u062e\\u0627\\u0637\\u0626\\u0629 \\u0644\\u0644\\u062a\\u0646\\u062f\\u064a\\u062f \\u0628\\u0627\\u0644\\u0644\\u0630\\u0629. \\u0646\\u062d\\u0646 \\u0645\\u0645\\u062a\\u0646\\u0648\\u0646 \\u062c\\u062f\\u064b\\u0627 \\u0644\\u0643 \\u0639\\u0644\\u0649 \\u062a\\u0628\\u0631\\u0639\\u0643. \\u064a\\u0633\\u0627\\u0639\\u062f\\u0646\\u0627 \\u0645\\u062c\\u0647\\u0648\\u062f\\u0643 \\u0627\\u0644\\u0635\\u063a\\u064a\\u0631 \\u0641\\u064a \\u062a\\u063a\\u064a\\u064a\\u0631 \\u0627\\u0644\\u062d\\u064a\\u0627\\u0629 \\u0627\\u0644\\u0645\\u062c\\u062a\\u0645\\u0639\\u064a\\u0629 \\u0627\\u0644\\u0643\\u0628\\u064a\\u0631\\u0629 \\u060c \\u0648\\u064a\\u062c\\u0628 \\u0623\\u0646 \\u0623\\u0634\\u0631\\u062d \\u0644\\u0643 \\u0643\\u064a\\u0641 \\u0648\\u0644\\u062f\\u062a \\u0643\\u0644 \\u0647\\u0630\\u0647 \\u0627\\u0644\\u0641\\u0643\\u0631\\u0629 \\u0627\\u0644\\u062e\\u0627\\u0637\\u0626\\u0629 \\u0627\\u0644\\u0645\\u062a\\u0645\\u062b\\u0644\\u0629 \\u0641\\u064a \\u0625\\u062f\\u0627\\u0646\\u0629 \\u0627\\u0644\\u0645\\u062a\\u0639\\u0629 \\u0648\\u0645\\u062f\\u062d \\u0627\\u0644\\u0623\\u0644\\u0645 \\u060c \\u0648\\u0633\\u0623\\u0642\\u062f\\u0645 \\u0644\\u0643 \\u0648\\u0635\\u0641\\u064b\\u0627 \\u0643\\u0627\\u0645\\u0644\\u0627\\u064b \\u0644\\u0644\\u0646\\u0638\\u0627\\u0645 \\u060c \\u0648\\u0623\\u0634\\u0631\\u062d \\u0644\\u0643 \\u062d\\u0642\\u064a\\u0642\\u0629 \\u0627\\u0644\\u0623\\u0645\\u0631. \\u064a\\u062c\\u0628 \\u0623\\u0646 \\u0623\\u0634\\u0631\\u062d \\u0644\\u0643 \\u0643\\u064a\\u0641 \\u0643\\u0644 \\u0647\\u0630\\u0647 \\u0627\\u0644\\u0641\\u0643\\u0631\\u0629 \\u0627\\u0644\\u062e\\u0627\\u0637\\u0626\\u0629 \\u0644\\u0644\\u062a\\u0646\\u062f\\u064a\\u062f \\u0628\\u0627\\u0644\\u0644\\u0630\\u0629. \\u0646\\u062d\\u0646 \\u0645\\u0645\\u062a\\u0646\\u0648\\u0646 \\u062c\\u062f\\u064b\\u0627 \\u0644\\u0643 \\u0639\\u0644\\u0649 \\u062a\\u0628\\u0631\\u0639\\u0643. \\u064a\\u0633\\u0627\\u0639\\u062f\\u0646\\u0627 \\u0645\\u062c\\u0647\\u0648\\u062f\\u0643 \\u0627\\u0644\\u0635\\u063a\\u064a\\u0631 \\u0641\\u064a \\u062a\\u063a\\u064a\\u064a\\u0631 \\u0627\\u0644\\u062d\\u064a\\u0627\\u0629 \\u0627\\u0644\\u0645\\u062c\\u062a\\u0645\\u0639\\u064a\\u0629 \\u0627\\u0644\\u0643\\u0628\\u064a\\u0631\\u0629 \\u060c \\u0648\\u064a\\u062c\\u0628 \\u0623\\u0646 \\u0623\\u0634\\u0631\\u062d \\u0644\\u0643 \\u0643\\u064a\\u0641 \\u0648\\u0644\\u062f\\u062a \\u0643\\u0644 \\u0647\\u0630\\u0647 \\u0627\\u0644\\u0641\\u0643\\u0631\\u0629 \\u0627\\u0644\\u062e\\u0627\\u0637\\u0626\\u0629 \\u0627\\u0644\\u0645\\u062a\\u0645\\u062b\\u0644\\u0629 \\u0641\\u064a \\u0625\\u062f\\u0627\\u0646\\u0629 \\u0627\\u0644\\u0645\\u062a\\u0639\\u0629 \\u0648\\u0645\\u062f\\u062d \\u0627\\u0644\\u0623\\u0644\\u0645 \\u060c \\u0648\\u0633\\u0623\\u0642\\u062f\\u0645 \\u0644\\u0643 \\u0648\\u0635\\u0641\\u064b\\u0627 \\u0643\\u0627\\u0645\\u0644\\u0627\\u064b \\u0644\\u0644\\u0646\\u0638\\u0627\\u0645 \\u060c \\u0648\\u0623\\u0634\\u0631\\u062d \\u0644\\u0643 \\u062d\\u0642\\u064a\\u0642\\u0629 \\u0627\\u0644\\u0623\\u0645\\u0631. \\u064a\\u062c\\u0628 \\u0623\\u0646 \\u0623\\u0634\\u0631\\u062d \\u0644\\u0643 \\u0643\\u064a\\u0641 \\u0643\\u0644 \\u0647\\u0630\\u0647 \\u0627\\u0644\\u0641\\u0643\\u0631\\u0629 \\u0627\\u0644\\u062e\\u0627\\u0637\\u0626\\u0629 \\u0644\\u0644\\u062a\\u0646\\u062f\\u064a\\u062f \\u0628\\u0627\\u0644\\u0644\\u0630\\u0629 \"}"},{"id":10,"category_id":1,"title":"{\"en\":\"Your little effort help us to change big community life\",\"en_US\":\"We azbe very much greatful to you for your event\",\"azb\":\" \\u0628\\u0639\\u0642 \\u0644\\u0644\\u062a\\u0646\\u062f\\u064a\\u062f \\u0628\\u0627\\u0644\\u0644\\u0630\\u0629\"}","slug":"your-little-effort-help-us-to-change-big-community-life-4","content":"{\"en_US\":\"We azbe very much greatful to you for your donation. Your little effort help us to change big community life I must explain to you how all this mistaken idea of denouncing pleen_USure and praising pain wen_US azbrn and I will give you a complete account of the system, and expound the actual teachings of the great explorer of the truth, the men_USter-builder of human happiness. No one rejects, dislikes, or avoids pleen_USure itself, beazbuse it is pleen_USure, but beazbuse those who do not know how to pursue pleen_USure rationally We azbe very much greatful to you for your donation. Your little effort help us to change big community life I must explain to you how all this mistaken idea of denouncing pleen_USure and praising pain wen_US azbrn and I will give you a complete account of the system, and expound the actual . I must explain to you how all this mistaken idea of denouncing pleen_USure . We azbe very much greatful to you for your donation. Your little effort help us to change big community life I must explain to you how all this mistaken idea of denouncing pleen_USure and praising pain wen_US azbrn and I will give you a complete account of the system, and expound the actual . I must explain to you how all this mistaken idea of denouncing pleen_USure . We azbe very much greatful to you for your donation. Your little effort help us to change big community life I must explain to you how all this mistaken idea of denouncing pleen_USure and praising pain wen_US azbrn and I will give you a complete account of the system, and expound the actual . I must explain to you how all this mistaken idea of denouncing pleen_USure . We azbe very much greatful to you for your donation. Your little effort help us to change big community life I must explain to you how all this mistaken idea of denouncing pleen_USure and praising pain wen_US azbrn and I will give you a complete account of the system, and expound the actual . I must explain to you how all this mistaken idea of denouncing pleen_USure\",\"azb\":\"\\u0646\\u062d\\u0646 \\u0645\\u0645\\u062a\\u0646\\u0648\\u0646 \\u062c\\u062f\\u064b\\u0627 \\u0644\\u0643 \\u0639\\u0644\\u0649 \\u062a\\u0628\\u0631\\u0639\\u0643. \\u064a\\u0633\\u0627\\u0639\\u062f\\u0646\\u0627 \\u0645\\u062c\\u0647\\u0648\\u062f\\u0643 \\u0627\\u0644\\u0635\\u063a\\u064a\\u0631 \\u0641\\u064a \\u062a\\u063a\\u064a\\u064a\\u0631 \\u0627\\u0644\\u062d\\u064a\\u0627\\u0629 \\u0627\\u0644\\u0645\\u062c\\u062a\\u0645\\u0639\\u064a\\u0629 \\u0627\\u0644\\u0643\\u0628\\u064a\\u0631\\u0629 \\u060c \\u0648\\u064a\\u062c\\u0628 \\u0623\\u0646 \\u0623\\u0634\\u0631\\u062d \\u0644\\u0643 \\u0643\\u064a\\u0641 \\u0648\\u0644\\u062f\\u062a \\u0643\\u0644 \\u0647\\u0630\\u0647 \\u0627\\u0644\\u0641\\u0643\\u0631\\u0629 \\u0627\\u0644\\u062e\\u0627\\u0637\\u0626\\u0629 \\u0627\\u0644\\u0645\\u062a\\u0645\\u062b\\u0644\\u0629 \\u0641\\u064a \\u0625\\u062f\\u0627\\u0646\\u0629 \\u0627\\u0644\\u0645\\u062a\\u0639\\u0629 \\u0648\\u0645\\u062f\\u062d \\u0627\\u0644\\u0623\\u0644\\u0645 \\u060c \\u0648\\u0633\\u0623\\u0642\\u062f\\u0645 \\u0644\\u0643 \\u0648\\u0635\\u0641\\u064b\\u0627 \\u0643\\u0627\\u0645\\u0644\\u0627\\u064b \\u0644\\u0644\\u0646\\u0638\\u0627\\u0645 \\u060c \\u0648\\u0623\\u0634\\u0631\\u062d \\u0627\\u0644\\u062a\\u0639\\u0627\\u0644\\u064a\\u0645 \\u0627\\u0644\\u0641\\u0639\\u0644\\u064a\\u0629 \\u0644\\u0644\\u0645\\u0633\\u062a\\u0643\\u0634\\u0641 \\u0627\\u0644\\u0639\\u0638\\u064a\\u0645. \\u0627\\u0644\\u062d\\u0642\\u064a\\u0642\\u0629 \\u060c \\u0635\\u0627\\u0646\\u0639 \\u0627\\u0644\\u0633\\u0639\\u0627\\u062f\\u0629 \\u0627\\u0644\\u0628\\u0634\\u0631\\u064a\\u0629. \\u0644\\u0627 \\u0623\\u062d\\u062f \\u064a\\u0631\\u0641\\u0636 \\u0623\\u0648 \\u064a\\u0643\\u0631\\u0647 \\u0623\\u0648 \\u064a\\u062a\\u062c\\u0646\\u0628 \\u0627\\u0644\\u0645\\u062a\\u0639\\u0629 \\u0646\\u0641\\u0633\\u0647\\u0627 \\u060c \\u0644\\u0623\\u0646\\u0647\\u0627 \\u0645\\u062a\\u0639\\u0629 \\u060c \\u0648\\u0644\\u0643\\u0646 \\u0644\\u0623\\u0646 \\u0623\\u0648\\u0644\\u0626\\u0643 \\u0627\\u0644\\u0630\\u064a\\u0646 \\u0644\\u0627 \\u064a\\u0639\\u0631\\u0641\\u0648\\u0646 \\u0643\\u064a\\u0641 \\u064a\\u0633\\u0639\\u0648\\u0646 \\u0648\\u0631\\u0627\\u0621 \\u0627\\u0644\\u0645\\u062a\\u0639\\u0629 \\u0628\\u0639\\u0642\\u0644\\u0627\\u0646\\u064a\\u0629 \\u0646\\u062d\\u0646 \\u0645\\u0645\\u062a\\u0646\\u0648\\u0646 \\u062c\\u062f\\u064b\\u0627 \\u0644\\u0643 \\u0639\\u0644\\u0649 \\u062a\\u0628\\u0631\\u0639\\u0643. \\u064a\\u0633\\u0627\\u0639\\u062f\\u0646\\u0627 \\u0645\\u062c\\u0647\\u0648\\u062f\\u0643 \\u0627\\u0644\\u0635\\u063a\\u064a\\u0631 \\u0641\\u064a \\u062a\\u063a\\u064a\\u064a\\u0631 \\u0627\\u0644\\u062d\\u064a\\u0627\\u0629 \\u0627\\u0644\\u0645\\u062c\\u062a\\u0645\\u0639\\u064a\\u0629 \\u0627\\u0644\\u0643\\u0628\\u064a\\u0631\\u0629 \\u060c \\u0648\\u064a\\u062c\\u0628 \\u0623\\u0646 \\u0623\\u0634\\u0631\\u062d \\u0644\\u0643 \\u0643\\u064a\\u0641 \\u0648\\u0644\\u062f\\u062a \\u0643\\u0644 \\u0647\\u0630\\u0647 \\u0627\\u0644\\u0641\\u0643\\u0631\\u0629 \\u0627\\u0644\\u062e\\u0627\\u0637\\u0626\\u0629 \\u0627\\u0644\\u0645\\u062a\\u0645\\u062b\\u0644\\u0629 \\u0641\\u064a \\u0625\\u062f\\u0627\\u0646\\u0629 \\u0627\\u0644\\u0645\\u062a\\u0639\\u0629 \\u0648\\u0645\\u062f\\u062d \\u0627\\u0644\\u0623\\u0644\\u0645 \\u060c \\u0648\\u0633\\u0623\\u0642\\u062f\\u0645 \\u0644\\u0643 \\u0648\\u0635\\u0641\\u064b\\u0627 \\u0643\\u0627\\u0645\\u0644\\u0627\\u064b \\u0644\\u0644\\u0646\\u0638\\u0627\\u0645 \\u060c \\u0648\\u0623\\u0634\\u0631\\u062d \\u0644\\u0643 \\u062d\\u0642\\u064a\\u0642\\u0629 \\u0627\\u0644\\u0623\\u0645\\u0631. \\u064a\\u062c\\u0628 \\u0623\\u0646 \\u0623\\u0634\\u0631\\u062d \\u0644\\u0643 \\u0643\\u064a\\u0641 \\u0643\\u0644 \\u0647\\u0630\\u0647 \\u0627\\u0644\\u0641\\u0643\\u0631\\u0629 \\u0627\\u0644\\u062e\\u0627\\u0637\\u0626\\u0629 \\u0644\\u0644\\u062a\\u0646\\u062f\\u064a\\u062f \\u0628\\u0627\\u0644\\u0644\\u0630\\u0629. \\u0646\\u062d\\u0646 \\u0645\\u0645\\u062a\\u0646\\u0648\\u0646 \\u062c\\u062f\\u064b\\u0627 \\u0644\\u0643 \\u0639\\u0644\\u0649 \\u062a\\u0628\\u0631\\u0639\\u0643. \\u064a\\u0633\\u0627\\u0639\\u062f\\u0646\\u0627 \\u0645\\u062c\\u0647\\u0648\\u062f\\u0643 \\u0627\\u0644\\u0635\\u063a\\u064a\\u0631 \\u0641\\u064a \\u062a\\u063a\\u064a\\u064a\\u0631 \\u0627\\u0644\\u062d\\u064a\\u0627\\u0629 \\u0627\\u0644\\u0645\\u062c\\u062a\\u0645\\u0639\\u064a\\u0629 \\u0627\\u0644\\u0643\\u0628\\u064a\\u0631\\u0629 \\u060c \\u0648\\u064a\\u062c\\u0628 \\u0623\\u0646 \\u0623\\u0634\\u0631\\u062d \\u0644\\u0643 \\u0643\\u064a\\u0641 \\u0648\\u0644\\u062f\\u062a \\u0643\\u0644 \\u0647\\u0630\\u0647 \\u0627\\u0644\\u0641\\u0643\\u0631\\u0629 \\u0627\\u0644\\u062e\\u0627\\u0637\\u0626\\u0629 \\u0627\\u0644\\u0645\\u062a\\u0645\\u062b\\u0644\\u0629 \\u0641\\u064a \\u0625\\u062f\\u0627\\u0646\\u0629 \\u0627\\u0644\\u0645\\u062a\\u0639\\u0629 \\u0648\\u0645\\u062f\\u062d \\u0627\\u0644\\u0623\\u0644\\u0645 \\u060c \\u0648\\u0633\\u0623\\u0642\\u062f\\u0645 \\u0644\\u0643 \\u0648\\u0635\\u0641\\u064b\\u0627 \\u0643\\u0627\\u0645\\u0644\\u0627\\u064b \\u0644\\u0644\\u0646\\u0638\\u0627\\u0645 \\u060c \\u0648\\u0623\\u0634\\u0631\\u062d \\u0644\\u0643 \\u062d\\u0642\\u064a\\u0642\\u0629 \\u0627\\u0644\\u0623\\u0645\\u0631. \\u064a\\u062c\\u0628 \\u0623\\u0646 \\u0623\\u0634\\u0631\\u062d \\u0644\\u0643 \\u0643\\u064a\\u0641 \\u0643\\u0644 \\u0647\\u0630\\u0647 \\u0627\\u0644\\u0641\\u0643\\u0631\\u0629 \\u0627\\u0644\\u062e\\u0627\\u0637\\u0626\\u0629 \\u0644\\u0644\\u062a\\u0646\\u062f\\u064a\\u062f \\u0628\\u0627\\u0644\\u0644\\u0630\\u0629. \\u0646\\u062d\\u0646 \\u0645\\u0645\\u062a\\u0646\\u0648\\u0646 \\u062c\\u062f\\u064b\\u0627 \\u0644\\u0643 \\u0639\\u0644\\u0649 \\u062a\\u0628\\u0631\\u0639\\u0643. \\u064a\\u0633\\u0627\\u0639\\u062f\\u0646\\u0627 \\u0645\\u062c\\u0647\\u0648\\u062f\\u0643 \\u0627\\u0644\\u0635\\u063a\\u064a\\u0631 \\u0641\\u064a \\u062a\\u063a\\u064a\\u064a\\u0631 \\u0627\\u0644\\u062d\\u064a\\u0627\\u0629 \\u0627\\u0644\\u0645\\u062c\\u062a\\u0645\\u0639\\u064a\\u0629 \\u0627\\u0644\\u0643\\u0628\\u064a\\u0631\\u0629 \\u060c \\u0648\\u064a\\u062c\\u0628 \\u0623\\u0646 \\u0623\\u0634\\u0631\\u062d \\u0644\\u0643 \\u0643\\u064a\\u0641 \\u0648\\u0644\\u062f\\u062a \\u0643\\u0644 \\u0647\\u0630\\u0647 \\u0627\\u0644\\u0641\\u0643\\u0631\\u0629 \\u0627\\u0644\\u062e\\u0627\\u0637\\u0626\\u0629 \\u0627\\u0644\\u0645\\u062a\\u0645\\u062b\\u0644\\u0629 \\u0641\\u064a \\u0625\\u062f\\u0627\\u0646\\u0629 \\u0627\\u0644\\u0645\\u062a\\u0639\\u0629 \\u0648\\u0645\\u062f\\u062d \\u0627\\u0644\\u0623\\u0644\\u0645 \\u060c \\u0648\\u0633\\u0623\\u0642\\u062f\\u0645 \\u0644\\u0643 \\u0648\\u0635\\u0641\\u064b\\u0627 \\u0643\\u0627\\u0645\\u0644\\u0627\\u064b \\u0644\\u0644\\u0646\\u0638\\u0627\\u0645 \\u060c \\u0648\\u0623\\u0634\\u0631\\u062d \\u0644\\u0643 \\u062d\\u0642\\u064a\\u0642\\u0629 \\u0627\\u0644\\u0623\\u0645\\u0631. \\u064a\\u062c\\u0628 \\u0623\\u0646 \\u0623\\u0634\\u0631\\u062d \\u0644\\u0643 \\u0643\\u064a\\u0641 \\u0643\\u0644 \\u0647\\u0630\\u0647 \\u0627\\u0644\\u0641\\u0643\\u0631\\u0629 \\u0627\\u0644\\u062e\\u0627\\u0637\\u0626\\u0629 \\u0644\\u0644\\u062a\\u0646\\u062f\\u064a\\u062f \\u0628\\u0627\\u0644\\u0644\\u0630\\u0629. \\u0646\\u062d\\u0646 \\u0645\\u0645\\u062a\\u0646\\u0648\\u0646 \\u062c\\u062f\\u064b\\u0627 \\u0644\\u0643 \\u0639\\u0644\\u0649 \\u062a\\u0628\\u0631\\u0639\\u0643. \\u064a\\u0633\\u0627\\u0639\\u062f\\u0646\\u0627 \\u0645\\u062c\\u0647\\u0648\\u062f\\u0643 \\u0627\\u0644\\u0635\\u063a\\u064a\\u0631 \\u0641\\u064a \\u062a\\u063a\\u064a\\u064a\\u0631 \\u0627\\u0644\\u062d\\u064a\\u0627\\u0629 \\u0627\\u0644\\u0645\\u062c\\u062a\\u0645\\u0639\\u064a\\u0629 \\u0627\\u0644\\u0643\\u0628\\u064a\\u0631\\u0629 \\u060c \\u0648\\u064a\\u062c\\u0628 \\u0623\\u0646 \\u0623\\u0634\\u0631\\u062d \\u0644\\u0643 \\u0643\\u064a\\u0641 \\u0648\\u0644\\u062f\\u062a \\u0643\\u0644 \\u0647\\u0630\\u0647 \\u0627\\u0644\\u0641\\u0643\\u0631\\u0629 \\u0627\\u0644\\u062e\\u0627\\u0637\\u0626\\u0629 \\u0627\\u0644\\u0645\\u062a\\u0645\\u062b\\u0644\\u0629 \\u0641\\u064a \\u0625\\u062f\\u0627\\u0646\\u0629 \\u0627\\u0644\\u0645\\u062a\\u0639\\u0629 \\u0648\\u0645\\u062f\\u062d \\u0627\\u0644\\u0623\\u0644\\u0645 \\u060c \\u0648\\u0633\\u0623\\u0642\\u062f\\u0645 \\u0644\\u0643 \\u0648\\u0635\\u0641\\u064b\\u0627 \\u0643\\u0627\\u0645\\u0644\\u0627\\u064b \\u0644\\u0644\\u0646\\u0638\\u0627\\u0645 \\u060c \\u0648\\u0623\\u0634\\u0631\\u062d \\u0644\\u0643 \\u062d\\u0642\\u064a\\u0642\\u0629 \\u0627\\u0644\\u0623\\u0645\\u0631. \\u064a\\u062c\\u0628 \\u0623\\u0646 \\u0623\\u0634\\u0631\\u062d \\u0644\\u0643 \\u0643\\u064a\\u0641 \\u0643\\u0644 \\u0647\\u0630\\u0647 \\u0627\\u0644\\u0641\\u0643\\u0631\\u0629 \\u0627\\u0644\\u062e\\u0627\\u0637\\u0626\\u0629 \\u0644\\u0644\\u062a\\u0646\\u062f\\u064a\\u062f \\u0628\\u0627\\u0644\\u0644\\u0630\\u0629 \"}","date":"2023-09-27","time":"04:30 PM","cost":65,"total_ticket":400,"available_ticket":null,"image":"164","organizer":"Natao","organizer_email":"kotysegoly@mailinator.com","organizer_phone":"+1 (372) 798-4313","venue_location":"Dhaka","status":1,"created_at":"2022-10-24 13:33:42","updated_at":"2023-04-11 12:04:16"},{"id":11,"category_id":2,"title":"{\"en\":\"Blood donation for flood victim\",\"en_US\":\"Author Ocean Vuong on being generous in your work\",\"azb\":\" \\u0628\\u0639\\u0642 \\u0644\\u0644\\u062a\\u0646\\u062f\\u064a\\u062f \\u0628\\u0627\\u0644\\u0644\\u0630\\u0629\"}","slug":"author-ocean-vuong-on-being-generous-in-your-work-3","content":"{\"en_US\":\"We azbe very much greatful to you for your donation. Your little effort help us to change big community life I must explain to you how all this mistaken idea of denouncing pleen_USure and praising pain wen_US azbrn and I will give you a complete account of the system, and expound the actual teachings of the great explorer of the truth, the men_USter-builder of human happiness. No one rejects, dislikes, or avoids pleen_USure itself, beazbuse it is pleen_USure, but beazbuse those who do not know how to pursue pleen_USure rationally We azbe very much greatful to you for your donation. Your little effort help us to change big community life I must explain to you how all this mistaken idea of denouncing pleen_USure and praising pain wen_US azbrn and I will give you a complete account of the system, and expound the actual . I must explain to you how all this mistaken idea of denouncing pleen_USure . We azbe very much greatful to you for your donation. Your little effort help us to change big community life I must explain to you how all this mistaken idea of denouncing pleen_USure and praising pain wen_US azbrn and I will give you a complete account of the system, and expound the actual . I must explain to you how all this mistaken idea of denouncing pleen_USure . We azbe very much greatful to you for your donation. Your little effort help us to change big community life I must explain to you how all this mistaken idea of denouncing pleen_USure and praising pain wen_US azbrn and I will give you a complete account of the system, and expound the actual . I must explain to you how all this mistaken idea of denouncing pleen_USure . We azbe very much greatful to you for your donation. Your little effort help us to change big community life I must explain to you how all this mistaken idea of denouncing pleen_USure and praising pain wen_US azbrn and I will give you a complete account of the system, and expound the actual . I must explain to you how all this mistaken idea of denouncing pleen_USure\",\"azb\":\"\\u0646\\u062d\\u0646 \\u0645\\u0645\\u062a\\u0646\\u0648\\u0646 \\u062c\\u062f\\u064b\\u0627 \\u0644\\u0643 \\u0639\\u0644\\u0649 \\u062a\\u0628\\u0631\\u0639\\u0643. \\u064a\\u0633\\u0627\\u0639\\u062f\\u0646\\u0627 \\u0645\\u062c\\u0647\\u0648\\u062f\\u0643 \\u0627\\u0644\\u0635\\u063a\\u064a\\u0631 \\u0641\\u064a \\u062a\\u063a\\u064a\\u064a\\u0631 \\u0627\\u0644\\u062d\\u064a\\u0627\\u0629 \\u0627\\u0644\\u0645\\u062c\\u062a\\u0645\\u0639\\u064a\\u0629 \\u0627\\u0644\\u0643\\u0628\\u064a\\u0631\\u0629 \\u060c \\u0648\\u064a\\u062c\\u0628 \\u0623\\u0646 \\u0623\\u0634\\u0631\\u062d \\u0644\\u0643 \\u0643\\u064a\\u0641 \\u0648\\u0644\\u062f\\u062a \\u0643\\u0644 \\u0647\\u0630\\u0647 \\u0627\\u0644\\u0641\\u0643\\u0631\\u0629 \\u0627\\u0644\\u062e\\u0627\\u0637\\u0626\\u0629 \\u0627\\u0644\\u0645\\u062a\\u0645\\u062b\\u0644\\u0629 \\u0641\\u064a \\u0625\\u062f\\u0627\\u0646\\u0629 \\u0627\\u0644\\u0645\\u062a\\u0639\\u0629 \\u0648\\u0645\\u062f\\u062d \\u0627\\u0644\\u0623\\u0644\\u0645 \\u060c \\u0648\\u0633\\u0623\\u0642\\u062f\\u0645 \\u0644\\u0643 \\u0648\\u0635\\u0641\\u064b\\u0627 \\u0643\\u0627\\u0645\\u0644\\u0627\\u064b \\u0644\\u0644\\u0646\\u0638\\u0627\\u0645 \\u060c \\u0648\\u0623\\u0634\\u0631\\u062d \\u0627\\u0644\\u062a\\u0639\\u0627\\u0644\\u064a\\u0645 \\u0627\\u0644\\u0641\\u0639\\u0644\\u064a\\u0629 \\u0644\\u0644\\u0645\\u0633\\u062a\\u0643\\u0634\\u0641 \\u0627\\u0644\\u0639\\u0638\\u064a\\u0645. \\u0627\\u0644\\u062d\\u0642\\u064a\\u0642\\u0629 \\u060c \\u0635\\u0627\\u0646\\u0639 \\u0627\\u0644\\u0633\\u0639\\u0627\\u062f\\u0629 \\u0627\\u0644\\u0628\\u0634\\u0631\\u064a\\u0629. \\u0644\\u0627 \\u0623\\u062d\\u062f \\u064a\\u0631\\u0641\\u0636 \\u0623\\u0648 \\u064a\\u0643\\u0631\\u0647 \\u0623\\u0648 \\u064a\\u062a\\u062c\\u0646\\u0628 \\u0627\\u0644\\u0645\\u062a\\u0639\\u0629 \\u0646\\u0641\\u0633\\u0647\\u0627 \\u060c \\u0644\\u0623\\u0646\\u0647\\u0627 \\u0645\\u062a\\u0639\\u0629 \\u060c \\u0648\\u0644\\u0643\\u0646 \\u0644\\u0623\\u0646 \\u0623\\u0648\\u0644\\u0626\\u0643 \\u0627\\u0644\\u0630\\u064a\\u0646 \\u0644\\u0627 \\u064a\\u0639\\u0631\\u0641\\u0648\\u0646 \\u0643\\u064a\\u0641 \\u064a\\u0633\\u0639\\u0648\\u0646 \\u0648\\u0631\\u0627\\u0621 \\u0627\\u0644\\u0645\\u062a\\u0639\\u0629 \\u0628\\u0639\\u0642\\u0644\\u0627\\u0646\\u064a\\u0629 \\u0646\\u062d\\u0646 \\u0645\\u0645\\u062a\\u0646\\u0648\\u0646 \\u062c\\u062f\\u064b\\u0627 \\u0644\\u0643 \\u0639\\u0644\\u0649 \\u062a\\u0628\\u0631\\u0639\\u0643. \\u064a\\u0633\\u0627\\u0639\\u062f\\u0646\\u0627 \\u0645\\u062c\\u0647\\u0648\\u062f\\u0643 \\u0627\\u0644\\u0635\\u063a\\u064a\\u0631 \\u0641\\u064a \\u062a\\u063a\\u064a\\u064a\\u0631 \\u0627\\u0644\\u062d\\u064a\\u0627\\u0629 \\u0627\\u0644\\u0645\\u062c\\u062a\\u0645\\u0639\\u064a\\u0629 \\u0627\\u0644\\u0643\\u0628\\u064a\\u0631\\u0629 \\u060c \\u0648\\u064a\\u062c\\u0628 \\u0623\\u0646 \\u0623\\u0634\\u0631\\u062d \\u0644\\u0643 \\u0643\\u064a\\u0641 \\u0648\\u0644\\u062f\\u062a \\u0643\\u0644 \\u0647\\u0630\\u0647 \\u0627\\u0644\\u0641\\u0643\\u0631\\u0629 \\u0627\\u0644\\u062e\\u0627\\u0637\\u0626\\u0629 \\u0627\\u0644\\u0645\\u062a\\u0645\\u062b\\u0644\\u0629 \\u0641\\u064a \\u0625\\u062f\\u0627\\u0646\\u0629 \\u0627\\u0644\\u0645\\u062a\\u0639\\u0629 \\u0648\\u0645\\u062f\\u062d \\u0627\\u0644\\u0623\\u0644\\u0645 \\u060c \\u0648\\u0633\\u0623\\u0642\\u062f\\u0645 \\u0644\\u0643 \\u0648\\u0635\\u0641\\u064b\\u0627 \\u0643\\u0627\\u0645\\u0644\\u0627\\u064b \\u0644\\u0644\\u0646\\u0638\\u0627\\u0645 \\u060c \\u0648\\u0623\\u0634\\u0631\\u062d \\u0644\\u0643 \\u062d\\u0642\\u064a\\u0642\\u0629 \\u0627\\u0644\\u0623\\u0645\\u0631. \\u064a\\u062c\\u0628 \\u0623\\u0646 \\u0623\\u0634\\u0631\\u062d \\u0644\\u0643 \\u0643\\u064a\\u0641 \\u0643\\u0644 \\u0647\\u0630\\u0647 \\u0627\\u0644\\u0641\\u0643\\u0631\\u0629 \\u0627\\u0644\\u062e\\u0627\\u0637\\u0626\\u0629 \\u0644\\u0644\\u062a\\u0646\\u062f\\u064a\\u062f \\u0628\\u0627\\u0644\\u0644\\u0630\\u0629. \\u0646\\u062d\\u0646 \\u0645\\u0645\\u062a\\u0646\\u0648\\u0646 \\u062c\\u062f\\u064b\\u0627 \\u0644\\u0643 \\u0639\\u0644\\u0649 \\u062a\\u0628\\u0631\\u0639\\u0643. \\u064a\\u0633\\u0627\\u0639\\u062f\\u0646\\u0627 \\u0645\\u062c\\u0647\\u0648\\u062f\\u0643 \\u0627\\u0644\\u0635\\u063a\\u064a\\u0631 \\u0641\\u064a \\u062a\\u063a\\u064a\\u064a\\u0631 \\u0627\\u0644\\u062d\\u064a\\u0627\\u0629 \\u0627\\u0644\\u0645\\u062c\\u062a\\u0645\\u0639\\u064a\\u0629 \\u0627\\u0644\\u0643\\u0628\\u064a\\u0631\\u0629 \\u060c \\u0648\\u064a\\u062c\\u0628 \\u0623\\u0646 \\u0623\\u0634\\u0631\\u062d \\u0644\\u0643 \\u0643\\u064a\\u0641 \\u0648\\u0644\\u062f\\u062a \\u0643\\u0644 \\u0647\\u0630\\u0647 \\u0627\\u0644\\u0641\\u0643\\u0631\\u0629 \\u0627\\u0644\\u062e\\u0627\\u0637\\u0626\\u0629 \\u0627\\u0644\\u0645\\u062a\\u0645\\u062b\\u0644\\u0629 \\u0641\\u064a \\u0625\\u062f\\u0627\\u0646\\u0629 \\u0627\\u0644\\u0645\\u062a\\u0639\\u0629 \\u0648\\u0645\\u062f\\u062d \\u0627\\u0644\\u0623\\u0644\\u0645 \\u060c \\u0648\\u0633\\u0623\\u0642\\u062f\\u0645 \\u0644\\u0643 \\u0648\\u0635\\u0641\\u064b\\u0627 \\u0643\\u0627\\u0645\\u0644\\u0627\\u064b \\u0644\\u0644\\u0646\\u0638\\u0627\\u0645 \\u060c \\u0648\\u0623\\u0634\\u0631\\u062d \\u0644\\u0643 \\u062d\\u0642\\u064a\\u0642\\u0629 \\u0627\\u0644\\u0623\\u0645\\u0631. \\u064a\\u062c\\u0628 \\u0623\\u0646 \\u0623\\u0634\\u0631\\u062d \\u0644\\u0643 \\u0643\\u064a\\u0641 \\u0643\\u0644 \\u0647\\u0630\\u0647 \\u0627\\u0644\\u0641\\u0643\\u0631\\u0629 \\u0627\\u0644\\u062e\\u0627\\u0637\\u0626\\u0629 \\u0644\\u0644\\u062a\\u0646\\u062f\\u064a\\u062f \\u0628\\u0627\\u0644\\u0644\\u0630\\u0629. \\u0646\\u062d\\u0646 \\u0645\\u0645\\u062a\\u0646\\u0648\\u0646 \\u062c\\u062f\\u064b\\u0627 \\u0644\\u0643 \\u0639\\u0644\\u0649 \\u062a\\u0628\\u0631\\u0639\\u0643. \\u064a\\u0633\\u0627\\u0639\\u062f\\u0646\\u0627 \\u0645\\u062c\\u0647\\u0648\\u062f\\u0643 \\u0627\\u0644\\u0635\\u063a\\u064a\\u0631 \\u0641\\u064a \\u062a\\u063a\\u064a\\u064a\\u0631 \\u0627\\u0644\\u062d\\u064a\\u0627\\u0629 \\u0627\\u0644\\u0645\\u062c\\u062a\\u0645\\u0639\\u064a\\u0629 \\u0627\\u0644\\u0643\\u0628\\u064a\\u0631\\u0629 \\u060c \\u0648\\u064a\\u062c\\u0628 \\u0623\\u0646 \\u0623\\u0634\\u0631\\u062d \\u0644\\u0643 \\u0643\\u064a\\u0641 \\u0648\\u0644\\u062f\\u062a \\u0643\\u0644 \\u0647\\u0630\\u0647 \\u0627\\u0644\\u0641\\u0643\\u0631\\u0629 \\u0627\\u0644\\u062e\\u0627\\u0637\\u0626\\u0629 \\u0627\\u0644\\u0645\\u062a\\u0645\\u062b\\u0644\\u0629 \\u0641\\u064a \\u0625\\u062f\\u0627\\u0646\\u0629 \\u0627\\u0644\\u0645\\u062a\\u0639\\u0629 \\u0648\\u0645\\u062f\\u062d \\u0627\\u0644\\u0623\\u0644\\u0645 \\u060c \\u0648\\u0633\\u0623\\u0642\\u062f\\u0645 \\u0644\\u0643 \\u0648\\u0635\\u0641\\u064b\\u0627 \\u0643\\u0627\\u0645\\u0644\\u0627\\u064b \\u0644\\u0644\\u0646\\u0638\\u0627\\u0645 \\u060c \\u0648\\u0623\\u0634\\u0631\\u062d \\u0644\\u0643 \\u062d\\u0642\\u064a\\u0642\\u0629 \\u0627\\u0644\\u0623\\u0645\\u0631. \\u064a\\u062c\\u0628 \\u0623\\u0646 \\u0623\\u0634\\u0631\\u062d \\u0644\\u0643 \\u0643\\u064a\\u0641 \\u0643\\u0644 \\u0647\\u0630\\u0647 \\u0627\\u0644\\u0641\\u0643\\u0631\\u0629 \\u0627\\u0644\\u062e\\u0627\\u0637\\u0626\\u0629 \\u0644\\u0644\\u062a\\u0646\\u062f\\u064a\\u062f \\u0628\\u0627\\u0644\\u0644\\u0630\\u0629. \\u0646\\u062d\\u0646 \\u0645\\u0645\\u062a\\u0646\\u0648\\u0646 \\u062c\\u062f\\u064b\\u0627 \\u0644\\u0643 \\u0639\\u0644\\u0649 \\u062a\\u0628\\u0631\\u0639\\u0643. \\u064a\\u0633\\u0627\\u0639\\u062f\\u0646\\u0627 \\u0645\\u062c\\u0647\\u0648\\u062f\\u0643 \\u0627\\u0644\\u0635\\u063a\\u064a\\u0631 \\u0641\\u064a \\u062a\\u063a\\u064a\\u064a\\u0631 \\u0627\\u0644\\u062d\\u064a\\u0627\\u0629 \\u0627\\u0644\\u0645\\u062c\\u062a\\u0645\\u0639\\u064a\\u0629 \\u0627\\u0644\\u0643\\u0628\\u064a\\u0631\\u0629 \\u060c \\u0648\\u064a\\u062c\\u0628 \\u0623\\u0646 \\u0623\\u0634\\u0631\\u062d \\u0644\\u0643 \\u0643\\u064a\\u0641 \\u0648\\u0644\\u062f\\u062a \\u0643\\u0644 \\u0647\\u0630\\u0647 \\u0627\\u0644\\u0641\\u0643\\u0631\\u0629 \\u0627\\u0644\\u062e\\u0627\\u0637\\u0626\\u0629 \\u0627\\u0644\\u0645\\u062a\\u0645\\u062b\\u0644\\u0629 \\u0641\\u064a \\u0625\\u062f\\u0627\\u0646\\u0629 \\u0627\\u0644\\u0645\\u062a\\u0639\\u0629 \\u0648\\u0645\\u062f\\u062d \\u0627\\u0644\\u0623\\u0644\\u0645 \\u060c \\u0648\\u0633\\u0623\\u0642\\u062f\\u0645 \\u0644\\u0643 \\u0648\\u0635\\u0641\\u064b\\u0627 \\u0643\\u0627\\u0645\\u0644\\u0627\\u064b \\u0644\\u0644\\u0646\\u0638\\u0627\\u0645 \\u060c \\u0648\\u0623\\u0634\\u0631\\u062d \\u0644\\u0643 \\u062d\\u0642\\u064a\\u0642\\u0629 \\u0627\\u0644\\u0623\\u0645\\u0631. \\u064a\\u062c\\u0628 \\u0623\\u0646 \\u0623\\u0634\\u0631\\u062d \\u0644\\u0643 \\u0643\\u064a\\u0641 \\u0643\\u0644 \\u0647\\u0630\\u0647 \\u0627\\u0644\\u0641\\u0643\\u0631\\u0629 \\u0627\\u0644\\u062e\\u0627\\u0637\\u0626\\u0629 \\u0644\\u0644\\u062a\\u0646\\u062f\\u064a\\u062f \\u0628\\u0627\\u0644\\u0644\\u0630\\u0629 \"}","date":"2024-02-01","time":"11:30 AM","cost":15,"total_ticket":210,"available_ticket":null,"image":"167","organizer":"Nippon group","organizer_email":"betexo@mailinator.com","organizer_phone":"+1 (977) 785-3536","venue_location":"Sylhet","status":1,"created_at":"2022-10-24 13:39:15","updated_at":"2023-04-11 12:04:16"},{"id":12,"category_id":2,"title":"{\"en\":\"Blood donation for flood victim\",\"en_US\":\"Denouncing pleen_USure and praising pain wen_US azbrn\",\"azb\":\" \\u0628\\u0639\\u0642 \\u0644\\u0644\\u062a\\u0646\\u062f\\u064a\\u062f \\u0628\\u0627\\u0644\\u0644\\u0630\\u0629\"}","slug":"denouncing-pleasure-and-praising-pain-was-born-2","content":"{\"en_US\":\"We azbe very much greatful to you for your donation. Your little effort help us to change big community life I must explain to you how all this mistaken idea of denouncing pleen_USure and praising pain wen_US azbrn and I will give you a complete account of the system, and expound the actual teachings of the great explorer of the truth, the men_USter-builder of human happiness. No one rejects, dislikes, or avoids pleen_USure itself, beazbuse it is pleen_USure, but beazbuse those who do not know how to pursue pleen_USure rationally We azbe very much greatful to you for your donation. Your little effort help us to change big community life I must explain to you how all this mistaken idea of denouncing pleen_USure and praising pain wen_US azbrn and I will give you a complete account of the system, and expound the actual . I must explain to you how all this mistaken idea of denouncing pleen_USure . We azbe very much greatful to you for your donation. Your little effort help us to change big community life I must explain to you how all this mistaken idea of denouncing pleen_USure and praising pain wen_US azbrn and I will give you a complete account of the system, and expound the actual . I must explain to you how all this mistaken idea of denouncing pleen_USure . We azbe very much greatful to you for your donation. Your little effort help us to change big community life I must explain to you how all this mistaken idea of denouncing pleen_USure and praising pain wen_US azbrn and I will give you a complete account of the system, and expound the actual . I must explain to you how all this mistaken idea of denouncing pleen_USure . We azbe very much greatful to you for your donation. Your little effort help us to change big community life I must explain to you how all this mistaken idea of denouncing pleen_USure and praising pain wen_US azbrn and I will give you a complete account of the system, and expound the actual . I must explain to you how all this mistaken idea of denouncing pleen_USure\",\"azb\":\"\\u0646\\u062d\\u0646 \\u0645\\u0645\\u062a\\u0646\\u0648\\u0646 \\u062c\\u062f\\u064b\\u0627 \\u0644\\u0643 \\u0639\\u0644\\u0649 \\u062a\\u0628\\u0631\\u0639\\u0643. \\u064a\\u0633\\u0627\\u0639\\u062f\\u0646\\u0627 \\u0645\\u062c\\u0647\\u0648\\u062f\\u0643 \\u0627\\u0644\\u0635\\u063a\\u064a\\u0631 \\u0641\\u064a \\u062a\\u063a\\u064a\\u064a\\u0631 \\u0627\\u0644\\u062d\\u064a\\u0627\\u0629 \\u0627\\u0644\\u0645\\u062c\\u062a\\u0645\\u0639\\u064a\\u0629 \\u0627\\u0644\\u0643\\u0628\\u064a\\u0631\\u0629 \\u060c \\u0648\\u064a\\u062c\\u0628 \\u0623\\u0646 \\u0623\\u0634\\u0631\\u062d \\u0644\\u0643 \\u0643\\u064a\\u0641 \\u0648\\u0644\\u062f\\u062a \\u0643\\u0644 \\u0647\\u0630\\u0647 \\u0627\\u0644\\u0641\\u0643\\u0631\\u0629 \\u0627\\u0644\\u062e\\u0627\\u0637\\u0626\\u0629 \\u0627\\u0644\\u0645\\u062a\\u0645\\u062b\\u0644\\u0629 \\u0641\\u064a \\u0625\\u062f\\u0627\\u0646\\u0629 \\u0627\\u0644\\u0645\\u062a\\u0639\\u0629 \\u0648\\u0645\\u062f\\u062d \\u0627\\u0644\\u0623\\u0644\\u0645 \\u060c \\u0648\\u0633\\u0623\\u0642\\u062f\\u0645 \\u0644\\u0643 \\u0648\\u0635\\u0641\\u064b\\u0627 \\u0643\\u0627\\u0645\\u0644\\u0627\\u064b \\u0644\\u0644\\u0646\\u0638\\u0627\\u0645 \\u060c \\u0648\\u0623\\u0634\\u0631\\u062d \\u0627\\u0644\\u062a\\u0639\\u0627\\u0644\\u064a\\u0645 \\u0627\\u0644\\u0641\\u0639\\u0644\\u064a\\u0629 \\u0644\\u0644\\u0645\\u0633\\u062a\\u0643\\u0634\\u0641 \\u0627\\u0644\\u0639\\u0638\\u064a\\u0645. \\u0627\\u0644\\u062d\\u0642\\u064a\\u0642\\u0629 \\u060c \\u0635\\u0627\\u0646\\u0639 \\u0627\\u0644\\u0633\\u0639\\u0627\\u062f\\u0629 \\u0627\\u0644\\u0628\\u0634\\u0631\\u064a\\u0629. \\u0644\\u0627 \\u0623\\u062d\\u062f \\u064a\\u0631\\u0641\\u0636 \\u0623\\u0648 \\u064a\\u0643\\u0631\\u0647 \\u0623\\u0648 \\u064a\\u062a\\u062c\\u0646\\u0628 \\u0627\\u0644\\u0645\\u062a\\u0639\\u0629 \\u0646\\u0641\\u0633\\u0647\\u0627 \\u060c \\u0644\\u0623\\u0646\\u0647\\u0627 \\u0645\\u062a\\u0639\\u0629 \\u060c \\u0648\\u0644\\u0643\\u0646 \\u0644\\u0623\\u0646 \\u0623\\u0648\\u0644\\u0626\\u0643 \\u0627\\u0644\\u0630\\u064a\\u0646 \\u0644\\u0627 \\u064a\\u0639\\u0631\\u0641\\u0648\\u0646 \\u0643\\u064a\\u0641 \\u064a\\u0633\\u0639\\u0648\\u0646 \\u0648\\u0631\\u0627\\u0621 \\u0627\\u0644\\u0645\\u062a\\u0639\\u0629 \\u0628\\u0639\\u0642\\u0644\\u0627\\u0646\\u064a\\u0629 \\u0646\\u062d\\u0646 \\u0645\\u0645\\u062a\\u0646\\u0648\\u0646 \\u062c\\u062f\\u064b\\u0627 \\u0644\\u0643 \\u0639\\u0644\\u0649 \\u062a\\u0628\\u0631\\u0639\\u0643. \\u064a\\u0633\\u0627\\u0639\\u062f\\u0646\\u0627 \\u0645\\u062c\\u0647\\u0648\\u062f\\u0643 \\u0627\\u0644\\u0635\\u063a\\u064a\\u0631 \\u0641\\u064a \\u062a\\u063a\\u064a\\u064a\\u0631 \\u0627\\u0644\\u062d\\u064a\\u0627\\u0629 \\u0627\\u0644\\u0645\\u062c\\u062a\\u0645\\u0639\\u064a\\u0629 \\u0627\\u0644\\u0643\\u0628\\u064a\\u0631\\u0629 \\u060c \\u0648\\u064a\\u062c\\u0628 \\u0623\\u0646 \\u0623\\u0634\\u0631\\u062d \\u0644\\u0643 \\u0643\\u064a\\u0641 \\u0648\\u0644\\u062f\\u062a \\u0643\\u0644 \\u0647\\u0630\\u0647 \\u0627\\u0644\\u0641\\u0643\\u0631\\u0629 \\u0627\\u0644\\u062e\\u0627\\u0637\\u0626\\u0629 \\u0627\\u0644\\u0645\\u062a\\u0645\\u062b\\u0644\\u0629 \\u0641\\u064a \\u0625\\u062f\\u0627\\u0646\\u0629 \\u0627\\u0644\\u0645\\u062a\\u0639\\u0629 \\u0648\\u0645\\u062f\\u062d \\u0627\\u0644\\u0623\\u0644\\u0645 \\u060c \\u0648\\u0633\\u0623\\u0642\\u062f\\u0645 \\u0644\\u0643 \\u0648\\u0635\\u0641\\u064b\\u0627 \\u0643\\u0627\\u0645\\u0644\\u0627\\u064b \\u0644\\u0644\\u0646\\u0638\\u0627\\u0645 \\u060c \\u0648\\u0623\\u0634\\u0631\\u062d \\u0644\\u0643 \\u062d\\u0642\\u064a\\u0642\\u0629 \\u0627\\u0644\\u0623\\u0645\\u0631. \\u064a\\u062c\\u0628 \\u0623\\u0646 \\u0623\\u0634\\u0631\\u062d \\u0644\\u0643 \\u0643\\u064a\\u0641 \\u0643\\u0644 \\u0647\\u0630\\u0647 \\u0627\\u0644\\u0641\\u0643\\u0631\\u0629 \\u0627\\u0644\\u062e\\u0627\\u0637\\u0626\\u0629 \\u0644\\u0644\\u062a\\u0646\\u062f\\u064a\\u062f \\u0628\\u0627\\u0644\\u0644\\u0630\\u0629. \\u0646\\u062d\\u0646 \\u0645\\u0645\\u062a\\u0646\\u0648\\u0646 \\u062c\\u062f\\u064b\\u0627 \\u0644\\u0643 \\u0639\\u0644\\u0649 \\u062a\\u0628\\u0631\\u0639\\u0643. \\u064a\\u0633\\u0627\\u0639\\u062f\\u0646\\u0627 \\u0645\\u062c\\u0647\\u0648\\u062f\\u0643 \\u0627\\u0644\\u0635\\u063a\\u064a\\u0631 \\u0641\\u064a \\u062a\\u063a\\u064a\\u064a\\u0631 \\u0627\\u0644\\u062d\\u064a\\u0627\\u0629 \\u0627\\u0644\\u0645\\u062c\\u062a\\u0645\\u0639\\u064a\\u0629 \\u0627\\u0644\\u0643\\u0628\\u064a\\u0631\\u0629 \\u060c \\u0648\\u064a\\u062c\\u0628 \\u0623\\u0646 \\u0623\\u0634\\u0631\\u062d \\u0644\\u0643 \\u0643\\u064a\\u0641 \\u0648\\u0644\\u062f\\u062a \\u0643\\u0644 \\u0647\\u0630\\u0647 \\u0627\\u0644\\u0641\\u0643\\u0631\\u0629 \\u0627\\u0644\\u062e\\u0627\\u0637\\u0626\\u0629 \\u0627\\u0644\\u0645\\u062a\\u0645\\u062b\\u0644\\u0629 \\u0641\\u064a \\u0625\\u062f\\u0627\\u0646\\u0629 \\u0627\\u0644\\u0645\\u062a\\u0639\\u0629 \\u0648\\u0645\\u062f\\u062d \\u0627\\u0644\\u0623\\u0644\\u0645 \\u060c \\u0648\\u0633\\u0623\\u0642\\u062f\\u0645 \\u0644\\u0643 \\u0648\\u0635\\u0641\\u064b\\u0627 \\u0643\\u0627\\u0645\\u0644\\u0627\\u064b \\u0644\\u0644\\u0646\\u0638\\u0627\\u0645 \\u060c \\u0648\\u0623\\u0634\\u0631\\u062d \\u0644\\u0643 \\u062d\\u0642\\u064a\\u0642\\u0629 \\u0627\\u0644\\u0623\\u0645\\u0631. \\u064a\\u062c\\u0628 \\u0623\\u0646 \\u0623\\u0634\\u0631\\u062d \\u0644\\u0643 \\u0643\\u064a\\u0641 \\u0643\\u0644 \\u0647\\u0630\\u0647 \\u0627\\u0644\\u0641\\u0643\\u0631\\u0629 \\u0627\\u0644\\u062e\\u0627\\u0637\\u0626\\u0629 \\u0644\\u0644\\u062a\\u0646\\u062f\\u064a\\u062f \\u0628\\u0627\\u0644\\u0644\\u0630\\u0629. \\u0646\\u062d\\u0646 \\u0645\\u0645\\u062a\\u0646\\u0648\\u0646 \\u062c\\u062f\\u064b\\u0627 \\u0644\\u0643 \\u0639\\u0644\\u0649 \\u062a\\u0628\\u0631\\u0639\\u0643. \\u064a\\u0633\\u0627\\u0639\\u062f\\u0646\\u0627 \\u0645\\u062c\\u0647\\u0648\\u062f\\u0643 \\u0627\\u0644\\u0635\\u063a\\u064a\\u0631 \\u0641\\u064a \\u062a\\u063a\\u064a\\u064a\\u0631 \\u0627\\u0644\\u062d\\u064a\\u0627\\u0629 \\u0627\\u0644\\u0645\\u062c\\u062a\\u0645\\u0639\\u064a\\u0629 \\u0627\\u0644\\u0643\\u0628\\u064a\\u0631\\u0629 \\u060c \\u0648\\u064a\\u062c\\u0628 \\u0623\\u0646 \\u0623\\u0634\\u0631\\u062d \\u0644\\u0643 \\u0643\\u064a\\u0641 \\u0648\\u0644\\u062f\\u062a \\u0643\\u0644 \\u0647\\u0630\\u0647 \\u0627\\u0644\\u0641\\u0643\\u0631\\u0629 \\u0627\\u0644\\u062e\\u0627\\u0637\\u0626\\u0629 \\u0627\\u0644\\u0645\\u062a\\u0645\\u062b\\u0644\\u0629 \\u0641\\u064a \\u0625\\u062f\\u0627\\u0646\\u0629 \\u0627\\u0644\\u0645\\u062a\\u0639\\u0629 \\u0648\\u0645\\u062f\\u062d \\u0627\\u0644\\u0623\\u0644\\u0645 \\u060c \\u0648\\u0633\\u0623\\u0642\\u062f\\u0645 \\u0644\\u0643 \\u0648\\u0635\\u0641\\u064b\\u0627 \\u0643\\u0627\\u0645\\u0644\\u0627\\u064b \\u0644\\u0644\\u0646\\u0638\\u0627\\u0645 \\u060c \\u0648\\u0623\\u0634\\u0631\\u062d \\u0644\\u0643 \\u062d\\u0642\\u064a\\u0642\\u0629 \\u0627\\u0644\\u0623\\u0645\\u0631. \\u064a\\u062c\\u0628 \\u0623\\u0646 \\u0623\\u0634\\u0631\\u062d \\u0644\\u0643 \\u0643\\u064a\\u0641 \\u0643\\u0644 \\u0647\\u0630\\u0647 \\u0627\\u0644\\u0641\\u0643\\u0631\\u0629 \\u0627\\u0644\\u062e\\u0627\\u0637\\u0626\\u0629 \\u0644\\u0644\\u062a\\u0646\\u062f\\u064a\\u062f \\u0628\\u0627\\u0644\\u0644\\u0630\\u0629. \\u0646\\u062d\\u0646 \\u0645\\u0645\\u062a\\u0646\\u0648\\u0646 \\u062c\\u062f\\u064b\\u0627 \\u0644\\u0643 \\u0639\\u0644\\u0649 \\u062a\\u0628\\u0631\\u0639\\u0643. \\u064a\\u0633\\u0627\\u0639\\u062f\\u0646\\u0627 \\u0645\\u062c\\u0647\\u0648\\u062f\\u0643 \\u0627\\u0644\\u0635\\u063a\\u064a\\u0631 \\u0641\\u064a \\u062a\\u063a\\u064a\\u064a\\u0631 \\u0627\\u0644\\u062d\\u064a\\u0627\\u0629 \\u0627\\u0644\\u0645\\u062c\\u062a\\u0645\\u0639\\u064a\\u0629 \\u0627\\u0644\\u0643\\u0628\\u064a\\u0631\\u0629 \\u060c \\u0648\\u064a\\u062c\\u0628 \\u0623\\u0646 \\u0623\\u0634\\u0631\\u062d \\u0644\\u0643 \\u0643\\u064a\\u0641 \\u0648\\u0644\\u062f\\u062a \\u0643\\u0644 \\u0647\\u0630\\u0647 \\u0627\\u0644\\u0641\\u0643\\u0631\\u0629 \\u0627\\u0644\\u062e\\u0627\\u0637\\u0626\\u0629 \\u0627\\u0644\\u0645\\u062a\\u0645\\u062b\\u0644\\u0629 \\u0641\\u064a \\u0625\\u062f\\u0627\\u0646\\u0629 \\u0627\\u0644\\u0645\\u062a\\u0639\\u0629 \\u0648\\u0645\\u062f\\u062d \\u0627\\u0644\\u0623\\u0644\\u0645 \\u060c \\u0648\\u0633\\u0623\\u0642\\u062f\\u0645 \\u0644\\u0643 \\u0648\\u0635\\u0641\\u064b\\u0627 \\u0643\\u0627\\u0645\\u0644\\u0627\\u064b \\u0644\\u0644\\u0646\\u0638\\u0627\\u0645 \\u060c \\u0648\\u0623\\u0634\\u0631\\u062d \\u0644\\u0643 \\u062d\\u0642\\u064a\\u0642\\u0629 \\u0627\\u0644\\u0623\\u0645\\u0631. \\u064a\\u062c\\u0628 \\u0623\\u0646 \\u0623\\u0634\\u0631\\u062d \\u0644\\u0643 \\u0643\\u064a\\u0641 \\u0643\\u0644 \\u0647\\u0630\\u0647 \\u0627\\u0644\\u0641\\u0643\\u0631\\u0629 \\u0627\\u0644\\u062e\\u0627\\u0637\\u0626\\u0629 \\u0644\\u0644\\u062a\\u0646\\u062f\\u064a\\u062f \\u0628\\u0627\\u0644\\u0644\\u0630\\u0629 \"}","date":"2023-09-21","time":"09:30 AM","cost":50,"total_ticket":57,"available_ticket":null,"image":"163","organizer":"Nippon group","organizer_email":"betexo@mailinator.com","organizer_phone":"+1 (977) 785-3536","venue_location":"Sylhet","status":1,"created_at":"2022-10-24 13:40:05","updated_at":"2023-04-11 12:04:16"},{"id":13,"category_id":2,"title":"{\"en\":\"Blood donation for flood victim\",\"en_US\":\"Praising pain wen_US azbrn and I will give you a complete\",\"azb\":\" \\u0628\\u0639\\u0642 \\u0644\\u0644\\u062a\\u0646\\u062f\\u064a\\u062f \\u0628\\u0627\\u0644\\u0644\\u0630\\u0629\"}","slug":"praising-pain-was-born-and-i-will-give-you-a-complete-2","content":"{\"en_US\":\"We azbe very much greatful to you for your donation. Your little effort help us to change big community life I must explain to you how all this mistaken idea of denouncing pleen_USure and praising pain wen_US azbrn and I will give you a complete account of the system, and expound the actual teachings of the great explorer of the truth, the men_USter-builder of human happiness. No one rejects, dislikes, or avoids pleen_USure itself, beazbuse it is pleen_USure, but beazbuse those who do not know how to pursue pleen_USure rationally We azbe very much greatful to you for your donation. Your little effort help us to change big community life I must explain to you how all this mistaken idea of denouncing pleen_USure and praising pain wen_US azbrn and I will give you a complete account of the system, and expound the actual . I must explain to you how all this mistaken idea of denouncing pleen_USure . We azbe very much greatful to you for your donation. Your little effort help us to change big community life I must explain to you how all this mistaken idea of denouncing pleen_USure and praising pain wen_US azbrn and I will give you a complete account of the system, and expound the actual . I must explain to you how all this mistaken idea of denouncing pleen_USure . We azbe very much greatful to you for your donation. Your little effort help us to change big community life I must explain to you how all this mistaken idea of denouncing pleen_USure and praising pain wen_US azbrn and I will give you a complete account of the system, and expound the actual . I must explain to you how all this mistaken idea of denouncing pleen_USure . We azbe very much greatful to you for your donation. Your little effort help us to change big community life I must explain to you how all this mistaken idea of denouncing pleen_USure and praising pain wen_US azbrn and I will give you a complete account of the system, and expound the actual . I must explain to you how all this mistaken idea of denouncing pleen_USure\",\"azb\":\"\\u0646\\u062d\\u0646 \\u0645\\u0645\\u062a\\u0646\\u0648\\u0646 \\u062c\\u062f\\u064b\\u0627 \\u0644\\u0643 \\u0639\\u0644\\u0649 \\u062a\\u0628\\u0631\\u0639\\u0643. \\u064a\\u0633\\u0627\\u0639\\u062f\\u0646\\u0627 \\u0645\\u062c\\u0647\\u0648\\u062f\\u0643 \\u0627\\u0644\\u0635\\u063a\\u064a\\u0631 \\u0641\\u064a \\u062a\\u063a\\u064a\\u064a\\u0631 \\u0627\\u0644\\u062d\\u064a\\u0627\\u0629 \\u0627\\u0644\\u0645\\u062c\\u062a\\u0645\\u0639\\u064a\\u0629 \\u0627\\u0644\\u0643\\u0628\\u064a\\u0631\\u0629 \\u060c \\u0648\\u064a\\u062c\\u0628 \\u0623\\u0646 \\u0623\\u0634\\u0631\\u062d \\u0644\\u0643 \\u0643\\u064a\\u0641 \\u0648\\u0644\\u062f\\u062a \\u0643\\u0644 \\u0647\\u0630\\u0647 \\u0627\\u0644\\u0641\\u0643\\u0631\\u0629 \\u0627\\u0644\\u062e\\u0627\\u0637\\u0626\\u0629 \\u0627\\u0644\\u0645\\u062a\\u0645\\u062b\\u0644\\u0629 \\u0641\\u064a \\u0625\\u062f\\u0627\\u0646\\u0629 \\u0627\\u0644\\u0645\\u062a\\u0639\\u0629 \\u0648\\u0645\\u062f\\u062d \\u0627\\u0644\\u0623\\u0644\\u0645 \\u060c \\u0648\\u0633\\u0623\\u0642\\u062f\\u0645 \\u0644\\u0643 \\u0648\\u0635\\u0641\\u064b\\u0627 \\u0643\\u0627\\u0645\\u0644\\u0627\\u064b \\u0644\\u0644\\u0646\\u0638\\u0627\\u0645 \\u060c \\u0648\\u0623\\u0634\\u0631\\u062d \\u0627\\u0644\\u062a\\u0639\\u0627\\u0644\\u064a\\u0645 \\u0627\\u0644\\u0641\\u0639\\u0644\\u064a\\u0629 \\u0644\\u0644\\u0645\\u0633\\u062a\\u0643\\u0634\\u0641 \\u0627\\u0644\\u0639\\u0638\\u064a\\u0645. \\u0627\\u0644\\u062d\\u0642\\u064a\\u0642\\u0629 \\u060c \\u0635\\u0627\\u0646\\u0639 \\u0627\\u0644\\u0633\\u0639\\u0627\\u062f\\u0629 \\u0627\\u0644\\u0628\\u0634\\u0631\\u064a\\u0629. \\u0644\\u0627 \\u0623\\u062d\\u062f \\u064a\\u0631\\u0641\\u0636 \\u0623\\u0648 \\u064a\\u0643\\u0631\\u0647 \\u0623\\u0648 \\u064a\\u062a\\u062c\\u0646\\u0628 \\u0627\\u0644\\u0645\\u062a\\u0639\\u0629 \\u0646\\u0641\\u0633\\u0647\\u0627 \\u060c \\u0644\\u0623\\u0646\\u0647\\u0627 \\u0645\\u062a\\u0639\\u0629 \\u060c \\u0648\\u0644\\u0643\\u0646 \\u0644\\u0623\\u0646 \\u0623\\u0648\\u0644\\u0626\\u0643 \\u0627\\u0644\\u0630\\u064a\\u0646 \\u0644\\u0627 \\u064a\\u0639\\u0631\\u0641\\u0648\\u0646 \\u0643\\u064a\\u0641 \\u064a\\u0633\\u0639\\u0648\\u0646 \\u0648\\u0631\\u0627\\u0621 \\u0627\\u0644\\u0645\\u062a\\u0639\\u0629 \\u0628\\u0639\\u0642\\u0644\\u0627\\u0646\\u064a\\u0629 \\u0646\\u062d\\u0646 \\u0645\\u0645\\u062a\\u0646\\u0648\\u0646 \\u062c\\u062f\\u064b\\u0627 \\u0644\\u0643 \\u0639\\u0644\\u0649 \\u062a\\u0628\\u0631\\u0639\\u0643. \\u064a\\u0633\\u0627\\u0639\\u062f\\u0646\\u0627 \\u0645\\u062c\\u0647\\u0648\\u062f\\u0643 \\u0627\\u0644\\u0635\\u063a\\u064a\\u0631 \\u0641\\u064a \\u062a\\u063a\\u064a\\u064a\\u0631 \\u0627\\u0644\\u062d\\u064a\\u0627\\u0629 \\u0627\\u0644\\u0645\\u062c\\u062a\\u0645\\u0639\\u064a\\u0629 \\u0627\\u0644\\u0643\\u0628\\u064a\\u0631\\u0629 \\u060c \\u0648\\u064a\\u062c\\u0628 \\u0623\\u0646 \\u0623\\u0634\\u0631\\u062d \\u0644\\u0643 \\u0643\\u064a\\u0641 \\u0648\\u0644\\u062f\\u062a \\u0643\\u0644 \\u0647\\u0630\\u0647 \\u0627\\u0644\\u0641\\u0643\\u0631\\u0629 \\u0627\\u0644\\u062e\\u0627\\u0637\\u0626\\u0629 \\u0627\\u0644\\u0645\\u062a\\u0645\\u062b\\u0644\\u0629 \\u0641\\u064a \\u0625\\u062f\\u0627\\u0646\\u0629 \\u0627\\u0644\\u0645\\u062a\\u0639\\u0629 \\u0648\\u0645\\u062f\\u062d \\u0627\\u0644\\u0623\\u0644\\u0645 \\u060c \\u0648\\u0633\\u0623\\u0642\\u062f\\u0645 \\u0644\\u0643 \\u0648\\u0635\\u0641\\u064b\\u0627 \\u0643\\u0627\\u0645\\u0644\\u0627\\u064b \\u0644\\u0644\\u0646\\u0638\\u0627\\u0645 \\u060c \\u0648\\u0623\\u0634\\u0631\\u062d \\u0644\\u0643 \\u062d\\u0642\\u064a\\u0642\\u0629 \\u0627\\u0644\\u0623\\u0645\\u0631. \\u064a\\u062c\\u0628 \\u0623\\u0646 \\u0623\\u0634\\u0631\\u062d \\u0644\\u0643 \\u0643\\u064a\\u0641 \\u0643\\u0644 \\u0647\\u0630\\u0647 \\u0627\\u0644\\u0641\\u0643\\u0631\\u0629 \\u0627\\u0644\\u062e\\u0627\\u0637\\u0626\\u0629 \\u0644\\u0644\\u062a\\u0646\\u062f\\u064a\\u062f \\u0628\\u0627\\u0644\\u0644\\u0630\\u0629. \\u0646\\u062d\\u0646 \\u0645\\u0645\\u062a\\u0646\\u0648\\u0646 \\u062c\\u062f\\u064b\\u0627 \\u0644\\u0643 \\u0639\\u0644\\u0649 \\u062a\\u0628\\u0631\\u0639\\u0643. \\u064a\\u0633\\u0627\\u0639\\u062f\\u0646\\u0627 \\u0645\\u062c\\u0647\\u0648\\u062f\\u0643 \\u0627\\u0644\\u0635\\u063a\\u064a\\u0631 \\u0641\\u064a \\u062a\\u063a\\u064a\\u064a\\u0631 \\u0627\\u0644\\u062d\\u064a\\u0627\\u0629 \\u0627\\u0644\\u0645\\u062c\\u062a\\u0645\\u0639\\u064a\\u0629 \\u0627\\u0644\\u0643\\u0628\\u064a\\u0631\\u0629 \\u060c \\u0648\\u064a\\u062c\\u0628 \\u0623\\u0646 \\u0623\\u0634\\u0631\\u062d \\u0644\\u0643 \\u0643\\u064a\\u0641 \\u0648\\u0644\\u062f\\u062a \\u0643\\u0644 \\u0647\\u0630\\u0647 \\u0627\\u0644\\u0641\\u0643\\u0631\\u0629 \\u0627\\u0644\\u062e\\u0627\\u0637\\u0626\\u0629 \\u0627\\u0644\\u0645\\u062a\\u0645\\u062b\\u0644\\u0629 \\u0641\\u064a \\u0625\\u062f\\u0627\\u0646\\u0629 \\u0627\\u0644\\u0645\\u062a\\u0639\\u0629 \\u0648\\u0645\\u062f\\u062d \\u0627\\u0644\\u0623\\u0644\\u0645 \\u060c \\u0648\\u0633\\u0623\\u0642\\u062f\\u0645 \\u0644\\u0643 \\u0648\\u0635\\u0641\\u064b\\u0627 \\u0643\\u0627\\u0645\\u0644\\u0627\\u064b \\u0644\\u0644\\u0646\\u0638\\u0627\\u0645 \\u060c \\u0648\\u0623\\u0634\\u0631\\u062d \\u0644\\u0643 \\u062d\\u0642\\u064a\\u0642\\u0629 \\u0627\\u0644\\u0623\\u0645\\u0631. \\u064a\\u062c\\u0628 \\u0623\\u0646 \\u0623\\u0634\\u0631\\u062d \\u0644\\u0643 \\u0643\\u064a\\u0641 \\u0643\\u0644 \\u0647\\u0630\\u0647 \\u0627\\u0644\\u0641\\u0643\\u0631\\u0629 \\u0627\\u0644\\u062e\\u0627\\u0637\\u0626\\u0629 \\u0644\\u0644\\u062a\\u0646\\u062f\\u064a\\u062f \\u0628\\u0627\\u0644\\u0644\\u0630\\u0629. \\u0646\\u062d\\u0646 \\u0645\\u0645\\u062a\\u0646\\u0648\\u0646 \\u062c\\u062f\\u064b\\u0627 \\u0644\\u0643 \\u0639\\u0644\\u0649 \\u062a\\u0628\\u0631\\u0639\\u0643. \\u064a\\u0633\\u0627\\u0639\\u062f\\u0646\\u0627 \\u0645\\u062c\\u0647\\u0648\\u062f\\u0643 \\u0627\\u0644\\u0635\\u063a\\u064a\\u0631 \\u0641\\u064a \\u062a\\u063a\\u064a\\u064a\\u0631 \\u0627\\u0644\\u062d\\u064a\\u0627\\u0629 \\u0627\\u0644\\u0645\\u062c\\u062a\\u0645\\u0639\\u064a\\u0629 \\u0627\\u0644\\u0643\\u0628\\u064a\\u0631\\u0629 \\u060c \\u0648\\u064a\\u062c\\u0628 \\u0623\\u0646 \\u0623\\u0634\\u0631\\u062d \\u0644\\u0643 \\u0643\\u064a\\u0641 \\u0648\\u0644\\u062f\\u062a \\u0643\\u0644 \\u0647\\u0630\\u0647 \\u0627\\u0644\\u0641\\u0643\\u0631\\u0629 \\u0627\\u0644\\u062e\\u0627\\u0637\\u0626\\u0629 \\u0627\\u0644\\u0645\\u062a\\u0645\\u062b\\u0644\\u0629 \\u0641\\u064a \\u0625\\u062f\\u0627\\u0646\\u0629 \\u0627\\u0644\\u0645\\u062a\\u0639\\u0629 \\u0648\\u0645\\u062f\\u062d \\u0627\\u0644\\u0623\\u0644\\u0645 \\u060c \\u0648\\u0633\\u0623\\u0642\\u062f\\u0645 \\u0644\\u0643 \\u0648\\u0635\\u0641\\u064b\\u0627 \\u0643\\u0627\\u0645\\u0644\\u0627\\u064b \\u0644\\u0644\\u0646\\u0638\\u0627\\u0645 \\u060c \\u0648\\u0623\\u0634\\u0631\\u062d \\u0644\\u0643 \\u062d\\u0642\\u064a\\u0642\\u0629 \\u0627\\u0644\\u0623\\u0645\\u0631. \\u064a\\u062c\\u0628 \\u0623\\u0646 \\u0623\\u0634\\u0631\\u062d \\u0644\\u0643 \\u0643\\u064a\\u0641 \\u0643\\u0644 \\u0647\\u0630\\u0647 \\u0627\\u0644\\u0641\\u0643\\u0631\\u0629 \\u0627\\u0644\\u062e\\u0627\\u0637\\u0626\\u0629 \\u0644\\u0644\\u062a\\u0646\\u062f\\u064a\\u062f \\u0628\\u0627\\u0644\\u0644\\u0630\\u0629. \\u0646\\u062d\\u0646 \\u0645\\u0645\\u062a\\u0646\\u0648\\u0646 \\u062c\\u062f\\u064b\\u0627 \\u0644\\u0643 \\u0639\\u0644\\u0649 \\u062a\\u0628\\u0631\\u0639\\u0643. \\u064a\\u0633\\u0627\\u0639\\u062f\\u0646\\u0627 \\u0645\\u062c\\u0647\\u0648\\u062f\\u0643 \\u0627\\u0644\\u0635\\u063a\\u064a\\u0631 \\u0641\\u064a \\u062a\\u063a\\u064a\\u064a\\u0631 \\u0627\\u0644\\u062d\\u064a\\u0627\\u0629 \\u0627\\u0644\\u0645\\u062c\\u062a\\u0645\\u0639\\u064a\\u0629 \\u0627\\u0644\\u0643\\u0628\\u064a\\u0631\\u0629 \\u060c \\u0648\\u064a\\u062c\\u0628 \\u0623\\u0646 \\u0623\\u0634\\u0631\\u062d \\u0644\\u0643 \\u0643\\u064a\\u0641 \\u0648\\u0644\\u062f\\u062a \\u0643\\u0644 \\u0647\\u0630\\u0647 \\u0627\\u0644\\u0641\\u0643\\u0631\\u0629 \\u0627\\u0644\\u062e\\u0627\\u0637\\u0626\\u0629 \\u0627\\u0644\\u0645\\u062a\\u0645\\u062b\\u0644\\u0629 \\u0641\\u064a \\u0625\\u062f\\u0627\\u0646\\u0629 \\u0627\\u0644\\u0645\\u062a\\u0639\\u0629 \\u0648\\u0645\\u062f\\u062d \\u0627\\u0644\\u0623\\u0644\\u0645 \\u060c \\u0648\\u0633\\u0623\\u0642\\u062f\\u0645 \\u0644\\u0643 \\u0648\\u0635\\u0641\\u064b\\u0627 \\u0643\\u0627\\u0645\\u0644\\u0627\\u064b \\u0644\\u0644\\u0646\\u0638\\u0627\\u0645 \\u060c \\u0648\\u0623\\u0634\\u0631\\u062d \\u0644\\u0643 \\u062d\\u0642\\u064a\\u0642\\u0629 \\u0627\\u0644\\u0623\\u0645\\u0631. \\u064a\\u062c\\u0628 \\u0623\\u0646 \\u0623\\u0634\\u0631\\u062d \\u0644\\u0643 \\u0643\\u064a\\u0641 \\u0643\\u0644 \\u0647\\u0630\\u0647 \\u0627\\u0644\\u0641\\u0643\\u0631\\u0629 \\u0627\\u0644\\u062e\\u0627\\u0637\\u0626\\u0629 \\u0644\\u0644\\u062a\\u0646\\u062f\\u064a\\u062f \\u0628\\u0627\\u0644\\u0644\\u0630\\u0629 \"}","date":"2023-06-21","time":"11:00 AM","cost":50,"total_ticket":57,"available_ticket":null,"image":"172","organizer":"Nippon group","organizer_email":"betexo@mailinator.com","organizer_phone":"+1 (977) 785-3536","venue_location":"Khulna","status":1,"created_at":"2022-10-25 04:08:30","updated_at":"2023-04-11 12:04:16"}]}